To honour the JVM settings for this build a single-use Daemon process will be forked. For more on this, please refer to https://docs.gradle.org/8.13/userguide/gradle_daemon.html#sec:disabling_the_daemon in the Gradle documentation.
Daemon will be stopped at the end of the build 
Configuration on demand is an incubating feature.

> Configure project :app
WARNING: BuildType(clone): resValue 'string/app_name' value is being replaced.

> Task :dragonbones:preBuild UP-TO-DATE
> Task :dragonbones:preReleaseBuild UP-TO-DATE
> Task :app:objectboxPrepareBuild
> Task :dragonbones:configureCMakeRelWithDebInfo[arm64-v8a]
> Task :dragonbones:buildCMakeRelWithDebInfo[arm64-v8a]
> Task :dragonbones:configureCMakeRelWithDebInfo[armeabi-v7a]

> Task :dragonbones:buildCMakeRelWithDebInfo[armeabi-v7a]
C/C++: ninja: Entering directory `/home/user/Doubao/chats/38441059405347074/Operit-1.12.1/avator/dragonbones/.cxx/RelWithDebInfo/4c126p6p/armeabi-v7a'
C/C++: In file included from /home/user/Doubao/chats/38441059405347074/Operit-1.12.1/avator/dragonbones/.cxx/operit_deps/dragonbones_cpp-f696143045e07b7c4c4590bdd95534e9e8074b37-src/DragonBones/src/dragonBones/parser/BinaryDataParser.cpp:1:
C/C++: In file included from /home/user/Doubao/chats/38441059405347074/Operit-1.12.1/avator/dragonbones/.cxx/operit_deps/dragonbones_cpp-f696143045e07b7c4c4590bdd95534e9e8074b37-src/DragonBones/src/dragonBones/parser/BinaryDataParser.h:26:
C/C++: In file included from /home/user/Doubao/chats/38441059405347074/Operit-1.12.1/avator/dragonbones/.cxx/operit_deps/dragonbones_cpp-f696143045e07b7c4c4590bdd95534e9e8074b37-src/DragonBones/src/dragonBones/parser/JSONDataParser.h:5:
C/C++: /home/user/Doubao/chats/38441059405347074/Operit-1.12.1/avator/dragonbones/.cxx/operit_deps/dragonbones_cpp-f696143045e07b7c4c4590bdd95534e9e8074b37-src/3rdParty/rapidjson/document.h:102:19: warning: 'iterator<std::random_access_iterator_tag, rapidjson::GenericMember<rapidjson::UTF8<>, rapidjson::MemoryPoolAllocator<>>>' is deprecated [-Wdeprecated-declarations]
C/C++:   102 |     : public std::iterator<std::random_access_iterator_tag
C/C++:       |                   ^
C/C++: /home/user/Doubao/chats/38441059405347074/Operit-1.12.1/avator/dragonbones/.cxx/operit_deps/dragonbones_cpp-f696143045e07b7c4c4590bdd95534e9e8074b37-src/3rdParty/rapidjson/document.h:548:22: note: in instantiation of template class 'rapidjson::GenericMemberIterator<false, rapidjson::UTF8<>, rapidjson::MemoryPoolAllocator<>>' requested here
C/C++:   548 |     typedef typename GenericMemberIterator<false,Encoding,Allocator>::Iterator MemberIterator;  //!< Member iterator for iterating in object.
C/C++:       |                      ^
C/C++: /home/user/Doubao/chats/38441059405347074/Operit-1.12.1/avator/dragonbones/.cxx/operit_deps/dragonbones_cpp-f696143045e07b7c4c4590bdd95534e9e8074b37-src/DragonBones/src/dragonBones/parser/JSONDataParser.h:28:20: note: in instantiation of template class 'rapidjson::GenericValue<rapidjson::UTF8<>>' requested here
C/C++:    28 |         if (rawData.HasMember(key))
C/C++:       |                    ^
C/C++: /home/user/Android/ndk/27.0.12077973/toolchains/llvm/prebuilt/linux-x86_64/sysroot/usr/include/c++/v1/__iterator/iterator.h:23:29: note: 'iterator<std::random_access_iterator_tag, rapidjson::GenericMember<rapidjson::UTF8<>, rapidjson::MemoryPoolAllocator<>>>' has been explicitly marked deprecated here
C/C++:    23 | struct _LIBCPP_TEMPLATE_VIS _LIBCPP_DEPRECATED_IN_CXX17 iterator {
C/C++:       |                             ^
C/C++: /home/user/Android/ndk/27.0.12077973/toolchains/llvm/prebuilt/linux-x86_64/sysroot/usr/include/c++/v1/__config:942:41: note: expanded from macro '_LIBCPP_DEPRECATED_IN_CXX17'
C/C++:   942 | #    define _LIBCPP_DEPRECATED_IN_CXX17 _LIBCPP_DEPRECATED
C/C++:       |                                         ^
C/C++: /home/user/Android/ndk/27.0.12077973/toolchains/llvm/prebuilt/linux-x86_64/sysroot/usr/include/c++/v1/__config:915:49: note: expanded from macro '_LIBCPP_DEPRECATED'
C/C++:   915 | #      define _LIBCPP_DEPRECATED __attribute__((__deprecated__))
C/C++:       |                                                 ^
C/C++: In file included from /home/user/Doubao/chats/38441059405347074/Operit-1.12.1/avator/dragonbones/.cxx/operit_deps/dragonbones_cpp-f696143045e07b7c4c4590bdd95534e9e8074b37-src/DragonBones/src/dragonBones/parser/BinaryDataParser.cpp:1:
C/C++: In file included from /home/user/Doubao/chats/38441059405347074/Operit-1.12.1/avator/dragonbones/.cxx/operit_deps/dragonbones_cpp-f696143045e07b7c4c4590bdd95534e9e8074b37-src/DragonBones/src/dragonBones/parser/BinaryDataParser.h:26:
C/C++: In file included from /home/user/Doubao/chats/38441059405347074/Operit-1.12.1/avator/dragonbones/.cxx/operit_deps/dragonbones_cpp-f696143045e07b7c4c4590bdd95534e9e8074b37-src/DragonBones/src/dragonBones/parser/JSONDataParser.h:5:
C/C++: /home/user/Doubao/chats/38441059405347074/Operit-1.12.1/avator/dragonbones/.cxx/operit_deps/dragonbones_cpp-f696143045e07b7c4c4590bdd95534e9e8074b37-src/3rdParty/rapidjson/document.h:110:18: warning: 'iterator<std::random_access_iterator_tag, rapidjson::GenericMember<rapidjson::UTF8<>, rapidjson::MemoryPoolAllocator<>>>' is deprecated [-Wdeprecated-declarations]
C/C++:   110 |     typedef std::iterator<std::random_access_iterator_tag,ValueType> BaseType;
C/C++:       |                  ^
C/C++: /home/user/Android/ndk/27.0.12077973/toolchains/llvm/prebuilt/linux-x86_64/sysroot/usr/include/c++/v1/__iterator/iterator.h:23:29: note: 'iterator<std::random_access_iterator_tag, rapidjson::GenericMember<rapidjson::UTF8<>, rapidjson::MemoryPoolAllocator<>>>' has been explicitly marked deprecated here
C/C++:    23 | struct _LIBCPP_TEMPLATE_VIS _LIBCPP_DEPRECATED_IN_CXX17 iterator {
C/C++:       |                             ^
C/C++: /home/user/Android/ndk/27.0.12077973/toolchains/llvm/prebuilt/linux-x86_64/sysroot/usr/include/c++/v1/__config:942:41: note: expanded from macro '_LIBCPP_DEPRECATED_IN_CXX17'
C/C++:   942 | #    define _LIBCPP_DEPRECATED_IN_CXX17 _LIBCPP_DEPRECATED
C/C++:       |                                         ^
C/C++: /home/user/Android/ndk/27.0.12077973/toolchains/llvm/prebuilt/linux-x86_64/sysroot/usr/include/c++/v1/__config:915:49: note: expanded from macro '_LIBCPP_DEPRECATED'
C/C++:   915 | #      define _LIBCPP_DEPRECATED __attribute__((__deprecated__))
C/C++:       |                                                 ^
C/C++: In file included from /home/user/Doubao/chats/38441059405347074/Operit-1.12.1/avator/dragonbones/.cxx/operit_deps/dragonbones_cpp-f696143045e07b7c4c4590bdd95534e9e8074b37-src/DragonBones/src/dragonBones/parser/BinaryDataParser.cpp:1:
C/C++: In file included from /home/user/Doubao/chats/38441059405347074/Operit-1.12.1/avator/dragonbones/.cxx/operit_deps/dragonbones_cpp-f696143045e07b7c4c4590bdd95534e9e8074b37-src/DragonBones/src/dragonBones/parser/BinaryDataParser.h:26:
C/C++: In file included from /home/user/Doubao/chats/38441059405347074/Operit-1.12.1/avator/dragonbones/.cxx/operit_deps/dragonbones_cpp-f696143045e07b7c4c4590bdd95534e9e8074b37-src/DragonBones/src/dragonBones/parser/JSONDataParser.h:5:
C/C++: /home/user/Doubao/chats/38441059405347074/Operit-1.12.1/avator/dragonbones/.cxx/operit_deps/dragonbones_cpp-f696143045e07b7c4c4590bdd95534e9e8074b37-src/3rdParty/rapidjson/document.h:102:19: warning: 'iterator<std::random_access_iterator_tag, const rapidjson::GenericMember<rapidjson::UTF8<>, rapidjson::MemoryPoolAllocator<>>>' is deprecated [-Wdeprecated-declarations]
C/C++:   102 |     : public std::iterator<std::random_access_iterator_tag
C/C++:       |                   ^
C/C++: /home/user/Doubao/chats/38441059405347074/Operit-1.12.1/avator/dragonbones/.cxx/operit_deps/dragonbones_cpp-f696143045e07b7c4c4590bdd95534e9e8074b37-src/3rdParty/rapidjson/document.h:549:22: note: in instantiation of template class 'rapidjson::GenericMemberIterator<true, rapidjson::UTF8<>, rapidjson::MemoryPoolAllocator<>>' requested here
C/C++:   549 |     typedef typename GenericMemberIterator<true,Encoding,Allocator>::Iterator ConstMemberIterator;  //!< Constant member iterator for iterating in object.
C/C++:       |                      ^
C/C++: /home/user/Doubao/chats/38441059405347074/Operit-1.12.1/avator/dragonbones/.cxx/operit_deps/dragonbones_cpp-f696143045e07b7c4c4590bdd95534e9e8074b37-src/DragonBones/src/dragonBones/parser/JSONDataParser.h:28:20: note: in instantiation of template class 'rapidjson::GenericValue<rapidjson::UTF8<>>' requested here
C/C++:    28 |         if (rawData.HasMember(key))
C/C++:       |                    ^
C/C++: /home/user/Android/ndk/27.0.12077973/toolchains/llvm/prebuilt/linux-x86_64/sysroot/usr/include/c++/v1/__iterator/iterator.h:23:29: note: 'iterator<std::random_access_iterator_tag, const rapidjson::GenericMember<rapidjson::UTF8<>, rapidjson::MemoryPoolAllocator<>>>' has been explicitly marked deprecated here
C/C++:    23 | struct _LIBCPP_TEMPLATE_VIS _LIBCPP_DEPRECATED_IN_CXX17 iterator {
C/C++:       |                             ^
C/C++: /home/user/Android/ndk/27.0.12077973/toolchains/llvm/prebuilt/linux-x86_64/sysroot/usr/include/c++/v1/__config:942:41: note: expanded from macro '_LIBCPP_DEPRECATED_IN_CXX17'
C/C++:   942 | #    define _LIBCPP_DEPRECATED_IN_CXX17 _LIBCPP_DEPRECATED
C/C++:       |                                         ^
C/C++: /home/user/Android/ndk/27.0.12077973/toolchains/llvm/prebuilt/linux-x86_64/sysroot/usr/include/c++/v1/__config:915:49: note: expanded from macro '_LIBCPP_DEPRECATED'
C/C++:   915 | #      define _LIBCPP_DEPRECATED __attribute__((__deprecated__))
C/C++:       |                                                 ^
C/C++: In file included from /home/user/Doubao/chats/38441059405347074/Operit-1.12.1/avator/dragonbones/.cxx/operit_deps/dragonbones_cpp-f696143045e07b7c4c4590bdd95534e9e8074b37-src/DragonBones/src/dragonBones/parser/BinaryDataParser.cpp:1:
C/C++: In file included from /home/user/Doubao/chats/38441059405347074/Operit-1.12.1/avator/dragonbones/.cxx/operit_deps/dragonbones_cpp-f696143045e07b7c4c4590bdd95534e9e8074b37-src/DragonBones/src/dragonBones/parser/BinaryDataParser.h:26:
C/C++: In file included from /home/user/Doubao/chats/38441059405347074/Operit-1.12.1/avator/dragonbones/.cxx/operit_deps/dragonbones_cpp-f696143045e07b7c4c4590bdd95534e9e8074b37-src/DragonBones/src/dragonBones/parser/JSONDataParser.h:5:
C/C++: /home/user/Doubao/chats/38441059405347074/Operit-1.12.1/avator/dragonbones/.cxx/operit_deps/dragonbones_cpp-f696143045e07b7c4c4590bdd95534e9e8074b37-src/3rdParty/rapidjson/document.h:110:18: warning: 'iterator<std::random_access_iterator_tag, const rapidjson::GenericMember<rapidjson::UTF8<>, rapidjson::MemoryPoolAllocator<>>>' is deprecated [-Wdeprecated-declarations]
C/C++:   110 |     typedef std::iterator<std::random_access_iterator_tag,ValueType> BaseType;
C/C++:       |                  ^
C/C++: /home/user/Android/ndk/27.0.12077973/toolchains/llvm/prebuilt/linux-x86_64/sysroot/usr/include/c++/v1/__iterator/iterator.h:23:29: note: 'iterator<std::random_access_iterator_tag, const rapidjson::GenericMember<rapidjson::UTF8<>, rapidjson::MemoryPoolAllocator<>>>' has been explicitly marked deprecated here
C/C++:    23 | struct _LIBCPP_TEMPLATE_VIS _LIBCPP_DEPRECATED_IN_CXX17 iterator {
C/C++:       |                             ^
C/C++: /home/user/Android/ndk/27.0.12077973/toolchains/llvm/prebuilt/linux-x86_64/sysroot/usr/include/c++/v1/__config:942:41: note: expanded from macro '_LIBCPP_DEPRECATED_IN_CXX17'
C/C++:   942 | #    define _LIBCPP_DEPRECATED_IN_CXX17 _LIBCPP_DEPRECATED
C/C++:       |                                         ^
C/C++: /home/user/Android/ndk/27.0.12077973/toolchains/llvm/prebuilt/linux-x86_64/sysroot/usr/include/c++/v1/__config:915:49: note: expanded from macro '_LIBCPP_DEPRECATED'
C/C++:   915 | #      define _LIBCPP_DEPRECATED __attribute__((__deprecated__))
C/C++:       |                                                 ^
C/C++: 4 warnings generated.
C/C++: In file included from /home/user/Doubao/chats/38441059405347074/Operit-1.12.1/avator/dragonbones/cpp/opengl/OpenGLSlot.cpp:4:
C/C++: In file included from /home/user/Doubao/chats/38441059405347074/Operit-1.12.1/avator/dragonbones/cpp/opengl/OpenGLFactory.h:4:
C/C++: In file included from /home/user/Doubao/chats/38441059405347074/Operit-1.12.1/avator/dragonbones/.cxx/operit_deps/dragonbones_cpp-f696143045e07b7c4c4590bdd95534e9e8074b37-src/DragonBones/src/dragonBones/factory/BaseFactory.h:26:
C/C++: In file included from /home/user/Doubao/chats/38441059405347074/Operit-1.12.1/avator/dragonbones/.cxx/operit_deps/dragonbones_cpp-f696143045e07b7c4c4590bdd95534e9e8074b37-src/DragonBones/src/dragonBones/factory/../parser/JSONDataParser.h:5:
C/C++: /home/user/Doubao/chats/38441059405347074/Operit-1.12.1/avator/dragonbones/.cxx/operit_deps/dragonbones_cpp-f696143045e07b7c4c4590bdd95534e9e8074b37-src/3rdParty/rapidjson/document.h:102:19: warning: 'iterator<std::random_access_iterator_tag, rapidjson::GenericMember<rapidjson::UTF8<>, rapidjson::MemoryPoolAllocator<>>>' is deprecated [-Wdeprecated-declarations]
C/C++:   102 |     : public std::iterator<std::random_access_iterator_tag
C/C++:       |                   ^
C/C++: /home/user/Doubao/chats/38441059405347074/Operit-1.12.1/avator/dragonbones/.cxx/operit_deps/dragonbones_cpp-f696143045e07b7c4c4590bdd95534e9e8074b37-src/3rdParty/rapidjson/document.h:548:22: note: in instantiation of template class 'rapidjson::GenericMemberIterator<false, rapidjson::UTF8<>, rapidjson::MemoryPoolAllocator<>>' requested here
C/C++:   548 |     typedef typename GenericMemberIterator<false,Encoding,Allocator>::Iterator MemberIterator;  //!< Member iterator for iterating in object.
C/C++:       |                      ^
C/C++: /home/user/Doubao/chats/38441059405347074/Operit-1.12.1/avator/dragonbones/.cxx/operit_deps/dragonbones_cpp-f696143045e07b7c4c4590bdd95534e9e8074b37-src/DragonBones/src/dragonBones/factory/../parser/JSONDataParser.h:28:20: note: in instantiation of template class 'rapidjson::GenericValue<rapidjson::UTF8<>>' requested here
C/C++:    28 |         if (rawData.HasMember(key))
C/C++:       |                    ^
C/C++: /home/user/Android/ndk/27.0.12077973/toolchains/llvm/prebuilt/linux-x86_64/sysroot/usr/include/c++/v1/__iterator/iterator.h:23:29: note: 'iterator<std::random_access_iterator_tag, rapidjson::GenericMember<rapidjson::UTF8<>, rapidjson::MemoryPoolAllocator<>>>' has been explicitly marked deprecated here
C/C++:    23 | struct _LIBCPP_TEMPLATE_VIS _LIBCPP_DEPRECATED_IN_CXX17 iterator {
C/C++:       |                             ^
C/C++: /home/user/Android/ndk/27.0.12077973/toolchains/llvm/prebuilt/linux-x86_64/sysroot/usr/include/c++/v1/__config:942:41: note: expanded from macro '_LIBCPP_DEPRECATED_IN_CXX17'
C/C++:   942 | #    define _LIBCPP_DEPRECATED_IN_CXX17 _LIBCPP_DEPRECATED
C/C++:       |                                         ^
C/C++: /home/user/Android/ndk/27.0.12077973/toolchains/llvm/prebuilt/linux-x86_64/sysroot/usr/include/c++/v1/__config:915:49: note: expanded from macro '_LIBCPP_DEPRECATED'
C/C++:   915 | #      define _LIBCPP_DEPRECATED __attribute__((__deprecated__))
C/C++:       |                                                 ^
C/C++: In file included from /home/user/Doubao/chats/38441059405347074/Operit-1.12.1/avator/dragonbones/cpp/opengl/OpenGLSlot.cpp:4:
C/C++: In file included from /home/user/Doubao/chats/38441059405347074/Operit-1.12.1/avator/dragonbones/cpp/opengl/OpenGLFactory.h:4:
C/C++: In file included from /home/user/Doubao/chats/38441059405347074/Operit-1.12.1/avator/dragonbones/.cxx/operit_deps/dragonbones_cpp-f696143045e07b7c4c4590bdd95534e9e8074b37-src/DragonBones/src/dragonBones/factory/BaseFactory.h:26:
C/C++: In file included from /home/user/Doubao/chats/38441059405347074/Operit-1.12.1/avator/dragonbones/.cxx/operit_deps/dragonbones_cpp-f696143045e07b7c4c4590bdd95534e9e8074b37-src/DragonBones/src/dragonBones/factory/../parser/JSONDataParser.h:5:
C/C++: /home/user/Doubao/chats/38441059405347074/Operit-1.12.1/avator/dragonbones/.cxx/operit_deps/dragonbones_cpp-f696143045e07b7c4c4590bdd95534e9e8074b37-src/3rdParty/rapidjson/document.h:110:18: warning: 'iterator<std::random_access_iterator_tag, rapidjson::GenericMember<rapidjson::UTF8<>, rapidjson::MemoryPoolAllocator<>>>' is deprecated [-Wdeprecated-declarations]
C/C++:   110 |     typedef std::iterator<std::random_access_iterator_tag,ValueType> BaseType;
C/C++:       |                  ^
C/C++: /home/user/Android/ndk/27.0.12077973/toolchains/llvm/prebuilt/linux-x86_64/sysroot/usr/include/c++/v1/__iterator/iterator.h:23:29: note: 'iterator<std::random_access_iterator_tag, rapidjson::GenericMember<rapidjson::UTF8<>, rapidjson::MemoryPoolAllocator<>>>' has been explicitly marked deprecated here
C/C++:    23 | struct _LIBCPP_TEMPLATE_VIS _LIBCPP_DEPRECATED_IN_CXX17 iterator {
C/C++:       |                             ^
C/C++: /home/user/Android/ndk/27.0.12077973/toolchains/llvm/prebuilt/linux-x86_64/sysroot/usr/include/c++/v1/__config:942:41: note: expanded from macro '_LIBCPP_DEPRECATED_IN_CXX17'
C/C++:   942 | #    define _LIBCPP_DEPRECATED_IN_CXX17 _LIBCPP_DEPRECATED
C/C++:       |                                         ^
C/C++: /home/user/Android/ndk/27.0.12077973/toolchains/llvm/prebuilt/linux-x86_64/sysroot/usr/include/c++/v1/__config:915:49: note: expanded from macro '_LIBCPP_DEPRECATED'
C/C++:   915 | #      define _LIBCPP_DEPRECATED __attribute__((__deprecated__))
C/C++:       |                                                 ^
C/C++: In file included from /home/user/Doubao/chats/38441059405347074/Operit-1.12.1/avator/dragonbones/cpp/opengl/OpenGLSlot.cpp:4:
C/C++: In file included from /home/user/Doubao/chats/38441059405347074/Operit-1.12.1/avator/dragonbones/cpp/opengl/OpenGLFactory.h:4:
C/C++: In file included from /home/user/Doubao/chats/38441059405347074/Operit-1.12.1/avator/dragonbones/.cxx/operit_deps/dragonbones_cpp-f696143045e07b7c4c4590bdd95534e9e8074b37-src/DragonBones/src/dragonBones/factory/BaseFactory.h:26:
C/C++: In file included from /home/user/Doubao/chats/38441059405347074/Operit-1.12.1/avator/dragonbones/.cxx/operit_deps/dragonbones_cpp-f696143045e07b7c4c4590bdd95534e9e8074b37-src/DragonBones/src/dragonBones/factory/../parser/JSONDataParser.h:5:
C/C++: /home/user/Doubao/chats/38441059405347074/Operit-1.12.1/avator/dragonbones/.cxx/operit_deps/dragonbones_cpp-f696143045e07b7c4c4590bdd95534e9e8074b37-src/3rdParty/rapidjson/document.h:102:19: warning: 'iterator<std::random_access_iterator_tag, const rapidjson::GenericMember<rapidjson::UTF8<>, rapidjson::MemoryPoolAllocator<>>>' is deprecated [-Wdeprecated-declarations]
C/C++:   102 |     : public std::iterator<std::random_access_iterator_tag
C/C++:       |                   ^
C/C++: /home/user/Doubao/chats/38441059405347074/Operit-1.12.1/avator/dragonbones/.cxx/operit_deps/dragonbones_cpp-f696143045e07b7c4c4590bdd95534e9e8074b37-src/3rdParty/rapidjson/document.h:549:22: note: in instantiation of template class 'rapidjson::GenericMemberIterator<true, rapidjson::UTF8<>, rapidjson::MemoryPoolAllocator<>>' requested here
C/C++:   549 |     typedef typename GenericMemberIterator<true,Encoding,Allocator>::Iterator ConstMemberIterator;  //!< Constant member iterator for iterating in object.
C/C++:       |                      ^
C/C++: /home/user/Doubao/chats/38441059405347074/Operit-1.12.1/avator/dragonbones/.cxx/operit_deps/dragonbones_cpp-f696143045e07b7c4c4590bdd95534e9e8074b37-src/DragonBones/src/dragonBones/factory/../parser/JSONDataParser.h:28:20: note: in instantiation of template class 'rapidjson::GenericValue<rapidjson::UTF8<>>' requested here
C/C++:    28 |         if (rawData.HasMember(key))
C/C++:       |                    ^
C/C++: /home/user/Android/ndk/27.0.12077973/toolchains/llvm/prebuilt/linux-x86_64/sysroot/usr/include/c++/v1/__iterator/iterator.h:23:29: note: 'iterator<std::random_access_iterator_tag, const rapidjson::GenericMember<rapidjson::UTF8<>, rapidjson::MemoryPoolAllocator<>>>' has been explicitly marked deprecated here
C/C++:    23 | struct _LIBCPP_TEMPLATE_VIS _LIBCPP_DEPRECATED_IN_CXX17 iterator {
C/C++:       |                             ^
C/C++: /home/user/Android/ndk/27.0.12077973/toolchains/llvm/prebuilt/linux-x86_64/sysroot/usr/include/c++/v1/__config:942:41: note: expanded from macro '_LIBCPP_DEPRECATED_IN_CXX17'
C/C++:   942 | #    define _LIBCPP_DEPRECATED_IN_CXX17 _LIBCPP_DEPRECATED
C/C++:       |                                         ^
C/C++: /home/user/Android/ndk/27.0.12077973/toolchains/llvm/prebuilt/linux-x86_64/sysroot/usr/include/c++/v1/__config:915:49: note: expanded from macro '_LIBCPP_DEPRECATED'
C/C++:   915 | #      define _LIBCPP_DEPRECATED __attribute__((__deprecated__))
C/C++:       |                                                 ^
C/C++: In file included from /home/user/Doubao/chats/38441059405347074/Operit-1.12.1/avator/dragonbones/cpp/opengl/OpenGLSlot.cpp:4:
C/C++: In file included from /home/user/Doubao/chats/38441059405347074/Operit-1.12.1/avator/dragonbones/cpp/opengl/OpenGLFactory.h:4:
C/C++: In file included from /home/user/Doubao/chats/38441059405347074/Operit-1.12.1/avator/dragonbones/.cxx/operit_deps/dragonbones_cpp-f696143045e07b7c4c4590bdd95534e9e8074b37-src/DragonBones/src/dragonBones/factory/BaseFactory.h:26:
C/C++: In file included from /home/user/Doubao/chats/38441059405347074/Operit-1.12.1/avator/dragonbones/.cxx/operit_deps/dragonbones_cpp-f696143045e07b7c4c4590bdd95534e9e8074b37-src/DragonBones/src/dragonBones/factory/../parser/JSONDataParser.h:5:
C/C++: /home/user/Doubao/chats/38441059405347074/Operit-1.12.1/avator/dragonbones/.cxx/operit_deps/dragonbones_cpp-f696143045e07b7c4c4590bdd95534e9e8074b37-src/3rdParty/rapidjson/document.h:110:18: warning: 'iterator<std::random_access_iterator_tag, const rapidjson::GenericMember<rapidjson::UTF8<>, rapidjson::MemoryPoolAllocator<>>>' is deprecated [-Wdeprecated-declarations]
C/C++:   110 |     typedef std::iterator<std::random_access_iterator_tag,ValueType> BaseType;
C/C++:       |                  ^
C/C++: /home/user/Android/ndk/27.0.12077973/toolchains/llvm/prebuilt/linux-x86_64/sysroot/usr/include/c++/v1/__iterator/iterator.h:23:29: note: 'iterator<std::random_access_iterator_tag, const rapidjson::GenericMember<rapidjson::UTF8<>, rapidjson::MemoryPoolAllocator<>>>' has been explicitly marked deprecated here
C/C++:    23 | struct _LIBCPP_TEMPLATE_VIS _LIBCPP_DEPRECATED_IN_CXX17 iterator {
C/C++:       |                             ^
C/C++: /home/user/Android/ndk/27.0.12077973/toolchains/llvm/prebuilt/linux-x86_64/sysroot/usr/include/c++/v1/__config:942:41: note: expanded from macro '_LIBCPP_DEPRECATED_IN_CXX17'
C/C++:   942 | #    define _LIBCPP_DEPRECATED_IN_CXX17 _LIBCPP_DEPRECATED
C/C++:       |                                         ^
C/C++: /home/user/Android/ndk/27.0.12077973/toolchains/llvm/prebuilt/linux-x86_64/sysroot/usr/include/c++/v1/__config:915:49: note: expanded from macro '_LIBCPP_DEPRECATED'
C/C++:   915 | #      define _LIBCPP_DEPRECATED __attribute__((__deprecated__))
C/C++:       |                                                 ^
C/C++: 4 warnings generated.
C/C++: In file included from /home/user/Doubao/chats/38441059405347074/Operit-1.12.1/avator/dragonbones/cpp/opengl/OpenGLFactory.cpp:1:
C/C++: In file included from /home/user/Doubao/chats/38441059405347074/Operit-1.12.1/avator/dragonbones/cpp/opengl/OpenGLFactory.h:4:
C/C++: In file included from /home/user/Doubao/chats/38441059405347074/Operit-1.12.1/avator/dragonbones/.cxx/operit_deps/dragonbones_cpp-f696143045e07b7c4c4590bdd95534e9e8074b37-src/DragonBones/src/dragonBones/factory/BaseFactory.h:26:
C/C++: In file included from /home/user/Doubao/chats/38441059405347074/Operit-1.12.1/avator/dragonbones/.cxx/operit_deps/dragonbones_cpp-f696143045e07b7c4c4590bdd95534e9e8074b37-src/DragonBones/src/dragonBones/factory/../parser/JSONDataParser.h:5:
C/C++: /home/user/Doubao/chats/38441059405347074/Operit-1.12.1/avator/dragonbones/.cxx/operit_deps/dragonbones_cpp-f696143045e07b7c4c4590bdd95534e9e8074b37-src/3rdParty/rapidjson/document.h:102:19: warning: 'iterator<std::random_access_iterator_tag, rapidjson::GenericMember<rapidjson::UTF8<>, rapidjson::MemoryPoolAllocator<>>>' is deprecated [-Wdeprecated-declarations]
C/C++:   102 |     : public std::iterator<std::random_access_iterator_tag
C/C++:       |                   ^
C/C++: /home/user/Doubao/chats/38441059405347074/Operit-1.12.1/avator/dragonbones/.cxx/operit_deps/dragonbones_cpp-f696143045e07b7c4c4590bdd95534e9e8074b37-src/3rdParty/rapidjson/document.h:548:22: note: in instantiation of template class 'rapidjson::GenericMemberIterator<false, rapidjson::UTF8<>, rapidjson::MemoryPoolAllocator<>>' requested here
C/C++:   548 |     typedef typename GenericMemberIterator<false,Encoding,Allocator>::Iterator MemberIterator;  //!< Member iterator for iterating in object.
C/C++:       |                      ^
C/C++: /home/user/Doubao/chats/38441059405347074/Operit-1.12.1/avator/dragonbones/.cxx/operit_deps/dragonbones_cpp-f696143045e07b7c4c4590bdd95534e9e8074b37-src/DragonBones/src/dragonBones/factory/../parser/JSONDataParser.h:28:20: note: in instantiation of template class 'rapidjson::GenericValue<rapidjson::UTF8<>>' requested here
C/C++:    28 |         if (rawData.HasMember(key))
C/C++:       |                    ^
C/C++: /home/user/Android/ndk/27.0.12077973/toolchains/llvm/prebuilt/linux-x86_64/sysroot/usr/include/c++/v1/__iterator/iterator.h:23:29: note: 'iterator<std::random_access_iterator_tag, rapidjson::GenericMember<rapidjson::UTF8<>, rapidjson::MemoryPoolAllocator<>>>' has been explicitly marked deprecated here
C/C++:    23 | struct _LIBCPP_TEMPLATE_VIS _LIBCPP_DEPRECATED_IN_CXX17 iterator {
C/C++:       |                             ^
C/C++: /home/user/Android/ndk/27.0.12077973/toolchains/llvm/prebuilt/linux-x86_64/sysroot/usr/include/c++/v1/__config:942:41: note: expanded from macro '_LIBCPP_DEPRECATED_IN_CXX17'
C/C++:   942 | #    define _LIBCPP_DEPRECATED_IN_CXX17 _LIBCPP_DEPRECATED
C/C++:       |                                         ^
C/C++: /home/user/Android/ndk/27.0.12077973/toolchains/llvm/prebuilt/linux-x86_64/sysroot/usr/include/c++/v1/__config:915:49: note: expanded from macro '_LIBCPP_DEPRECATED'
C/C++:   915 | #      define _LIBCPP_DEPRECATED __attribute__((__deprecated__))
C/C++:       |                                                 ^
C/C++: In file included from /home/user/Doubao/chats/38441059405347074/Operit-1.12.1/avator/dragonbones/cpp/opengl/OpenGLFactory.cpp:1:
C/C++: In file included from /home/user/Doubao/chats/38441059405347074/Operit-1.12.1/avator/dragonbones/cpp/opengl/OpenGLFactory.h:4:
C/C++: In file included from /home/user/Doubao/chats/38441059405347074/Operit-1.12.1/avator/dragonbones/.cxx/operit_deps/dragonbones_cpp-f696143045e07b7c4c4590bdd95534e9e8074b37-src/DragonBones/src/dragonBones/factory/BaseFactory.h:26:
C/C++: In file included from /home/user/Doubao/chats/38441059405347074/Operit-1.12.1/avator/dragonbones/.cxx/operit_deps/dragonbones_cpp-f696143045e07b7c4c4590bdd95534e9e8074b37-src/DragonBones/src/dragonBones/factory/../parser/JSONDataParser.h:5:
C/C++: /home/user/Doubao/chats/38441059405347074/Operit-1.12.1/avator/dragonbones/.cxx/operit_deps/dragonbones_cpp-f696143045e07b7c4c4590bdd95534e9e8074b37-src/3rdParty/rapidjson/document.h:110:18: warning: 'iterator<std::random_access_iterator_tag, rapidjson::GenericMember<rapidjson::UTF8<>, rapidjson::MemoryPoolAllocator<>>>' is deprecated [-Wdeprecated-declarations]
C/C++:   110 |     typedef std::iterator<std::random_access_iterator_tag,ValueType> BaseType;
C/C++:       |                  ^
C/C++: /home/user/Android/ndk/27.0.12077973/toolchains/llvm/prebuilt/linux-x86_64/sysroot/usr/include/c++/v1/__iterator/iterator.h:23:29: note: 'iterator<std::random_access_iterator_tag, rapidjson::GenericMember<rapidjson::UTF8<>, rapidjson::MemoryPoolAllocator<>>>' has been explicitly marked deprecated here
C/C++:    23 | struct _LIBCPP_TEMPLATE_VIS _LIBCPP_DEPRECATED_IN_CXX17 iterator {
C/C++:       |                             ^
C/C++: /home/user/Android/ndk/27.0.12077973/toolchains/llvm/prebuilt/linux-x86_64/sysroot/usr/include/c++/v1/__config:942:41: note: expanded from macro '_LIBCPP_DEPRECATED_IN_CXX17'
C/C++:   942 | #    define _LIBCPP_DEPRECATED_IN_CXX17 _LIBCPP_DEPRECATED
C/C++:       |                                         ^
C/C++: /home/user/Android/ndk/27.0.12077973/toolchains/llvm/prebuilt/linux-x86_64/sysroot/usr/include/c++/v1/__config:915:49: note: expanded from macro '_LIBCPP_DEPRECATED'
C/C++:   915 | #      define _LIBCPP_DEPRECATED __attribute__((__deprecated__))
C/C++:       |                                                 ^
C/C++: In file included from /home/user/Doubao/chats/38441059405347074/Operit-1.12.1/avator/dragonbones/cpp/opengl/OpenGLFactory.cpp:1:
C/C++: In file included from /home/user/Doubao/chats/38441059405347074/Operit-1.12.1/avator/dragonbones/cpp/opengl/OpenGLFactory.h:4:
C/C++: In file included from /home/user/Doubao/chats/38441059405347074/Operit-1.12.1/avator/dragonbones/.cxx/operit_deps/dragonbones_cpp-f696143045e07b7c4c4590bdd95534e9e8074b37-src/DragonBones/src/dragonBones/factory/BaseFactory.h:26:
C/C++: In file included from /home/user/Doubao/chats/38441059405347074/Operit-1.12.1/avator/dragonbones/.cxx/operit_deps/dragonbones_cpp-f696143045e07b7c4c4590bdd95534e9e8074b37-src/DragonBones/src/dragonBones/factory/../parser/JSONDataParser.h:5:
C/C++: /home/user/Doubao/chats/38441059405347074/Operit-1.12.1/avator/dragonbones/.cxx/operit_deps/dragonbones_cpp-f696143045e07b7c4c4590bdd95534e9e8074b37-src/3rdParty/rapidjson/document.h:102:19: warning: 'iterator<std::random_access_iterator_tag, const rapidjson::GenericMember<rapidjson::UTF8<>, rapidjson::MemoryPoolAllocator<>>>' is deprecated [-Wdeprecated-declarations]
C/C++:   102 |     : public std::iterator<std::random_access_iterator_tag
C/C++:       |                   ^
C/C++: /home/user/Doubao/chats/38441059405347074/Operit-1.12.1/avator/dragonbones/.cxx/operit_deps/dragonbones_cpp-f696143045e07b7c4c4590bdd95534e9e8074b37-src/3rdParty/rapidjson/document.h:549:22: note: in instantiation of template class 'rapidjson::GenericMemberIterator<true, rapidjson::UTF8<>, rapidjson::MemoryPoolAllocator<>>' requested here
C/C++:   549 |     typedef typename GenericMemberIterator<true,Encoding,Allocator>::Iterator ConstMemberIterator;  //!< Constant member iterator for iterating in object.
C/C++:       |                      ^
C/C++: /home/user/Doubao/chats/38441059405347074/Operit-1.12.1/avator/dragonbones/.cxx/operit_deps/dragonbones_cpp-f696143045e07b7c4c4590bdd95534e9e8074b37-src/DragonBones/src/dragonBones/factory/../parser/JSONDataParser.h:28:20: note: in instantiation of template class 'rapidjson::GenericValue<rapidjson::UTF8<>>' requested here
C/C++:    28 |         if (rawData.HasMember(key))
C/C++:       |                    ^
C/C++: /home/user/Android/ndk/27.0.12077973/toolchains/llvm/prebuilt/linux-x86_64/sysroot/usr/include/c++/v1/__iterator/iterator.h:23:29: note: 'iterator<std::random_access_iterator_tag, const rapidjson::GenericMember<rapidjson::UTF8<>, rapidjson::MemoryPoolAllocator<>>>' has been explicitly marked deprecated here
C/C++:    23 | struct _LIBCPP_TEMPLATE_VIS _LIBCPP_DEPRECATED_IN_CXX17 iterator {
C/C++:       |                             ^
C/C++: /home/user/Android/ndk/27.0.12077973/toolchains/llvm/prebuilt/linux-x86_64/sysroot/usr/include/c++/v1/__config:942:41: note: expanded from macro '_LIBCPP_DEPRECATED_IN_CXX17'
C/C++:   942 | #    define _LIBCPP_DEPRECATED_IN_CXX17 _LIBCPP_DEPRECATED
C/C++:       |                                         ^
C/C++: /home/user/Android/ndk/27.0.12077973/toolchains/llvm/prebuilt/linux-x86_64/sysroot/usr/include/c++/v1/__config:915:49: note: expanded from macro '_LIBCPP_DEPRECATED'
C/C++:   915 | #      define _LIBCPP_DEPRECATED __attribute__((__deprecated__))
C/C++:       |                                                 ^
C/C++: In file included from /home/user/Doubao/chats/38441059405347074/Operit-1.12.1/avator/dragonbones/cpp/opengl/OpenGLFactory.cpp:1:
C/C++: In file included from /home/user/Doubao/chats/38441059405347074/Operit-1.12.1/avator/dragonbones/cpp/opengl/OpenGLFactory.h:4:
C/C++: In file included from /home/user/Doubao/chats/38441059405347074/Operit-1.12.1/avator/dragonbones/.cxx/operit_deps/dragonbones_cpp-f696143045e07b7c4c4590bdd95534e9e8074b37-src/DragonBones/src/dragonBones/factory/BaseFactory.h:26:
C/C++: In file included from /home/user/Doubao/chats/38441059405347074/Operit-1.12.1/avator/dragonbones/.cxx/operit_deps/dragonbones_cpp-f696143045e07b7c4c4590bdd95534e9e8074b37-src/DragonBones/src/dragonBones/factory/../parser/JSONDataParser.h:5:
C/C++: /home/user/Doubao/chats/38441059405347074/Operit-1.12.1/avator/dragonbones/.cxx/operit_deps/dragonbones_cpp-f696143045e07b7c4c4590bdd95534e9e8074b37-src/3rdParty/rapidjson/document.h:110:18: warning: 'iterator<std::random_access_iterator_tag, const rapidjson::GenericMember<rapidjson::UTF8<>, rapidjson::MemoryPoolAllocator<>>>' is deprecated [-Wdeprecated-declarations]
C/C++:   110 |     typedef std::iterator<std::random_access_iterator_tag,ValueType> BaseType;
C/C++:       |                  ^
C/C++: /home/user/Android/ndk/27.0.12077973/toolchains/llvm/prebuilt/linux-x86_64/sysroot/usr/include/c++/v1/__iterator/iterator.h:23:29: note: 'iterator<std::random_access_iterator_tag, const rapidjson::GenericMember<rapidjson::UTF8<>, rapidjson::MemoryPoolAllocator<>>>' has been explicitly marked deprecated here
C/C++:    23 | struct _LIBCPP_TEMPLATE_VIS _LIBCPP_DEPRECATED_IN_CXX17 iterator {
C/C++:       |                             ^
C/C++: /home/user/Android/ndk/27.0.12077973/toolchains/llvm/prebuilt/linux-x86_64/sysroot/usr/include/c++/v1/__config:942:41: note: expanded from macro '_LIBCPP_DEPRECATED_IN_CXX17'
C/C++:   942 | #    define _LIBCPP_DEPRECATED_IN_CXX17 _LIBCPP_DEPRECATED
C/C++:       |                                         ^
C/C++: /home/user/Android/ndk/27.0.12077973/toolchains/llvm/prebuilt/linux-x86_64/sysroot/usr/include/c++/v1/__config:915:49: note: expanded from macro '_LIBCPP_DEPRECATED'
C/C++:   915 | #      define _LIBCPP_DEPRECATED __attribute__((__deprecated__))
C/C++:       |                                                 ^
C/C++: 4 warnings generated.

> Task :app:syncSttModelAssets

> Task :dragonbones:buildCMakeRelWithDebInfo[armeabi-v7a]
C/C++: In file included from /home/user/Doubao/chats/38441059405347074/Operit-1.12.1/avator/dragonbones/.cxx/operit_deps/dragonbones_cpp-f696143045e07b7c4c4590bdd95534e9e8074b37-src/DragonBones/src/dragonBones/parser/JSONDataParser.cpp:1:
C/C++: In file included from /home/user/Doubao/chats/38441059405347074/Operit-1.12.1/avator/dragonbones/.cxx/operit_deps/dragonbones_cpp-f696143045e07b7c4c4590bdd95534e9e8074b37-src/DragonBones/src/dragonBones/parser/JSONDataParser.h:5:
C/C++: /home/user/Doubao/chats/38441059405347074/Operit-1.12.1/avator/dragonbones/.cxx/operit_deps/dragonbones_cpp-f696143045e07b7c4c4590bdd95534e9e8074b37-src/3rdParty/rapidjson/document.h:102:19: warning: 'iterator<std::random_access_iterator_tag, rapidjson::GenericMember<rapidjson::UTF8<>, rapidjson::MemoryPoolAllocator<>>>' is deprecated [-Wdeprecated-declarations]
C/C++:   102 |     : public std::iterator<std::random_access_iterator_tag
C/C++:       |                   ^
C/C++: /home/user/Doubao/chats/38441059405347074/Operit-1.12.1/avator/dragonbones/.cxx/operit_deps/dragonbones_cpp-f696143045e07b7c4c4590bdd95534e9e8074b37-src/3rdParty/rapidjson/document.h:548:22: note: in instantiation of template class 'rapidjson::GenericMemberIterator<false, rapidjson::UTF8<>, rapidjson::MemoryPoolAllocator<>>' requested here
C/C++:   548 |     typedef typename GenericMemberIterator<false,Encoding,Allocator>::Iterator MemberIterator;  //!< Member iterator for iterating in object.
C/C++:       |                      ^
C/C++: /home/user/Doubao/chats/38441059405347074/Operit-1.12.1/avator/dragonbones/.cxx/operit_deps/dragonbones_cpp-f696143045e07b7c4c4590bdd95534e9e8074b37-src/DragonBones/src/dragonBones/parser/JSONDataParser.h:28:20: note: in instantiation of template class 'rapidjson::GenericValue<rapidjson::UTF8<>>' requested here
C/C++:    28 |         if (rawData.HasMember(key))
C/C++:       |                    ^
C/C++: /home/user/Android/ndk/27.0.12077973/toolchains/llvm/prebuilt/linux-x86_64/sysroot/usr/include/c++/v1/__iterator/iterator.h:23:29: note: 'iterator<std::random_access_iterator_tag, rapidjson::GenericMember<rapidjson::UTF8<>, rapidjson::MemoryPoolAllocator<>>>' has been explicitly marked deprecated here
C/C++:    23 | struct _LIBCPP_TEMPLATE_VIS _LIBCPP_DEPRECATED_IN_CXX17 iterator {
C/C++:       |                             ^
C/C++: /home/user/Android/ndk/27.0.12077973/toolchains/llvm/prebuilt/linux-x86_64/sysroot/usr/include/c++/v1/__config:942:41: note: expanded from macro '_LIBCPP_DEPRECATED_IN_CXX17'
C/C++:   942 | #    define _LIBCPP_DEPRECATED_IN_CXX17 _LIBCPP_DEPRECATED
C/C++:       |                                         ^
C/C++: /home/user/Android/ndk/27.0.12077973/toolchains/llvm/prebuilt/linux-x86_64/sysroot/usr/include/c++/v1/__config:915:49: note: expanded from macro '_LIBCPP_DEPRECATED'
C/C++:   915 | #      define _LIBCPP_DEPRECATED __attribute__((__deprecated__))
C/C++:       |                                                 ^
C/C++: In file included from /home/user/Doubao/chats/38441059405347074/Operit-1.12.1/avator/dragonbones/.cxx/operit_deps/dragonbones_cpp-f696143045e07b7c4c4590bdd95534e9e8074b37-src/DragonBones/src/dragonBones/parser/JSONDataParser.cpp:1:
C/C++: In file included from /home/user/Doubao/chats/38441059405347074/Operit-1.12.1/avator/dragonbones/.cxx/operit_deps/dragonbones_cpp-f696143045e07b7c4c4590bdd95534e9e8074b37-src/DragonBones/src/dragonBones/parser/JSONDataParser.h:5:
C/C++: /home/user/Doubao/chats/38441059405347074/Operit-1.12.1/avator/dragonbones/.cxx/operit_deps/dragonbones_cpp-f696143045e07b7c4c4590bdd95534e9e8074b37-src/3rdParty/rapidjson/document.h:110:18: warning: 'iterator<std::random_access_iterator_tag, rapidjson::GenericMember<rapidjson::UTF8<>, rapidjson::MemoryPoolAllocator<>>>' is deprecated [-Wdeprecated-declarations]
C/C++:   110 |     typedef std::iterator<std::random_access_iterator_tag,ValueType> BaseType;
C/C++:       |                  ^
C/C++: /home/user/Android/ndk/27.0.12077973/toolchains/llvm/prebuilt/linux-x86_64/sysroot/usr/include/c++/v1/__iterator/iterator.h:23:29: note: 'iterator<std::random_access_iterator_tag, rapidjson::GenericMember<rapidjson::UTF8<>, rapidjson::MemoryPoolAllocator<>>>' has been explicitly marked deprecated here
C/C++:    23 | struct _LIBCPP_TEMPLATE_VIS _LIBCPP_DEPRECATED_IN_CXX17 iterator {
C/C++:       |                             ^
C/C++: /home/user/Android/ndk/27.0.12077973/toolchains/llvm/prebuilt/linux-x86_64/sysroot/usr/include/c++/v1/__config:942:41: note: expanded from macro '_LIBCPP_DEPRECATED_IN_CXX17'
C/C++:   942 | #    define _LIBCPP_DEPRECATED_IN_CXX17 _LIBCPP_DEPRECATED
C/C++:       |                                         ^
C/C++: /home/user/Android/ndk/27.0.12077973/toolchains/llvm/prebuilt/linux-x86_64/sysroot/usr/include/c++/v1/__config:915:49: note: expanded from macro '_LIBCPP_DEPRECATED'
C/C++:   915 | #      define _LIBCPP_DEPRECATED __attribute__((__deprecated__))
C/C++:       |                                                 ^
C/C++: In file included from /home/user/Doubao/chats/38441059405347074/Operit-1.12.1/avator/dragonbones/.cxx/operit_deps/dragonbones_cpp-f696143045e07b7c4c4590bdd95534e9e8074b37-src/DragonBones/src/dragonBones/parser/JSONDataParser.cpp:1:
C/C++: In file included from /home/user/Doubao/chats/38441059405347074/Operit-1.12.1/avator/dragonbones/.cxx/operit_deps/dragonbones_cpp-f696143045e07b7c4c4590bdd95534e9e8074b37-src/DragonBones/src/dragonBones/parser/JSONDataParser.h:5:
C/C++: /home/user/Doubao/chats/38441059405347074/Operit-1.12.1/avator/dragonbones/.cxx/operit_deps/dragonbones_cpp-f696143045e07b7c4c4590bdd95534e9e8074b37-src/3rdParty/rapidjson/document.h:102:19: warning: 'iterator<std::random_access_iterator_tag, const rapidjson::GenericMember<rapidjson::UTF8<>, rapidjson::MemoryPoolAllocator<>>>' is deprecated [-Wdeprecated-declarations]
C/C++:   102 |     : public std::iterator<std::random_access_iterator_tag
C/C++:       |                   ^
C/C++: /home/user/Doubao/chats/38441059405347074/Operit-1.12.1/avator/dragonbones/.cxx/operit_deps/dragonbones_cpp-f696143045e07b7c4c4590bdd95534e9e8074b37-src/3rdParty/rapidjson/document.h:549:22: note: in instantiation of template class 'rapidjson::GenericMemberIterator<true, rapidjson::UTF8<>, rapidjson::MemoryPoolAllocator<>>' requested here
C/C++:   549 |     typedef typename GenericMemberIterator<true,Encoding,Allocator>::Iterator ConstMemberIterator;  //!< Constant member iterator for iterating in object.
C/C++:       |                      ^
C/C++: /home/user/Doubao/chats/38441059405347074/Operit-1.12.1/avator/dragonbones/.cxx/operit_deps/dragonbones_cpp-f696143045e07b7c4c4590bdd95534e9e8074b37-src/DragonBones/src/dragonBones/parser/JSONDataParser.h:28:20: note: in instantiation of template class 'rapidjson::GenericValue<rapidjson::UTF8<>>' requested here
C/C++:    28 |         if (rawData.HasMember(key))
C/C++:       |                    ^
C/C++: /home/user/Android/ndk/27.0.12077973/toolchains/llvm/prebuilt/linux-x86_64/sysroot/usr/include/c++/v1/__iterator/iterator.h:23:29: note: 'iterator<std::random_access_iterator_tag, const rapidjson::GenericMember<rapidjson::UTF8<>, rapidjson::MemoryPoolAllocator<>>>' has been explicitly marked deprecated here
C/C++:    23 | struct _LIBCPP_TEMPLATE_VIS _LIBCPP_DEPRECATED_IN_CXX17 iterator {
C/C++:       |                             ^
C/C++: /home/user/Android/ndk/27.0.12077973/toolchains/llvm/prebuilt/linux-x86_64/sysroot/usr/include/c++/v1/__config:942:41: note: expanded from macro '_LIBCPP_DEPRECATED_IN_CXX17'
C/C++:   942 | #    define _LIBCPP_DEPRECATED_IN_CXX17 _LIBCPP_DEPRECATED
C/C++:       |                                         ^
C/C++: /home/user/Android/ndk/27.0.12077973/toolchains/llvm/prebuilt/linux-x86_64/sysroot/usr/include/c++/v1/__config:915:49: note: expanded from macro '_LIBCPP_DEPRECATED'
C/C++:   915 | #      define _LIBCPP_DEPRECATED __attribute__((__deprecated__))
C/C++:       |                                                 ^
C/C++: In file included from /home/user/Doubao/chats/38441059405347074/Operit-1.12.1/avator/dragonbones/.cxx/operit_deps/dragonbones_cpp-f696143045e07b7c4c4590bdd95534e9e8074b37-src/DragonBones/src/dragonBones/parser/JSONDataParser.cpp:1:
C/C++: In file included from /home/user/Doubao/chats/38441059405347074/Operit-1.12.1/avator/dragonbones/.cxx/operit_deps/dragonbones_cpp-f696143045e07b7c4c4590bdd95534e9e8074b37-src/DragonBones/src/dragonBones/parser/JSONDataParser.h:5:
C/C++: /home/user/Doubao/chats/38441059405347074/Operit-1.12.1/avator/dragonbones/.cxx/operit_deps/dragonbones_cpp-f696143045e07b7c4c4590bdd95534e9e8074b37-src/3rdParty/rapidjson/document.h:110:18: warning: 'iterator<std::random_access_iterator_tag, const rapidjson::GenericMember<rapidjson::UTF8<>, rapidjson::MemoryPoolAllocator<>>>' is deprecated [-Wdeprecated-declarations]
C/C++:   110 |     typedef std::iterator<std::random_access_iterator_tag,ValueType> BaseType;
C/C++:       |                  ^
C/C++: /home/user/Android/ndk/27.0.12077973/toolchains/llvm/prebuilt/linux-x86_64/sysroot/usr/include/c++/v1/__iterator/iterator.h:23:29: note: 'iterator<std::random_access_iterator_tag, const rapidjson::GenericMember<rapidjson::UTF8<>, rapidjson::MemoryPoolAllocator<>>>' has been explicitly marked deprecated here
C/C++:    23 | struct _LIBCPP_TEMPLATE_VIS _LIBCPP_DEPRECATED_IN_CXX17 iterator {
C/C++:       |                             ^
C/C++: /home/user/Android/ndk/27.0.12077973/toolchains/llvm/prebuilt/linux-x86_64/sysroot/usr/include/c++/v1/__config:942:41: note: expanded from macro '_LIBCPP_DEPRECATED_IN_CXX17'
C/C++:   942 | #    define _LIBCPP_DEPRECATED_IN_CXX17 _LIBCPP_DEPRECATED
C/C++:       |                                         ^
C/C++: /home/user/Android/ndk/27.0.12077973/toolchains/llvm/prebuilt/linux-x86_64/sysroot/usr/include/c++/v1/__config:915:49: note: expanded from macro '_LIBCPP_DEPRECATED'
C/C++:   915 | #      define _LIBCPP_DEPRECATED __attribute__((__deprecated__))
C/C++:       |                                                 ^
C/C++: /home/user/Doubao/chats/38441059405347074/Operit-1.12.1/avator/dragonbones/.cxx/operit_deps/dragonbones_cpp-f696143045e07b7c4c4590bdd95534e9e8074b37-src/DragonBones/src/dragonBones/parser/JSONDataParser.cpp:497:13: warning: enumeration value 'Path' not handled in switch [-Wswitch]
C/C++:   497 |     switch (type)
C/C++:       |             ^~~~
C/C++: 5 warnings generated.

> Task :app:syncMainAssets
> Task :app:verifyExternallyBuiltNativeLibraries
> Task :app:preBuild
> Task :app:preNightlyBuild
> Task :app:configureCMakeRelWithDebInfo[arm64-v8a]
> Task :dragonbones:configureCMakeRelWithDebInfo[x86]

> Task :dragonbones:buildCMakeRelWithDebInfo[x86]
C/C++: ninja: Entering directory `/home/user/Doubao/chats/38441059405347074/Operit-1.12.1/avator/dragonbones/.cxx/RelWithDebInfo/4c126p6p/x86'
C/C++: In file included from /home/user/Doubao/chats/38441059405347074/Operit-1.12.1/avator/dragonbones/cpp/JniBridge.cpp:3:
C/C++: In file included from /home/user/Doubao/chats/38441059405347074/Operit-1.12.1/avator/dragonbones/.cxx/operit_deps/dragonbones_cpp-f696143045e07b7c4c4590bdd95534e9e8074b37-src/DragonBones/src/dragonBones/DragonBonesHeaders.h:75:
C/C++: In file included from /home/user/Doubao/chats/38441059405347074/Operit-1.12.1/avator/dragonbones/.cxx/operit_deps/dragonbones_cpp-f696143045e07b7c4c4590bdd95534e9e8074b37-src/DragonBones/src/dragonBones/parser/JSONDataParser.h:5:
C/C++: /home/user/Doubao/chats/38441059405347074/Operit-1.12.1/avator/dragonbones/.cxx/operit_deps/dragonbones_cpp-f696143045e07b7c4c4590bdd95534e9e8074b37-src/3rdParty/rapidjson/document.h:102:19: warning: 'iterator<std::random_access_iterator_tag, rapidjson::GenericMember<rapidjson::UTF8<>, rapidjson::MemoryPoolAllocator<>>>' is deprecated [-Wdeprecated-declarations]
C/C++:   102 |     : public std::iterator<std::random_access_iterator_tag
C/C++:       |                   ^
C/C++: /home/user/Doubao/chats/38441059405347074/Operit-1.12.1/avator/dragonbones/.cxx/operit_deps/dragonbones_cpp-f696143045e07b7c4c4590bdd95534e9e8074b37-src/3rdParty/rapidjson/document.h:548:22: note: in instantiation of template class 'rapidjson::GenericMemberIterator<false, rapidjson::UTF8<>, rapidjson::MemoryPoolAllocator<>>' requested here
C/C++:   548 |     typedef typename GenericMemberIterator<false,Encoding,Allocator>::Iterator MemberIterator;  //!< Member iterator for iterating in object.
C/C++:       |                      ^
C/C++: /home/user/Doubao/chats/38441059405347074/Operit-1.12.1/avator/dragonbones/.cxx/operit_deps/dragonbones_cpp-f696143045e07b7c4c4590bdd95534e9e8074b37-src/DragonBones/src/dragonBones/parser/JSONDataParser.h:28:20: note: in instantiation of template class 'rapidjson::GenericValue<rapidjson::UTF8<>>' requested here
C/C++:    28 |         if (rawData.HasMember(key))
C/C++:       |                    ^
C/C++: /home/user/Android/ndk/27.0.12077973/toolchains/llvm/prebuilt/linux-x86_64/sysroot/usr/include/c++/v1/__iterator/iterator.h:23:29: note: 'iterator<std::random_access_iterator_tag, rapidjson::GenericMember<rapidjson::UTF8<>, rapidjson::MemoryPoolAllocator<>>>' has been explicitly marked deprecated here
C/C++:    23 | struct _LIBCPP_TEMPLATE_VIS _LIBCPP_DEPRECATED_IN_CXX17 iterator {
C/C++:       |                             ^
C/C++: /home/user/Android/ndk/27.0.12077973/toolchains/llvm/prebuilt/linux-x86_64/sysroot/usr/include/c++/v1/__config:942:41: note: expanded from macro '_LIBCPP_DEPRECATED_IN_CXX17'
C/C++:   942 | #    define _LIBCPP_DEPRECATED_IN_CXX17 _LIBCPP_DEPRECATED
C/C++:       |                                         ^
C/C++: /home/user/Android/ndk/27.0.12077973/toolchains/llvm/prebuilt/linux-x86_64/sysroot/usr/include/c++/v1/__config:915:49: note: expanded from macro '_LIBCPP_DEPRECATED'
C/C++:   915 | #      define _LIBCPP_DEPRECATED __attribute__((__deprecated__))
C/C++:       |                                                 ^
C/C++: In file included from /home/user/Doubao/chats/38441059405347074/Operit-1.12.1/avator/dragonbones/cpp/JniBridge.cpp:3:
C/C++: In file included from /home/user/Doubao/chats/38441059405347074/Operit-1.12.1/avator/dragonbones/.cxx/operit_deps/dragonbones_cpp-f696143045e07b7c4c4590bdd95534e9e8074b37-src/DragonBones/src/dragonBones/DragonBonesHeaders.h:75:
C/C++: In file included from /home/user/Doubao/chats/38441059405347074/Operit-1.12.1/avator/dragonbones/.cxx/operit_deps/dragonbones_cpp-f696143045e07b7c4c4590bdd95534e9e8074b37-src/DragonBones/src/dragonBones/parser/JSONDataParser.h:5:
C/C++: /home/user/Doubao/chats/38441059405347074/Operit-1.12.1/avator/dragonbones/.cxx/operit_deps/dragonbones_cpp-f696143045e07b7c4c4590bdd95534e9e8074b37-src/3rdParty/rapidjson/document.h:110:18: warning: 'iterator<std::random_access_iterator_tag, rapidjson::GenericMember<rapidjson::UTF8<>, rapidjson::MemoryPoolAllocator<>>>' is deprecated [-Wdeprecated-declarations]
C/C++:   110 |     typedef std::iterator<std::random_access_iterator_tag,ValueType> BaseType;
C/C++:       |                  ^
C/C++: /home/user/Android/ndk/27.0.12077973/toolchains/llvm/prebuilt/linux-x86_64/sysroot/usr/include/c++/v1/__iterator/iterator.h:23:29: note: 'iterator<std::random_access_iterator_tag, rapidjson::GenericMember<rapidjson::UTF8<>, rapidjson::MemoryPoolAllocator<>>>' has been explicitly marked deprecated here
C/C++:    23 | struct _LIBCPP_TEMPLATE_VIS _LIBCPP_DEPRECATED_IN_CXX17 iterator {
C/C++:       |                             ^
C/C++: /home/user/Android/ndk/27.0.12077973/toolchains/llvm/prebuilt/linux-x86_64/sysroot/usr/include/c++/v1/__config:942:41: note: expanded from macro '_LIBCPP_DEPRECATED_IN_CXX17'
C/C++:   942 | #    define _LIBCPP_DEPRECATED_IN_CXX17 _LIBCPP_DEPRECATED
C/C++:       |                                         ^
C/C++: /home/user/Android/ndk/27.0.12077973/toolchains/llvm/prebuilt/linux-x86_64/sysroot/usr/include/c++/v1/__config:915:49: note: expanded from macro '_LIBCPP_DEPRECATED'
C/C++:   915 | #      define _LIBCPP_DEPRECATED __attribute__((__deprecated__))
C/C++:       |                                                 ^
C/C++: In file included from /home/user/Doubao/chats/38441059405347074/Operit-1.12.1/avator/dragonbones/cpp/JniBridge.cpp:3:
C/C++: In file included from /home/user/Doubao/chats/38441059405347074/Operit-1.12.1/avator/dragonbones/.cxx/operit_deps/dragonbones_cpp-f696143045e07b7c4c4590bdd95534e9e8074b37-src/DragonBones/src/dragonBones/DragonBonesHeaders.h:75:
C/C++: In file included from /home/user/Doubao/chats/38441059405347074/Operit-1.12.1/avator/dragonbones/.cxx/operit_deps/dragonbones_cpp-f696143045e07b7c4c4590bdd95534e9e8074b37-src/DragonBones/src/dragonBones/parser/JSONDataParser.h:5:
C/C++: /home/user/Doubao/chats/38441059405347074/Operit-1.12.1/avator/dragonbones/.cxx/operit_deps/dragonbones_cpp-f696143045e07b7c4c4590bdd95534e9e8074b37-src/3rdParty/rapidjson/document.h:102:19: warning: 'iterator<std::random_access_iterator_tag, const rapidjson::GenericMember<rapidjson::UTF8<>, rapidjson::MemoryPoolAllocator<>>>' is deprecated [-Wdeprecated-declarations]
C/C++:   102 |     : public std::iterator<std::random_access_iterator_tag
C/C++:       |                   ^
C/C++: /home/user/Doubao/chats/38441059405347074/Operit-1.12.1/avator/dragonbones/.cxx/operit_deps/dragonbones_cpp-f696143045e07b7c4c4590bdd95534e9e8074b37-src/3rdParty/rapidjson/document.h:549:22: note: in instantiation of template class 'rapidjson::GenericMemberIterator<true, rapidjson::UTF8<>, rapidjson::MemoryPoolAllocator<>>' requested here
C/C++:   549 |     typedef typename GenericMemberIterator<true,Encoding,Allocator>::Iterator ConstMemberIterator;  //!< Constant member iterator for iterating in object.
C/C++:       |                      ^
C/C++: /home/user/Doubao/chats/38441059405347074/Operit-1.12.1/avator/dragonbones/.cxx/operit_deps/dragonbones_cpp-f696143045e07b7c4c4590bdd95534e9e8074b37-src/DragonBones/src/dragonBones/parser/JSONDataParser.h:28:20: note: in instantiation of template class 'rapidjson::GenericValue<rapidjson::UTF8<>>' requested here
C/C++:    28 |         if (rawData.HasMember(key))
C/C++:       |                    ^
C/C++: /home/user/Android/ndk/27.0.12077973/toolchains/llvm/prebuilt/linux-x86_64/sysroot/usr/include/c++/v1/__iterator/iterator.h:23:29: note: 'iterator<std::random_access_iterator_tag, const rapidjson::GenericMember<rapidjson::UTF8<>, rapidjson::MemoryPoolAllocator<>>>' has been explicitly marked deprecated here
C/C++:    23 | struct _LIBCPP_TEMPLATE_VIS _LIBCPP_DEPRECATED_IN_CXX17 iterator {
C/C++:       |                             ^
C/C++: /home/user/Android/ndk/27.0.12077973/toolchains/llvm/prebuilt/linux-x86_64/sysroot/usr/include/c++/v1/__config:942:41: note: expanded from macro '_LIBCPP_DEPRECATED_IN_CXX17'
C/C++:   942 | #    define _LIBCPP_DEPRECATED_IN_CXX17 _LIBCPP_DEPRECATED
C/C++:       |                                         ^
C/C++: /home/user/Android/ndk/27.0.12077973/toolchains/llvm/prebuilt/linux-x86_64/sysroot/usr/include/c++/v1/__config:915:49: note: expanded from macro '_LIBCPP_DEPRECATED'
C/C++:   915 | #      define _LIBCPP_DEPRECATED __attribute__((__deprecated__))
C/C++:       |                                                 ^
C/C++: In file included from /home/user/Doubao/chats/38441059405347074/Operit-1.12.1/avator/dragonbones/cpp/JniBridge.cpp:3:
C/C++: In file included from /home/user/Doubao/chats/38441059405347074/Operit-1.12.1/avator/dragonbones/.cxx/operit_deps/dragonbones_cpp-f696143045e07b7c4c4590bdd95534e9e8074b37-src/DragonBones/src/dragonBones/DragonBonesHeaders.h:75:
C/C++: In file included from /home/user/Doubao/chats/38441059405347074/Operit-1.12.1/avator/dragonbones/.cxx/operit_deps/dragonbones_cpp-f696143045e07b7c4c4590bdd95534e9e8074b37-src/DragonBones/src/dragonBones/parser/JSONDataParser.h:5:
C/C++: /home/user/Doubao/chats/38441059405347074/Operit-1.12.1/avator/dragonbones/.cxx/operit_deps/dragonbones_cpp-f696143045e07b7c4c4590bdd95534e9e8074b37-src/3rdParty/rapidjson/document.h:110:18: warning: 'iterator<std::random_access_iterator_tag, const rapidjson::GenericMember<rapidjson::UTF8<>, rapidjson::MemoryPoolAllocator<>>>' is deprecated [-Wdeprecated-declarations]
C/C++:   110 |     typedef std::iterator<std::random_access_iterator_tag,ValueType> BaseType;
C/C++:       |                  ^
C/C++: /home/user/Android/ndk/27.0.12077973/toolchains/llvm/prebuilt/linux-x86_64/sysroot/usr/include/c++/v1/__iterator/iterator.h:23:29: note: 'iterator<std::random_access_iterator_tag, const rapidjson::GenericMember<rapidjson::UTF8<>, rapidjson::MemoryPoolAllocator<>>>' has been explicitly marked deprecated here
C/C++:    23 | struct _LIBCPP_TEMPLATE_VIS _LIBCPP_DEPRECATED_IN_CXX17 iterator {
C/C++:       |                             ^
C/C++: /home/user/Android/ndk/27.0.12077973/toolchains/llvm/prebuilt/linux-x86_64/sysroot/usr/include/c++/v1/__config:942:41: note: expanded from macro '_LIBCPP_DEPRECATED_IN_CXX17'
C/C++:   942 | #    define _LIBCPP_DEPRECATED_IN_CXX17 _LIBCPP_DEPRECATED
C/C++:       |                                         ^
C/C++: /home/user/Android/ndk/27.0.12077973/toolchains/llvm/prebuilt/linux-x86_64/sysroot/usr/include/c++/v1/__config:915:49: note: expanded from macro '_LIBCPP_DEPRECATED'
C/C++:   915 | #      define _LIBCPP_DEPRECATED __attribute__((__deprecated__))
C/C++:       |                                                 ^
C/C++: 4 warnings generated.

> Task :app:buildCMakeRelWithDebInfo[arm64-v8a]
C/C++: ninja: Entering directory `/home/user/Doubao/chats/38441059405347074/Operit-1.12.1/app/.cxx/RelWithDebInfo/574s151n/arm64-v8a'
C/C++: In file included from /home/user/Doubao/chats/38441059405347074/Operit-1.12.1/app/.cxx/RelWithDebInfo/574s151n/arm64-v8a/_deps/kaldifst-src/kaldifst/csrc/text-normalizer.cc:5:
C/C++: In file included from /home/user/Doubao/chats/38441059405347074/Operit-1.12.1/app/.cxx/RelWithDebInfo/574s151n/arm64-v8a/_deps/kaldifst-src/kaldifst/csrc/text-normalizer.h:13:
C/C++: In file included from /home/user/Doubao/chats/38441059405347074/Operit-1.12.1/app/.cxx/RelWithDebInfo/574s151n/arm64-v8a/_deps/openfst-src/src/include/fst/fstlib.h:33:
C/C++: In file included from /home/user/Doubao/chats/38441059405347074/Operit-1.12.1/app/.cxx/RelWithDebInfo/574s151n/arm64-v8a/_deps/openfst-src/src/include/fst/compact-fst.h:19:
C/C++: In file included from /home/user/Doubao/chats/38441059405347074/Operit-1.12.1/app/.cxx/RelWithDebInfo/574s151n/arm64-v8a/_deps/openfst-src/src/include/fst/cache.h:19:
C/C++: /home/user/Doubao/chats/38441059405347074/Operit-1.12.1/app/.cxx/RelWithDebInfo/574s151n/arm64-v8a/_deps/openfst-src/src/include/fst/vector-fst.h:38:39: warning: 'rebind<fst::VectorState<fst::ArcTpl<fst::TropicalWeightTpl<float>>>>' is deprecated [-Wdeprecated-declarations]
C/C++:    38 |       typename ArcAllocator::template rebind<VectorState<Arc, M>>::other;
C/C++:       |                                       ^
C/C++: /home/user/Doubao/chats/38441059405347074/Operit-1.12.1/app/.cxx/RelWithDebInfo/574s151n/arm64-v8a/_deps/openfst-src/src/include/fst/vector-fst.h:132:51: note: in instantiation of template class 'fst::VectorState<fst::ArcTpl<fst::TropicalWeightTpl<float>>>' requested here
C/C++:   132 | class VectorFstBaseImpl : public FstImpl<typename S::Arc> {
C/C++:       |                                                   ^
C/C++: /home/user/Doubao/chats/38441059405347074/Operit-1.12.1/app/.cxx/RelWithDebInfo/574s151n/arm64-v8a/_deps/openfst-src/src/include/fst/vector-fst.h:267:30: note: in instantiation of template class 'fst::internal::VectorFstBaseImpl<fst::VectorState<fst::ArcTpl<fst::TropicalWeightTpl<float>>>>' requested here
C/C++:   267 | class VectorFstImpl : public VectorFstBaseImpl<S> {
C/C++:       |                              ^
C/C++: /home/user/Doubao/chats/38441059405347074/Operit-1.12.1/app/.cxx/RelWithDebInfo/574s151n/arm64-v8a/_deps/openfst-src/src/include/fst/mutable-fst.h:267:55: note: in instantiation of template class 'fst::internal::VectorFstImpl<fst::VectorState<fst::ArcTpl<fst::TropicalWeightTpl<float>>>>' requested here
C/C++:   267 | template <class Impl, class FST = MutableFst<typename Impl::Arc>>
C/C++:       |                                                       ^
C/C++: /home/user/Doubao/chats/38441059405347074/Operit-1.12.1/app/.cxx/RelWithDebInfo/574s151n/arm64-v8a/_deps/openfst-src/src/include/fst/vector-fst.h:430:26: note: in instantiation of default argument for 'ImplToMutableFst<internal::VectorFstImpl<VectorState<ArcTpl<TropicalWeightTpl<float>>, allocator<ArcTpl<TropicalWeightTpl<float>>>>>>' required here
C/C++:   430 | class VectorFst : public ImplToMutableFst<internal::VectorFstImpl<S>> {
C/C++:       |                          ^~~~~~~~~~~~~~~~~~~~~~~~~~~~~~~~~~~~~~~~~~~~
C/C++: /home/user/Doubao/chats/38441059405347074/Operit-1.12.1/app/.cxx/RelWithDebInfo/574s151n/arm64-v8a/_deps/kaldifst-src/kaldifst/csrc/text-normalizer.cc:29:26: note: in instantiation of template class 'fst::VectorFst<fst::ArcTpl<fst::TropicalWeightTpl<float>>>' requested here
C/C++:    29 | static fst::StdVectorFst StringToFst(const std::string &text) {
C/C++:       |                          ^
C/C++: /home/user/Android/ndk/27.0.12077973/toolchains/llvm/prebuilt/linux-x86_64/sysroot/usr/include/c++/v1/__memory/allocator.h:143:10: note: 'rebind<fst::VectorState<fst::ArcTpl<fst::TropicalWeightTpl<float>>>>' has been explicitly marked deprecated here
C/C++:   143 |   struct _LIBCPP_DEPRECATED_IN_CXX17 rebind {
C/C++:       |          ^
C/C++: /home/user/Android/ndk/27.0.12077973/toolchains/llvm/prebuilt/linux-x86_64/sysroot/usr/include/c++/v1/__config:942:41: note: expanded from macro '_LIBCPP_DEPRECATED_IN_CXX17'
C/C++:   942 | #    define _LIBCPP_DEPRECATED_IN_CXX17 _LIBCPP_DEPRECATED
C/C++:       |                                         ^
C/C++: /home/user/Android/ndk/27.0.12077973/toolchains/llvm/prebuilt/linux-x86_64/sysroot/usr/include/c++/v1/__config:915:49: note: expanded from macro '_LIBCPP_DEPRECATED'
C/C++:   915 | #      define _LIBCPP_DEPRECATED __attribute__((__deprecated__))
C/C++:       |                                                 ^
C/C++: In file included from /home/user/Doubao/chats/38441059405347074/Operit-1.12.1/app/.cxx/RelWithDebInfo/574s151n/arm64-v8a/_deps/kaldifst-src/kaldifst/csrc/text-normalizer.cc:5:
C/C++: In file included from /home/user/Doubao/chats/38441059405347074/Operit-1.12.1/app/.cxx/RelWithDebInfo/574s151n/arm64-v8a/_deps/kaldifst-src/kaldifst/csrc/text-normalizer.h:12:
C/C++: In file included from /home/user/Doubao/chats/38441059405347074/Operit-1.12.1/app/.cxx/RelWithDebInfo/574s151n/arm64-v8a/_deps/openfst-src/src/include/fst/fst.h:28:
C/C++: /home/user/Doubao/chats/38441059405347074/Operit-1.12.1/app/.cxx/RelWithDebInfo/574s151n/arm64-v8a/_deps/openfst-src/src/include/fst/memory.h:345:41: warning: 'destroy' is deprecated [-Wdeprecated-declarations]
C/C++:   345 |   void destroy(pointer p) { Allocator().destroy(p); }
C/C++:       |                                         ^
C/C++: /home/user/Android/ndk/27.0.12077973/toolchains/llvm/prebuilt/linux-x86_64/sysroot/usr/include/c++/v1/__memory/allocator_traits.h:311:9: note: in instantiation of member function 'fst::PoolAllocator<fst::ArcTpl<fst::TropicalWeightTpl<float>>>::destroy' requested here
C/C++:   311 |     __a.destroy(__p);
C/C++:       |         ^
C/C++: /home/user/Android/ndk/27.0.12077973/toolchains/llvm/prebuilt/linux-x86_64/sysroot/usr/include/c++/v1/vector:926:23: note: in instantiation of function template specialization 'std::allocator_traits<fst::PoolAllocator<fst::ArcTpl<fst::TropicalWeightTpl<float>>>>::destroy<fst::ArcTpl<fst::TropicalWeightTpl<float>>, void>' requested here
C/C++:   926 |       __alloc_traits::destroy(__alloc(), std::__to_address(--__soon_to_be_end));
C/C++:       |                       ^
C/C++: /home/user/Android/ndk/27.0.12077973/toolchains/llvm/prebuilt/linux-x86_64/sysroot/usr/include/c++/v1/vector:920:5: note: in instantiation of member function 'std::vector<fst::ArcTpl<fst::TropicalWeightTpl<float>>, fst::PoolAllocator<fst::ArcTpl<fst::TropicalWeightTpl<float>>>>::__base_destruct_at_end' requested here
C/C++:   920 |     __base_destruct_at_end(this->__begin_);
C/C++:       |     ^
C/C++: /home/user/Android/ndk/27.0.12077973/toolchains/llvm/prebuilt/linux-x86_64/sysroot/usr/include/c++/v1/vector:490:16: note: in instantiation of member function 'std::vector<fst::ArcTpl<fst::TropicalWeightTpl<float>>, fst::PoolAllocator<fst::ArcTpl<fst::TropicalWeightTpl<float>>>>::__clear' requested here
C/C++:   490 |         __vec_.__clear();
C/C++:       |                ^
C/C++: /home/user/Android/ndk/27.0.12077973/toolchains/llvm/prebuilt/linux-x86_64/sysroot/usr/include/c++/v1/vector:501:67: note: in instantiation of member function 'std::vector<fst::ArcTpl<fst::TropicalWeightTpl<float>>, fst::PoolAllocator<fst::ArcTpl<fst::TropicalWeightTpl<float>>>>::__destroy_vector::operator()' requested here
C/C++:   501 |   _LIBCPP_CONSTEXPR_SINCE_CXX20 _LIBCPP_HIDE_FROM_ABI ~vector() { __destroy_vector (*this)(); }
C/C++:       |                                                                   ^
C/C++: /home/user/Doubao/chats/38441059405347074/Operit-1.12.1/app/.cxx/RelWithDebInfo/574s151n/arm64-v8a/_deps/openfst-src/src/include/fst/cache.h:65:7: note: (skipping 15 contexts in backtrace; use -ftemplate-backtrace-limit=0 to see all)
C/C++:    65 | class CacheState {
C/C++:       |       ^
C/C++: /home/user/Doubao/chats/38441059405347074/Operit-1.12.1/app/.cxx/RelWithDebInfo/574s151n/arm64-v8a/_deps/openfst-src/src/include/fst/compose.h:644:12: note: in instantiation of function template specialization 'fst::ComposeFst<fst::ArcTpl<fst::TropicalWeightTpl<float>>>::CreateBase2<fst::Matcher<fst::Fst<fst::ArcTpl<fst::TropicalWeightTpl<float>>>>, fst::Matcher<fst::Fst<fst::ArcTpl<fst::TropicalWeightTpl<float>>>>, fst::SequenceComposeFilter<fst::Matcher<fst::Fst<fst::ArcTpl<fst::TropicalWeightTpl<float>>>>>, fst::GenericComposeStateTable<fst::ArcTpl<fst::TropicalWeightTpl<float>>, fst::IntegerFilterState<signed char>>>' requested here
C/C++:   644 |     return CreateBase2(fst1, fst2, nopts);
C/C++:       |            ^
C/C++: /home/user/Doubao/chats/38441059405347074/Operit-1.12.1/app/.cxx/RelWithDebInfo/574s151n/arm64-v8a/_deps/openfst-src/src/include/fst/compose.h:655:16: note: in instantiation of function template specialization 'fst::ComposeFst<fst::ArcTpl<fst::TropicalWeightTpl<float>>>::CreateBase1<fst::Matcher<fst::Fst<fst::ArcTpl<fst::TropicalWeightTpl<float>>>>, fst::SequenceComposeFilter<fst::Matcher<fst::Fst<fst::ArcTpl<fst::TropicalWeightTpl<float>>>>>, fst::GenericComposeStateTable<fst::ArcTpl<fst::TropicalWeightTpl<float>>, fst::IntegerFilterState<signed char>>>' requested here
C/C++:   655 |         return CreateBase1(fst1, fst2, nopts);
C/C++:       |                ^
C/C++: /home/user/Doubao/chats/38441059405347074/Operit-1.12.1/app/.cxx/RelWithDebInfo/574s151n/arm64-v8a/_deps/openfst-src/src/include/fst/compose.h:566:25: note: in instantiation of member function 'fst::ComposeFst<fst::ArcTpl<fst::TropicalWeightTpl<float>>>::CreateBase' requested here
C/C++:   566 |       : ImplToFst<Impl>(CreateBase(fst1, fst2, opts)) {}
C/C++:       |                         ^
C/C++: /home/user/Doubao/chats/38441059405347074/Operit-1.12.1/app/.cxx/RelWithDebInfo/574s151n/arm64-v8a/_deps/openfst-src/src/include/fst/compose.h:974:15: note: in instantiation of member function 'fst::ComposeFst<fst::ArcTpl<fst::TropicalWeightTpl<float>>>::ComposeFst' requested here
C/C++:   974 |       *ofst = ComposeFst<Arc>(ifst1, ifst2, nopts);
C/C++:       |               ^
C/C++: /home/user/Doubao/chats/38441059405347074/Operit-1.12.1/app/.cxx/RelWithDebInfo/574s151n/arm64-v8a/_deps/kaldifst-src/kaldifst/csrc/text-normalizer.cc:193:8: note: in instantiation of function template specialization 'fst::Compose<fst::ArcTpl<fst::TropicalWeightTpl<float>>>' requested here
C/C++:   193 |   fst::Compose(text, *rule_, &composed_fst);
C/C++:       |        ^
C/C++: /home/user/Android/ndk/27.0.12077973/toolchains/llvm/prebuilt/linux-x86_64/sysroot/usr/include/c++/v1/__memory/allocator.h:168:3: note: 'destroy' has been explicitly marked deprecated here
C/C++:   168 |   _LIBCPP_DEPRECATED_IN_CXX17 _LIBCPP_HIDE_FROM_ABI void destroy(pointer __p) { __p->~_Tp(); }
C/C++:       |   ^
C/C++: /home/user/Android/ndk/27.0.12077973/toolchains/llvm/prebuilt/linux-x86_64/sysroot/usr/include/c++/v1/__config:942:41: note: expanded from macro '_LIBCPP_DEPRECATED_IN_CXX17'
C/C++:   942 | #    define _LIBCPP_DEPRECATED_IN_CXX17 _LIBCPP_DEPRECATED
C/C++:       |                                         ^
C/C++: /home/user/Android/ndk/27.0.12077973/toolchains/llvm/prebuilt/linux-x86_64/sysroot/usr/include/c++/v1/__config:915:49: note: expanded from macro '_LIBCPP_DEPRECATED'
C/C++:   915 | #      define _LIBCPP_DEPRECATED __attribute__((__deprecated__))
C/C++:       |                                                 ^
C/C++: In file included from /home/user/Doubao/chats/38441059405347074/Operit-1.12.1/app/.cxx/RelWithDebInfo/574s151n/arm64-v8a/_deps/kaldifst-src/kaldifst/csrc/text-normalizer.cc:5:
C/C++: In file included from /home/user/Doubao/chats/38441059405347074/Operit-1.12.1/app/.cxx/RelWithDebInfo/574s151n/arm64-v8a/_deps/kaldifst-src/kaldifst/csrc/text-normalizer.h:12:
C/C++: In file included from /home/user/Doubao/chats/38441059405347074/Operit-1.12.1/app/.cxx/RelWithDebInfo/574s151n/arm64-v8a/_deps/openfst-src/src/include/fst/fst.h:28:
C/C++: /home/user/Doubao/chats/38441059405347074/Operit-1.12.1/app/.cxx/RelWithDebInfo/574s151n/arm64-v8a/_deps/openfst-src/src/include/fst/memory.h:363:26: warning: 'allocate' is deprecated [-Wdeprecated-declarations]
C/C++:   363 |       return Allocator().allocate(n, hint);
C/C++:       |                          ^
C/C++: /home/user/Android/ndk/27.0.12077973/toolchains/llvm/prebuilt/linux-x86_64/sysroot/usr/include/c++/v1/__memory/allocator_traits.h:269:16: note: in instantiation of member function 'fst::PoolAllocator<std::__hash_node_base<std::__hash_node<int, void *> *> *>::allocate' requested here
C/C++:   269 |     return __a.allocate(__n);
C/C++:       |                ^
C/C++: /home/user/Android/ndk/27.0.12077973/toolchains/llvm/prebuilt/linux-x86_64/sysroot/usr/include/c++/v1/__hash_table:1675:60: note: in instantiation of member function 'std::allocator_traits<fst::PoolAllocator<std::__hash_node_base<std::__hash_node<int, void *> *> *>>::allocate' requested here
C/C++:  1675 |   __bucket_list_.reset(__nbc > 0 ? __pointer_alloc_traits::allocate(__npa, __nbc) : nullptr);
C/C++:       |                                                            ^
C/C++: /home/user/Android/ndk/27.0.12077973/toolchains/llvm/prebuilt/linux-x86_64/sysroot/usr/include/c++/v1/__hash_table:1660:5: note: in instantiation of function template specialization 'std::__hash_table<int, fst::CompactHashBiTable<int, fst::DefaultComposeStateTuple<int, fst::IntegerFilterState<signed char>>, fst::ComposeHash<fst::DefaultComposeStateTuple<int, fst::IntegerFilterState<signed char>>>>::HashFunc, fst::CompactHashBiTable<int, fst::DefaultComposeStateTuple<int, fst::IntegerFilterState<signed char>>, fst::ComposeHash<fst::DefaultComposeStateTuple<int, fst::IntegerFilterState<signed char>>>>::HashEqual, fst::PoolAllocator<int>>::__do_rehash<true>' requested here
C/C++:  1660 |     __do_rehash<_UniqueKeys>(__n);
C/C++:       |     ^
C/C++: /home/user/Android/ndk/27.0.12077973/toolchains/llvm/prebuilt/linux-x86_64/sysroot/usr/include/c++/v1/__hash_table:846:63: note: in instantiation of function template specialization 'std::__hash_table<int, fst::CompactHashBiTable<int, fst::DefaultComposeStateTuple<int, fst::IntegerFilterState<signed char>>, fst::ComposeHash<fst::DefaultComposeStateTuple<int, fst::IntegerFilterState<signed char>>>>::HashFunc, fst::CompactHashBiTable<int, fst::DefaultComposeStateTuple<int, fst::IntegerFilterState<signed char>>, fst::ComposeHash<fst::DefaultComposeStateTuple<int, fst::IntegerFilterState<signed char>>>>::HashEqual, fst::PoolAllocator<int>>::__rehash<true>' requested here
C/C++:   846 |   _LIBCPP_HIDE_FROM_ABI void __rehash_unique(size_type __n) { __rehash<true>(__n); }
C/C++:       |                                                               ^
C/C++: /home/user/Android/ndk/27.0.12077973/toolchains/llvm/prebuilt/linux-x86_64/sysroot/usr/include/c++/v1/unordered_set:1022:12: note: in instantiation of member function 'std::__hash_table<int, fst::CompactHashBiTable<int, fst::DefaultComposeStateTuple<int, fst::IntegerFilterState<signed char>>, fst::ComposeHash<fst::DefaultComposeStateTuple<int, fst::IntegerFilterState<signed char>>>>::HashFunc, fst::CompactHashBiTable<int, fst::DefaultComposeStateTuple<int, fst::IntegerFilterState<signed char>>, fst::ComposeHash<fst::DefaultComposeStateTuple<int, fst::IntegerFilterState<signed char>>>>::HashEqual, fst::PoolAllocator<int>>::__rehash_unique' requested here
C/C++:  1022 |   __table_.__rehash_unique(__n);
C/C++:       |            ^
C/C++: /home/user/Doubao/chats/38441059405347074/Operit-1.12.1/app/.cxx/RelWithDebInfo/574s151n/arm64-v8a/_deps/openfst-src/src/include/fst/bi-table.h:102:9: note: (skipping 11 contexts in backtrace; use -ftemplate-backtrace-limit=0 to see all)
C/C++:   102 |       : std::unordered_set<K, H, E, PoolAllocator<K>>(n, h, e) {}
C/C++:       |         ^
C/C++: /home/user/Doubao/chats/38441059405347074/Operit-1.12.1/app/.cxx/RelWithDebInfo/574s151n/arm64-v8a/_deps/openfst-src/src/include/fst/compose.h:644:12: note: in instantiation of function template specialization 'fst::ComposeFst<fst::ArcTpl<fst::TropicalWeightTpl<float>>>::CreateBase2<fst::Matcher<fst::Fst<fst::ArcTpl<fst::TropicalWeightTpl<float>>>>, fst::Matcher<fst::Fst<fst::ArcTpl<fst::TropicalWeightTpl<float>>>>, fst::SequenceComposeFilter<fst::Matcher<fst::Fst<fst::ArcTpl<fst::TropicalWeightTpl<float>>>>>, fst::GenericComposeStateTable<fst::ArcTpl<fst::TropicalWeightTpl<float>>, fst::IntegerFilterState<signed char>>>' requested here
C/C++:   644 |     return CreateBase2(fst1, fst2, nopts);
C/C++:       |            ^
C/C++: /home/user/Doubao/chats/38441059405347074/Operit-1.12.1/app/.cxx/RelWithDebInfo/574s151n/arm64-v8a/_deps/openfst-src/src/include/fst/compose.h:655:16: note: in instantiation of function template specialization 'fst::ComposeFst<fst::ArcTpl<fst::TropicalWeightTpl<float>>>::CreateBase1<fst::Matcher<fst::Fst<fst::ArcTpl<fst::TropicalWeightTpl<float>>>>, fst::SequenceComposeFilter<fst::Matcher<fst::Fst<fst::ArcTpl<fst::TropicalWeightTpl<float>>>>>, fst::GenericComposeStateTable<fst::ArcTpl<fst::TropicalWeightTpl<float>>, fst::IntegerFilterState<signed char>>>' requested here
C/C++:   655 |         return CreateBase1(fst1, fst2, nopts);
C/C++:       |                ^
C/C++: /home/user/Doubao/chats/38441059405347074/Operit-1.12.1/app/.cxx/RelWithDebInfo/574s151n/arm64-v8a/_deps/openfst-src/src/include/fst/compose.h:566:25: note: in instantiation of member function 'fst::ComposeFst<fst::ArcTpl<fst::TropicalWeightTpl<float>>>::CreateBase' requested here
C/C++:   566 |       : ImplToFst<Impl>(CreateBase(fst1, fst2, opts)) {}
C/C++:       |                         ^
C/C++: /home/user/Doubao/chats/38441059405347074/Operit-1.12.1/app/.cxx/RelWithDebInfo/574s151n/arm64-v8a/_deps/openfst-src/src/include/fst/compose.h:974:15: note: in instantiation of member function 'fst::ComposeFst<fst::ArcTpl<fst::TropicalWeightTpl<float>>>::ComposeFst' requested here
C/C++:   974 |       *ofst = ComposeFst<Arc>(ifst1, ifst2, nopts);
C/C++:       |               ^
C/C++: /home/user/Doubao/chats/38441059405347074/Operit-1.12.1/app/.cxx/RelWithDebInfo/574s151n/arm64-v8a/_deps/kaldifst-src/kaldifst/csrc/text-normalizer.cc:193:8: note: in instantiation of function template specialization 'fst::Compose<fst::ArcTpl<fst::TropicalWeightTpl<float>>>' requested here
C/C++:   193 |   fst::Compose(text, *rule_, &composed_fst);
C/C++:       |        ^
C/C++: /home/user/Android/ndk/27.0.12077973/toolchains/llvm/prebuilt/linux-x86_64/sysroot/usr/include/c++/v1/__memory/allocator.h:154:55: note: 'allocate' has been explicitly marked deprecated here
C/C++:   154 |   _LIBCPP_NODISCARD_AFTER_CXX17 _LIBCPP_HIDE_FROM_ABI _LIBCPP_DEPRECATED_IN_CXX17 _Tp*
C/C++:       |                                                       ^
C/C++: /home/user/Android/ndk/27.0.12077973/toolchains/llvm/prebuilt/linux-x86_64/sysroot/usr/include/c++/v1/__config:942:41: note: expanded from macro '_LIBCPP_DEPRECATED_IN_CXX17'
C/C++:   942 | #    define _LIBCPP_DEPRECATED_IN_CXX17 _LIBCPP_DEPRECATED
C/C++:       |                                         ^
C/C++: /home/user/Android/ndk/27.0.12077973/toolchains/llvm/prebuilt/linux-x86_64/sysroot/usr/include/c++/v1/__config:915:49: note: expanded from macro '_LIBCPP_DEPRECATED'
C/C++:   915 | #      define _LIBCPP_DEPRECATED __attribute__((__deprecated__))
C/C++:       |                                                 ^
C/C++: In file included from /home/user/Doubao/chats/38441059405347074/Operit-1.12.1/app/.cxx/RelWithDebInfo/574s151n/arm64-v8a/_deps/kaldifst-src/kaldifst/csrc/text-normalizer.cc:5:
C/C++: In file included from /home/user/Doubao/chats/38441059405347074/Operit-1.12.1/app/.cxx/RelWithDebInfo/574s151n/arm64-v8a/_deps/kaldifst-src/kaldifst/csrc/text-normalizer.h:12:
C/C++: In file included from /home/user/Doubao/chats/38441059405347074/Operit-1.12.1/app/.cxx/RelWithDebInfo/574s151n/arm64-v8a/_deps/openfst-src/src/include/fst/fst.h:28:
C/C++: /home/user/Doubao/chats/38441059405347074/Operit-1.12.1/app/.cxx/RelWithDebInfo/574s151n/arm64-v8a/_deps/openfst-src/src/include/fst/memory.h:338:51: warning: 'max_size' is deprecated [-Wdeprecated-declarations]
C/C++:   338 |   size_type max_size() const { return Allocator().max_size(); }
C/C++:       |                                                   ^
C/C++: /home/user/Android/ndk/27.0.12077973/toolchains/llvm/prebuilt/linux-x86_64/sysroot/usr/include/c++/v1/__memory/allocator_traits.h:322:16: note: in instantiation of member function 'fst::PoolAllocator<fst::ArcTpl<fst::TropicalWeightTpl<float>>>::max_size' requested here
C/C++:   322 |     return __a.max_size();
C/C++:       |                ^
C/C++: /home/user/Android/ndk/27.0.12077973/toolchains/llvm/prebuilt/linux-x86_64/sysroot/usr/include/c++/v1/vector:1031:46: note: in instantiation of function template specialization 'std::allocator_traits<fst::PoolAllocator<fst::ArcTpl<fst::TropicalWeightTpl<float>>>>::max_size<fst::PoolAllocator<fst::ArcTpl<fst::TropicalWeightTpl<float>>>, void>' requested here
C/C++:  1031 |   return std::min<size_type>(__alloc_traits::max_size(this->__alloc()), numeric_limits<difference_type>::max());
C/C++:       |                                              ^
C/C++: /home/user/Android/ndk/27.0.12077973/toolchains/llvm/prebuilt/linux-x86_64/sysroot/usr/include/c++/v1/vector:739:15: note: in instantiation of member function 'std::vector<fst::ArcTpl<fst::TropicalWeightTpl<float>>, fst::PoolAllocator<fst::ArcTpl<fst::TropicalWeightTpl<float>>>>::max_size' requested here
C/C++:   739 |     if (__n > max_size())
C/C++:       |               ^
C/C++: /home/user/Android/ndk/27.0.12077973/toolchains/llvm/prebuilt/linux-x86_64/sysroot/usr/include/c++/v1/vector:759:7: note: in instantiation of member function 'std::vector<fst::ArcTpl<fst::TropicalWeightTpl<float>>, fst::PoolAllocator<fst::ArcTpl<fst::TropicalWeightTpl<float>>>>::__vallocate' requested here
C/C++:   759 |       __vallocate(__n);
C/C++:       |       ^
C/C++: /home/user/Android/ndk/27.0.12077973/toolchains/llvm/prebuilt/linux-x86_64/sysroot/usr/include/c++/v1/vector:1189:3: note: in instantiation of function template specialization 'std::vector<fst::ArcTpl<fst::TropicalWeightTpl<float>>, fst::PoolAllocator<fst::ArcTpl<fst::TropicalWeightTpl<float>>>>::__init_with_size<std::__wrap_iter<const fst::ArcTpl<fst::TropicalWeightTpl<float>> *>, std::__wrap_iter<const fst::ArcTpl<fst::TropicalWeightTpl<float>> *>>' requested here
C/C++:  1189 |   __init_with_size(__first, __last, __n);
C/C++:       |   ^
C/C++: /home/user/Doubao/chats/38441059405347074/Operit-1.12.1/app/.cxx/RelWithDebInfo/574s151n/arm64-v8a/_deps/openfst-src/src/include/fst/cache.h:89:9: note: (skipping 15 contexts in backtrace; use -ftemplate-backtrace-limit=0 to see all)
C/C++:    89 |         arcs_(state.arcs_.begin(), state.arcs_.end(), alloc),
C/C++:       |         ^
C/C++: /home/user/Doubao/chats/38441059405347074/Operit-1.12.1/app/.cxx/RelWithDebInfo/574s151n/arm64-v8a/_deps/openfst-src/src/include/fst/compose.h:644:12: note: in instantiation of function template specialization 'fst::ComposeFst<fst::ArcTpl<fst::TropicalWeightTpl<float>>>::CreateBase2<fst::Matcher<fst::Fst<fst::ArcTpl<fst::TropicalWeightTpl<float>>>>, fst::Matcher<fst::Fst<fst::ArcTpl<fst::TropicalWeightTpl<float>>>>, fst::SequenceComposeFilter<fst::Matcher<fst::Fst<fst::ArcTpl<fst::TropicalWeightTpl<float>>>>>, fst::GenericComposeStateTable<fst::ArcTpl<fst::TropicalWeightTpl<float>>, fst::IntegerFilterState<signed char>>>' requested here
C/C++:   644 |     return CreateBase2(fst1, fst2, nopts);
C/C++:       |            ^
C/C++: /home/user/Doubao/chats/38441059405347074/Operit-1.12.1/app/.cxx/RelWithDebInfo/574s151n/arm64-v8a/_deps/openfst-src/src/include/fst/compose.h:655:16: note: in instantiation of function template specialization 'fst::ComposeFst<fst::ArcTpl<fst::TropicalWeightTpl<float>>>::CreateBase1<fst::Matcher<fst::Fst<fst::ArcTpl<fst::TropicalWeightTpl<float>>>>, fst::SequenceComposeFilter<fst::Matcher<fst::Fst<fst::ArcTpl<fst::TropicalWeightTpl<float>>>>>, fst::GenericComposeStateTable<fst::ArcTpl<fst::TropicalWeightTpl<float>>, fst::IntegerFilterState<signed char>>>' requested here
C/C++:   655 |         return CreateBase1(fst1, fst2, nopts);
C/C++:       |                ^
C/C++: /home/user/Doubao/chats/38441059405347074/Operit-1.12.1/app/.cxx/RelWithDebInfo/574s151n/arm64-v8a/_deps/openfst-src/src/include/fst/compose.h:566:25: note: in instantiation of member function 'fst::ComposeFst<fst::ArcTpl<fst::TropicalWeightTpl<float>>>::CreateBase' requested here
C/C++:   566 |       : ImplToFst<Impl>(CreateBase(fst1, fst2, opts)) {}
C/C++:       |                         ^
C/C++: /home/user/Doubao/chats/38441059405347074/Operit-1.12.1/app/.cxx/RelWithDebInfo/574s151n/arm64-v8a/_deps/openfst-src/src/include/fst/compose.h:974:15: note: in instantiation of member function 'fst::ComposeFst<fst::ArcTpl<fst::TropicalWeightTpl<float>>>::ComposeFst' requested here
C/C++:   974 |       *ofst = ComposeFst<Arc>(ifst1, ifst2, nopts);
C/C++:       |               ^
C/C++: /home/user/Doubao/chats/38441059405347074/Operit-1.12.1/app/.cxx/RelWithDebInfo/574s151n/arm64-v8a/_deps/kaldifst-src/kaldifst/csrc/text-normalizer.cc:193:8: note: in instantiation of function template specialization 'fst::Compose<fst::ArcTpl<fst::TropicalWeightTpl<float>>>' requested here
C/C++:   193 |   fst::Compose(text, *rule_, &composed_fst);
C/C++:       |        ^
C/C++: /home/user/Android/ndk/27.0.12077973/toolchains/llvm/prebuilt/linux-x86_64/sysroot/usr/include/c++/v1/__memory/allocator.h:159:3: note: 'max_size' has been explicitly marked deprecated here
C/C++:   159 |   _LIBCPP_DEPRECATED_IN_CXX17 _LIBCPP_HIDE_FROM_ABI size_type max_size() const _NOEXCEPT {
C/C++:       |   ^
C/C++: /home/user/Android/ndk/27.0.12077973/toolchains/llvm/prebuilt/linux-x86_64/sysroot/usr/include/c++/v1/__config:942:41: note: expanded from macro '_LIBCPP_DEPRECATED_IN_CXX17'
C/C++:   942 | #    define _LIBCPP_DEPRECATED_IN_CXX17 _LIBCPP_DEPRECATED
C/C++:       |                                         ^
C/C++: /home/user/Android/ndk/27.0.12077973/toolchains/llvm/prebuilt/linux-x86_64/sysroot/usr/include/c++/v1/__config:915:49: note: expanded from macro '_LIBCPP_DEPRECATED'
C/C++:   915 | #      define _LIBCPP_DEPRECATED __attribute__((__deprecated__))
C/C++:       |                                                 ^
C/C++: In file included from /home/user/Doubao/chats/38441059405347074/Operit-1.12.1/app/.cxx/RelWithDebInfo/574s151n/arm64-v8a/_deps/kaldifst-src/kaldifst/csrc/text-normalizer.cc:5:
C/C++: In file included from /home/user/Doubao/chats/38441059405347074/Operit-1.12.1/app/.cxx/RelWithDebInfo/574s151n/arm64-v8a/_deps/kaldifst-src/kaldifst/csrc/text-normalizer.h:12:
C/C++: In file included from /home/user/Doubao/chats/38441059405347074/Operit-1.12.1/app/.cxx/RelWithDebInfo/574s151n/arm64-v8a/_deps/openfst-src/src/include/fst/fst.h:28:
C/C++: /home/user/Doubao/chats/38441059405347074/Operit-1.12.1/app/.cxx/RelWithDebInfo/574s151n/arm64-v8a/_deps/openfst-src/src/include/fst/memory.h:363:26: warning: 'allocate' is deprecated [-Wdeprecated-declarations]
C/C++:   363 |       return Allocator().allocate(n, hint);
C/C++:       |                          ^
C/C++: /home/user/Android/ndk/27.0.12077973/toolchains/llvm/prebuilt/linux-x86_64/sysroot/usr/include/c++/v1/__memory/allocate_at_least.h:55:19: note: in instantiation of member function 'fst::PoolAllocator<fst::ArcTpl<fst::TropicalWeightTpl<float>>>::allocate' requested here
C/C++:    55 |   return {__alloc.allocate(__n), __n};
C/C++:       |                   ^
C/C++: /home/user/Android/ndk/27.0.12077973/toolchains/llvm/prebuilt/linux-x86_64/sysroot/usr/include/c++/v1/vector:759:7: note: in instantiation of member function 'std::vector<fst::ArcTpl<fst::TropicalWeightTpl<float>>, fst::PoolAllocator<fst::ArcTpl<fst::TropicalWeightTpl<float>>>>::__vallocate' requested here
C/C++:   759 |       __vallocate(__n);
C/C++:       |       ^
C/C++: /home/user/Android/ndk/27.0.12077973/toolchains/llvm/prebuilt/linux-x86_64/sysroot/usr/include/c++/v1/vector:1189:3: note: in instantiation of function template specialization 'std::vector<fst::ArcTpl<fst::TropicalWeightTpl<float>>, fst::PoolAllocator<fst::ArcTpl<fst::TropicalWeightTpl<float>>>>::__init_with_size<std::__wrap_iter<const fst::ArcTpl<fst::TropicalWeightTpl<float>> *>, std::__wrap_iter<const fst::ArcTpl<fst::TropicalWeightTpl<float>> *>>' requested here
C/C++:  1189 |   __init_with_size(__first, __last, __n);
C/C++:       |   ^
C/C++: /home/user/Doubao/chats/38441059405347074/Operit-1.12.1/app/.cxx/RelWithDebInfo/574s151n/arm64-v8a/_deps/openfst-src/src/include/fst/cache.h:89:9: note: in instantiation of function template specialization 'std::vector<fst::ArcTpl<fst::TropicalWeightTpl<float>>, fst::PoolAllocator<fst::ArcTpl<fst::TropicalWeightTpl<float>>>>::vector<std::__wrap_iter<const fst::ArcTpl<fst::TropicalWeightTpl<float>> *>, 0>' requested here
C/C++:    89 |         arcs_(state.arcs_.begin(), state.arcs_.end(), alloc),
C/C++:       |         ^
C/C++: /home/user/Doubao/chats/38441059405347074/Operit-1.12.1/app/.cxx/RelWithDebInfo/574s151n/arm64-v8a/_deps/openfst-src/src/include/fst/cache.h:363:37: note: in instantiation of member function 'fst::CacheState<fst::ArcTpl<fst::TropicalWeightTpl<float>>>::CacheState' requested here
C/C++:   363 |         state = new (&state_alloc_) State(*store_state, arc_alloc_);
C/C++:       |                                     ^
C/C++: /home/user/Doubao/chats/38441059405347074/Operit-1.12.1/app/.cxx/RelWithDebInfo/574s151n/arm64-v8a/_deps/openfst-src/src/include/fst/cache.h:289:7: note: (skipping 13 contexts in backtrace; use -ftemplate-backtrace-limit=0 to see all)
C/C++:   289 |       CopyStates(store);
C/C++:       |       ^
C/C++: /home/user/Doubao/chats/38441059405347074/Operit-1.12.1/app/.cxx/RelWithDebInfo/574s151n/arm64-v8a/_deps/openfst-src/src/include/fst/compose.h:644:12: note: in instantiation of function template specialization 'fst::ComposeFst<fst::ArcTpl<fst::TropicalWeightTpl<float>>>::CreateBase2<fst::Matcher<fst::Fst<fst::ArcTpl<fst::TropicalWeightTpl<float>>>>, fst::Matcher<fst::Fst<fst::ArcTpl<fst::TropicalWeightTpl<float>>>>, fst::SequenceComposeFilter<fst::Matcher<fst::Fst<fst::ArcTpl<fst::TropicalWeightTpl<float>>>>>, fst::GenericComposeStateTable<fst::ArcTpl<fst::TropicalWeightTpl<float>>, fst::IntegerFilterState<signed char>>>' requested here
C/C++:   644 |     return CreateBase2(fst1, fst2, nopts);
C/C++:       |            ^
C/C++: /home/user/Doubao/chats/38441059405347074/Operit-1.12.1/app/.cxx/RelWithDebInfo/574s151n/arm64-v8a/_deps/openfst-src/src/include/fst/compose.h:655:16: note: in instantiation of function template specialization 'fst::ComposeFst<fst::ArcTpl<fst::TropicalWeightTpl<float>>>::CreateBase1<fst::Matcher<fst::Fst<fst::ArcTpl<fst::TropicalWeightTpl<float>>>>, fst::SequenceComposeFilter<fst::Matcher<fst::Fst<fst::ArcTpl<fst::TropicalWeightTpl<float>>>>>, fst::GenericComposeStateTable<fst::ArcTpl<fst::TropicalWeightTpl<float>>, fst::IntegerFilterState<signed char>>>' requested here
C/C++:   655 |         return CreateBase1(fst1, fst2, nopts);
C/C++:       |                ^
C/C++: /home/user/Doubao/chats/38441059405347074/Operit-1.12.1/app/.cxx/RelWithDebInfo/574s151n/arm64-v8a/_deps/openfst-src/src/include/fst/compose.h:566:25: note: in instantiation of member function 'fst::ComposeFst<fst::ArcTpl<fst::TropicalWeightTpl<float>>>::CreateBase' requested here
C/C++:   566 |       : ImplToFst<Impl>(CreateBase(fst1, fst2, opts)) {}
C/C++:       |                         ^
C/C++: /home/user/Doubao/chats/38441059405347074/Operit-1.12.1/app/.cxx/RelWithDebInfo/574s151n/arm64-v8a/_deps/openfst-src/src/include/fst/compose.h:974:15: note: in instantiation of member function 'fst::ComposeFst<fst::ArcTpl<fst::TropicalWeightTpl<float>>>::ComposeFst' requested here
C/C++:   974 |       *ofst = ComposeFst<Arc>(ifst1, ifst2, nopts);
C/C++:       |               ^
C/C++: /home/user/Doubao/chats/38441059405347074/Operit-1.12.1/app/.cxx/RelWithDebInfo/574s151n/arm64-v8a/_deps/kaldifst-src/kaldifst/csrc/text-normalizer.cc:193:8: note: in instantiation of function template specialization 'fst::Compose<fst::ArcTpl<fst::TropicalWeightTpl<float>>>' requested here
C/C++:   193 |   fst::Compose(text, *rule_, &composed_fst);
C/C++:       |        ^
C/C++: /home/user/Android/ndk/27.0.12077973/toolchains/llvm/prebuilt/linux-x86_64/sysroot/usr/include/c++/v1/__memory/allocator.h:154:55: note: 'allocate' has been explicitly marked deprecated here
C/C++:   154 |   _LIBCPP_NODISCARD_AFTER_CXX17 _LIBCPP_HIDE_FROM_ABI _LIBCPP_DEPRECATED_IN_CXX17 _Tp*
C/C++:       |                                                       ^
C/C++: /home/user/Android/ndk/27.0.12077973/toolchains/llvm/prebuilt/linux-x86_64/sysroot/usr/include/c++/v1/__config:942:41: note: expanded from macro '_LIBCPP_DEPRECATED_IN_CXX17'
C/C++:   942 | #    define _LIBCPP_DEPRECATED_IN_CXX17 _LIBCPP_DEPRECATED
C/C++:       |                                         ^
C/C++: /home/user/Android/ndk/27.0.12077973/toolchains/llvm/prebuilt/linux-x86_64/sysroot/usr/include/c++/v1/__config:915:49: note: expanded from macro '_LIBCPP_DEPRECATED'
C/C++:   915 | #      define _LIBCPP_DEPRECATED __attribute__((__deprecated__))
C/C++:       |                                                 ^
C/C++: In file included from /home/user/Doubao/chats/38441059405347074/Operit-1.12.1/app/.cxx/RelWithDebInfo/574s151n/arm64-v8a/_deps/kaldifst-src/kaldifst/csrc/text-normalizer.cc:5:
C/C++: In file included from /home/user/Doubao/chats/38441059405347074/Operit-1.12.1/app/.cxx/RelWithDebInfo/574s151n/arm64-v8a/_deps/kaldifst-src/kaldifst/csrc/text-normalizer.h:12:
C/C++: In file included from /home/user/Doubao/chats/38441059405347074/Operit-1.12.1/app/.cxx/RelWithDebInfo/574s151n/arm64-v8a/_deps/openfst-src/src/include/fst/fst.h:28:
C/C++: /home/user/Doubao/chats/38441059405347074/Operit-1.12.1/app/.cxx/RelWithDebInfo/574s151n/arm64-v8a/_deps/openfst-src/src/include/fst/memory.h:342:17: warning: 'construct' is deprecated [-Wdeprecated-declarations]
C/C++:   342 |     Allocator().construct(p, std::forward<Args>(args)...);
C/C++:       |                 ^
C/C++: /home/user/Android/ndk/27.0.12077973/toolchains/llvm/prebuilt/linux-x86_64/sysroot/usr/include/c++/v1/__memory/allocator_traits.h:296:9: note: in instantiation of function template specialization 'fst::PoolAllocator<fst::ArcTpl<fst::TropicalWeightTpl<float>>>::construct<fst::ArcTpl<fst::TropicalWeightTpl<float>>, const fst::ArcTpl<fst::TropicalWeightTpl<float>> &>' requested here
C/C++:   296 |     __a.construct(__p, std::forward<_Args>(__args)...);
C/C++:       |         ^
C/C++: /home/user/Android/ndk/27.0.12077973/toolchains/llvm/prebuilt/linux-x86_64/sysroot/usr/include/c++/v1/__memory/uninitialized_algorithms.h:547:31: note: in instantiation of function template specialization 'std::allocator_traits<fst::PoolAllocator<fst::ArcTpl<fst::TropicalWeightTpl<float>>>>::construct<fst::ArcTpl<fst::TropicalWeightTpl<float>>, const fst::ArcTpl<fst::TropicalWeightTpl<float>> &, void>' requested here
C/C++:   547 |     allocator_traits<_Alloc>::construct(__alloc, std::__to_address(__first2), *__first1);
C/C++:       |                               ^
C/C++: /home/user/Android/ndk/27.0.12077973/toolchains/llvm/prebuilt/linux-x86_64/sysroot/usr/include/c++/v1/__memory/uninitialized_algorithms.h:589:33: note: in instantiation of function template specialization 'std::__uninitialized_allocator_copy_impl<fst::PoolAllocator<fst::ArcTpl<fst::TropicalWeightTpl<float>>>, const fst::ArcTpl<fst::TropicalWeightTpl<float>> *, const fst::ArcTpl<fst::TropicalWeightTpl<float>> *, fst::ArcTpl<fst::TropicalWeightTpl<float>> *>' requested here
C/C++:   589 |   auto __result          = std::__uninitialized_allocator_copy_impl(
C/C++:       |                                 ^
C/C++: /home/user/Android/ndk/27.0.12077973/toolchains/llvm/prebuilt/linux-x86_64/sysroot/usr/include/c++/v1/vector:1082:22: note: in instantiation of function template specialization 'std::__uninitialized_allocator_copy<fst::PoolAllocator<fst::ArcTpl<fst::TropicalWeightTpl<float>>>, std::__wrap_iter<const fst::ArcTpl<fst::TropicalWeightTpl<float>> *>, std::__wrap_iter<const fst::ArcTpl<fst::TropicalWeightTpl<float>> *>, fst::ArcTpl<fst::TropicalWeightTpl<float>> *>' requested here
C/C++:  1082 |   __tx.__pos_ = std::__uninitialized_allocator_copy(__alloc(), __first, __last, __tx.__pos_);
C/C++:       |                      ^
C/C++: /home/user/Android/ndk/27.0.12077973/toolchains/llvm/prebuilt/linux-x86_64/sysroot/usr/include/c++/v1/vector:760:7: note: in instantiation of function template specialization 'std::vector<fst::ArcTpl<fst::TropicalWeightTpl<float>>, fst::PoolAllocator<fst::ArcTpl<fst::TropicalWeightTpl<float>>>>::__construct_at_end<std::__wrap_iter<const fst::ArcTpl<fst::TropicalWeightTpl<float>> *>, std::__wrap_iter<const fst::ArcTpl<fst::TropicalWeightTpl<float>> *>>' requested here
C/C++:   760 |       __construct_at_end(__first, __last, __n);
C/C++:       |       ^
C/C++: /home/user/Android/ndk/27.0.12077973/toolchains/llvm/prebuilt/linux-x86_64/sysroot/usr/include/c++/v1/vector:1189:3: note: (skipping 16 contexts in backtrace; use -ftemplate-backtrace-limit=0 to see all)
C/C++:  1189 |   __init_with_size(__first, __last, __n);
C/C++:       |   ^
C/C++: /home/user/Doubao/chats/38441059405347074/Operit-1.12.1/app/.cxx/RelWithDebInfo/574s151n/arm64-v8a/_deps/openfst-src/src/include/fst/compose.h:644:12: note: in instantiation of function template specialization 'fst::ComposeFst<fst::ArcTpl<fst::TropicalWeightTpl<float>>>::CreateBase2<fst::Matcher<fst::Fst<fst::ArcTpl<fst::TropicalWeightTpl<float>>>>, fst::Matcher<fst::Fst<fst::ArcTpl<fst::TropicalWeightTpl<float>>>>, fst::SequenceComposeFilter<fst::Matcher<fst::Fst<fst::ArcTpl<fst::TropicalWeightTpl<float>>>>>, fst::GenericComposeStateTable<fst::ArcTpl<fst::TropicalWeightTpl<float>>, fst::IntegerFilterState<signed char>>>' requested here
C/C++:   644 |     return CreateBase2(fst1, fst2, nopts);
C/C++:       |            ^
C/C++: /home/user/Doubao/chats/38441059405347074/Operit-1.12.1/app/.cxx/RelWithDebInfo/574s151n/arm64-v8a/_deps/openfst-src/src/include/fst/compose.h:655:16: note: in instantiation of function template specialization 'fst::ComposeFst<fst::ArcTpl<fst::TropicalWeightTpl<float>>>::CreateBase1<fst::Matcher<fst::Fst<fst::ArcTpl<fst::TropicalWeightTpl<float>>>>, fst::SequenceComposeFilter<fst::Matcher<fst::Fst<fst::ArcTpl<fst::TropicalWeightTpl<float>>>>>, fst::GenericComposeStateTable<fst::ArcTpl<fst::TropicalWeightTpl<float>>, fst::IntegerFilterState<signed char>>>' requested here
C/C++:   655 |         return CreateBase1(fst1, fst2, nopts);
C/C++:       |                ^
C/C++: /home/user/Doubao/chats/38441059405347074/Operit-1.12.1/app/.cxx/RelWithDebInfo/574s151n/arm64-v8a/_deps/openfst-src/src/include/fst/compose.h:566:25: note: in instantiation of member function 'fst::ComposeFst<fst::ArcTpl<fst::TropicalWeightTpl<float>>>::CreateBase' requested here
C/C++:   566 |       : ImplToFst<Impl>(CreateBase(fst1, fst2, opts)) {}
C/C++:       |                         ^
C/C++: /home/user/Doubao/chats/38441059405347074/Operit-1.12.1/app/.cxx/RelWithDebInfo/574s151n/arm64-v8a/_deps/openfst-src/src/include/fst/compose.h:974:15: note: in instantiation of member function 'fst::ComposeFst<fst::ArcTpl<fst::TropicalWeightTpl<float>>>::ComposeFst' requested here
C/C++:   974 |       *ofst = ComposeFst<Arc>(ifst1, ifst2, nopts);
C/C++:       |               ^
C/C++: /home/user/Doubao/chats/38441059405347074/Operit-1.12.1/app/.cxx/RelWithDebInfo/574s151n/arm64-v8a/_deps/kaldifst-src/kaldifst/csrc/text-normalizer.cc:193:8: note: in instantiation of function template specialization 'fst::Compose<fst::ArcTpl<fst::TropicalWeightTpl<float>>>' requested here
C/C++:   193 |   fst::Compose(text, *rule_, &composed_fst);
C/C++:       |        ^
C/C++: /home/user/Android/ndk/27.0.12077973/toolchains/llvm/prebuilt/linux-x86_64/sysroot/usr/include/c++/v1/__memory/allocator.h:164:58: note: 'construct' has been explicitly marked deprecated here
C/C++:   164 |   _LIBCPP_DEPRECATED_IN_CXX17 _LIBCPP_HIDE_FROM_ABI void construct(_Up* __p, _Args&&... __args) {
C/C++:       |                                                          ^
C/C++: In file included from /home/user/Doubao/chats/38441059405347074/Operit-1.12.1/app/.cxx/RelWithDebInfo/574s151n/arm64-v8a/_deps/kaldifst-src/kaldifst/csrc/text-normalizer.cc:5:
C/C++: In file included from /home/user/Doubao/chats/38441059405347074/Operit-1.12.1/app/.cxx/RelWithDebInfo/574s151n/arm64-v8a/_deps/kaldifst-src/kaldifst/csrc/text-normalizer.h:12:
C/C++: In file included from /home/user/Doubao/chats/38441059405347074/Operit-1.12.1/app/.cxx/RelWithDebInfo/574s151n/arm64-v8a/_deps/openfst-src/src/include/fst/fst.h:28:
C/C++: /home/user/Doubao/chats/38441059405347074/Operit-1.12.1/app/.cxx/RelWithDebInfo/574s151n/arm64-v8a/_deps/openfst-src/src/include/fst/memory.h:342:17: warning: 'construct<fst::ArcTpl<fst::TropicalWeightTpl<float>>, const fst::ArcTpl<fst::TropicalWeightTpl<float>> &>' is deprecated [-Wdeprecated-declarations]
C/C++:   342 |     Allocator().construct(p, std::forward<Args>(args)...);
C/C++:       |                 ^
C/C++: /home/user/Android/ndk/27.0.12077973/toolchains/llvm/prebuilt/linux-x86_64/sysroot/usr/include/c++/v1/__memory/allocator.h:164:3: note: 'construct<fst::ArcTpl<fst::TropicalWeightTpl<float>>, const fst::ArcTpl<fst::TropicalWeightTpl<float>> &>' has been explicitly marked deprecated here
C/C++:   164 |   _LIBCPP_DEPRECATED_IN_CXX17 _LIBCPP_HIDE_FROM_ABI void construct(_Up* __p, _Args&&... __args) {
C/C++:       |   ^
C/C++: /home/user/Android/ndk/27.0.12077973/toolchains/llvm/prebuilt/linux-x86_64/sysroot/usr/include/c++/v1/__config:942:41: note: expanded from macro '_LIBCPP_DEPRECATED_IN_CXX17'
C/C++:   942 | #    define _LIBCPP_DEPRECATED_IN_CXX17 _LIBCPP_DEPRECATED
C/C++:       |                                         ^
C/C++: /home/user/Android/ndk/27.0.12077973/toolchains/llvm/prebuilt/linux-x86_64/sysroot/usr/include/c++/v1/__config:915:49: note: expanded from macro '_LIBCPP_DEPRECATED'
C/C++:   915 | #      define _LIBCPP_DEPRECATED __attribute__((__deprecated__))
C/C++:       |                                                 ^
C/C++: In file included from /home/user/Doubao/chats/38441059405347074/Operit-1.12.1/app/.cxx/RelWithDebInfo/574s151n/arm64-v8a/_deps/kaldifst-src/kaldifst/csrc/text-normalizer.cc:5:
C/C++: In file included from /home/user/Doubao/chats/38441059405347074/Operit-1.12.1/app/.cxx/RelWithDebInfo/574s151n/arm64-v8a/_deps/kaldifst-src/kaldifst/csrc/text-normalizer.h:12:
C/C++: In file included from /home/user/Doubao/chats/38441059405347074/Operit-1.12.1/app/.cxx/RelWithDebInfo/574s151n/arm64-v8a/_deps/openfst-src/src/include/fst/fst.h:28:
C/C++: /home/user/Doubao/chats/38441059405347074/Operit-1.12.1/app/.cxx/RelWithDebInfo/574s151n/arm64-v8a/_deps/openfst-src/src/include/fst/memory.h:363:26: warning: 'allocate' is deprecated [-Wdeprecated-declarations]
C/C++:   363 |       return Allocator().allocate(n, hint);
C/C++:       |                          ^
C/C++: /home/user/Doubao/chats/38441059405347074/Operit-1.12.1/app/.cxx/RelWithDebInfo/574s151n/arm64-v8a/_deps/openfst-src/src/include/fst/cache.h:185:19: note: in instantiation of member function 'fst::PoolAllocator<fst::CacheState<fst::ArcTpl<fst::TropicalWeightTpl<float>>>>::allocate' requested here
C/C++:   185 |     return alloc->allocate(1);
C/C++:       |                   ^
C/C++: /home/user/Doubao/chats/38441059405347074/Operit-1.12.1/app/.cxx/RelWithDebInfo/574s151n/arm64-v8a/_deps/openfst-src/src/include/fst/cache.h:363:17: note: in instantiation of member function 'fst::CacheState<fst::ArcTpl<fst::TropicalWeightTpl<float>>>::operator new' requested here
C/C++:   363 |         state = new (&state_alloc_) State(*store_state, arc_alloc_);
C/C++:       |                 ^
C/C++: /home/user/Doubao/chats/38441059405347074/Operit-1.12.1/app/.cxx/RelWithDebInfo/574s151n/arm64-v8a/_deps/openfst-src/src/include/fst/cache.h:289:7: note: in instantiation of member function 'fst::VectorCacheStore<fst::CacheState<fst::ArcTpl<fst::TropicalWeightTpl<float>>>>::CopyStates' requested here
C/C++:   289 |       CopyStates(store);
C/C++:       |       ^
C/C++: /home/user/Doubao/chats/38441059405347074/Operit-1.12.1/app/.cxx/RelWithDebInfo/574s151n/arm64-v8a/_deps/openfst-src/src/include/fst/cache.h:513:14: note: in instantiation of member function 'fst::VectorCacheStore<fst::CacheState<fst::ArcTpl<fst::TropicalWeightTpl<float>>>>::operator=' requested here
C/C++:   513 |       store_ = store.store_;
C/C++:       |              ^
C/C++: /home/user/Doubao/chats/38441059405347074/Operit-1.12.1/app/.cxx/RelWithDebInfo/574s151n/arm64-v8a/_deps/openfst-src/src/include/fst/cache.h:615:7: note: in instantiation of member function 'fst::FirstCacheStore<fst::VectorCacheStore<fst::CacheState<fst::ArcTpl<fst::TropicalWeightTpl<float>>>>>::operator=' requested here
C/C++:   615 | class GCCacheStore {
C/C++:       |       ^
C/C++: /home/user/Doubao/chats/38441059405347074/Operit-1.12.1/app/.cxx/RelWithDebInfo/574s151n/arm64-v8a/_deps/openfst-src/src/include/fst/compose.h:149:56: note: (skipping 10 contexts in backtrace; use -ftemplate-backtrace-limit=0 to see all)
C/C++:   149 |   ComposeFstImplBase(const ComposeFstImplBase &impl) : CacheImpl(impl, true) {
C/C++:       |                                                        ^
C/C++: /home/user/Doubao/chats/38441059405347074/Operit-1.12.1/app/.cxx/RelWithDebInfo/574s151n/arm64-v8a/_deps/openfst-src/src/include/fst/compose.h:644:12: note: in instantiation of function template specialization 'fst::ComposeFst<fst::ArcTpl<fst::TropicalWeightTpl<float>>>::CreateBase2<fst::Matcher<fst::Fst<fst::ArcTpl<fst::TropicalWeightTpl<float>>>>, fst::Matcher<fst::Fst<fst::ArcTpl<fst::TropicalWeightTpl<float>>>>, fst::SequenceComposeFilter<fst::Matcher<fst::Fst<fst::ArcTpl<fst::TropicalWeightTpl<float>>>>>, fst::GenericComposeStateTable<fst::ArcTpl<fst::TropicalWeightTpl<float>>, fst::IntegerFilterState<signed char>>>' requested here
C/C++:   644 |     return CreateBase2(fst1, fst2, nopts);
C/C++:       |            ^
C/C++: /home/user/Doubao/chats/38441059405347074/Operit-1.12.1/app/.cxx/RelWithDebInfo/574s151n/arm64-v8a/_deps/openfst-src/src/include/fst/compose.h:655:16: note: in instantiation of function template specialization 'fst::ComposeFst<fst::ArcTpl<fst::TropicalWeightTpl<float>>>::CreateBase1<fst::Matcher<fst::Fst<fst::ArcTpl<fst::TropicalWeightTpl<float>>>>, fst::SequenceComposeFilter<fst::Matcher<fst::Fst<fst::ArcTpl<fst::TropicalWeightTpl<float>>>>>, fst::GenericComposeStateTable<fst::ArcTpl<fst::TropicalWeightTpl<float>>, fst::IntegerFilterState<signed char>>>' requested here
C/C++:   655 |         return CreateBase1(fst1, fst2, nopts);
C/C++:       |                ^
C/C++: /home/user/Doubao/chats/38441059405347074/Operit-1.12.1/app/.cxx/RelWithDebInfo/574s151n/arm64-v8a/_deps/openfst-src/src/include/fst/compose.h:566:25: note: in instantiation of member function 'fst::ComposeFst<fst::ArcTpl<fst::TropicalWeightTpl<float>>>::CreateBase' requested here
C/C++:   566 |       : ImplToFst<Impl>(CreateBase(fst1, fst2, opts)) {}
C/C++:       |                         ^
C/C++: /home/user/Doubao/chats/38441059405347074/Operit-1.12.1/app/.cxx/RelWithDebInfo/574s151n/arm64-v8a/_deps/openfst-src/src/include/fst/compose.h:974:15: note: in instantiation of member function 'fst::ComposeFst<fst::ArcTpl<fst::TropicalWeightTpl<float>>>::ComposeFst' requested here
C/C++:   974 |       *ofst = ComposeFst<Arc>(ifst1, ifst2, nopts);
C/C++:       |               ^
C/C++: /home/user/Doubao/chats/38441059405347074/Operit-1.12.1/app/.cxx/RelWithDebInfo/574s151n/arm64-v8a/_deps/kaldifst-src/kaldifst/csrc/text-normalizer.cc:193:8: note: in instantiation of function template specialization 'fst::Compose<fst::ArcTpl<fst::TropicalWeightTpl<float>>>' requested here
C/C++:   193 |   fst::Compose(text, *rule_, &composed_fst);
C/C++:       |        ^
C/C++: /home/user/Android/ndk/27.0.12077973/toolchains/llvm/prebuilt/linux-x86_64/sysroot/usr/include/c++/v1/__memory/allocator.h:154:55: note: 'allocate' has been explicitly marked deprecated here
C/C++:   154 |   _LIBCPP_NODISCARD_AFTER_CXX17 _LIBCPP_HIDE_FROM_ABI _LIBCPP_DEPRECATED_IN_CXX17 _Tp*
C/C++:       |                                                       ^
C/C++: /home/user/Android/ndk/27.0.12077973/toolchains/llvm/prebuilt/linux-x86_64/sysroot/usr/include/c++/v1/__config:942:41: note: expanded from macro '_LIBCPP_DEPRECATED_IN_CXX17'
C/C++:   942 | #    define _LIBCPP_DEPRECATED_IN_CXX17 _LIBCPP_DEPRECATED
C/C++:       |                                         ^
C/C++: /home/user/Android/ndk/27.0.12077973/toolchains/llvm/prebuilt/linux-x86_64/sysroot/usr/include/c++/v1/__config:915:49: note: expanded from macro '_LIBCPP_DEPRECATED'
C/C++:   915 | #      define _LIBCPP_DEPRECATED __attribute__((__deprecated__))
C/C++:       |                                                 ^
C/C++: In file included from /home/user/Doubao/chats/38441059405347074/Operit-1.12.1/app/.cxx/RelWithDebInfo/574s151n/arm64-v8a/_deps/kaldifst-src/kaldifst/csrc/text-normalizer.cc:5:
C/C++: In file included from /home/user/Doubao/chats/38441059405347074/Operit-1.12.1/app/.cxx/RelWithDebInfo/574s151n/arm64-v8a/_deps/kaldifst-src/kaldifst/csrc/text-normalizer.h:12:
C/C++: In file included from /home/user/Doubao/chats/38441059405347074/Operit-1.12.1/app/.cxx/RelWithDebInfo/574s151n/arm64-v8a/_deps/openfst-src/src/include/fst/fst.h:28:
C/C++: /home/user/Doubao/chats/38441059405347074/Operit-1.12.1/app/.cxx/RelWithDebInfo/574s151n/arm64-v8a/_deps/openfst-src/src/include/fst/memory.h:363:26: warning: 'allocate' is deprecated [-Wdeprecated-declarations]
C/C++:   363 |       return Allocator().allocate(n, hint);
C/C++:       |                          ^
C/C++: /home/user/Android/ndk/27.0.12077973/toolchains/llvm/prebuilt/linux-x86_64/sysroot/usr/include/c++/v1/__memory/allocator_traits.h:269:16: note: in instantiation of member function 'fst::PoolAllocator<std::__list_node<int, void *>>::allocate' requested here
C/C++:   269 |     return __a.allocate(__n);
C/C++:       |                ^
C/C++: /home/user/Android/ndk/27.0.12077973/toolchains/llvm/prebuilt/linux-x86_64/sysroot/usr/include/c++/v1/__memory/allocation_guard.h:56:42: note: in instantiation of member function 'std::allocator_traits<fst::PoolAllocator<std::__list_node<int, void *>>>::allocate' requested here
C/C++:    56 |         __ptr_(allocator_traits<_Alloc>::allocate(__alloc_, __n_)) // initialization order is important
C/C++:       |                                          ^
C/C++: /home/user/Android/ndk/27.0.12077973/toolchains/llvm/prebuilt/linux-x86_64/sysroot/usr/include/c++/v1/list:556:42: note: in instantiation of function template specialization 'std::__allocation_guard<fst::PoolAllocator<std::__list_node<int, void *>>>::__allocation_guard<fst::PoolAllocator<std::__list_node<int, void *>>>' requested here
C/C++:   556 |     __allocation_guard<__node_allocator> __guard(__alloc, 1);
C/C++:       |                                          ^
C/C++: /home/user/Android/ndk/27.0.12077973/toolchains/llvm/prebuilt/linux-x86_64/sysroot/usr/include/c++/v1/list:1256:33: note: in instantiation of function template specialization 'std::__list_imp<int, fst::PoolAllocator<int>>::__create_node<const int &>' requested here
C/C++:  1256 |   __node_pointer __node = this->__create_node(/* prev = */ nullptr, /* next = */ nullptr, __x);
C/C++:       |                                 ^
C/C++: /home/user/Doubao/chats/38441059405347074/Operit-1.12.1/app/.cxx/RelWithDebInfo/574s151n/arm64-v8a/_deps/openfst-src/src/include/fst/cache.h:364:36: note: in instantiation of member function 'std::list<int, fst::PoolAllocator<int>>::push_back' requested here
C/C++:   364 |         if (cache_gc_) state_list_.push_back(s);
C/C++:       |                                    ^
C/C++: /home/user/Doubao/chats/38441059405347074/Operit-1.12.1/app/.cxx/RelWithDebInfo/574s151n/arm64-v8a/_deps/openfst-src/src/include/fst/cache.h:289:7: note: (skipping 13 contexts in backtrace; use -ftemplate-backtrace-limit=0 to see all)
C/C++:   289 |       CopyStates(store);
C/C++:       |       ^
C/C++: /home/user/Doubao/chats/38441059405347074/Operit-1.12.1/app/.cxx/RelWithDebInfo/574s151n/arm64-v8a/_deps/openfst-src/src/include/fst/compose.h:644:12: note: in instantiation of function template specialization 'fst::ComposeFst<fst::ArcTpl<fst::TropicalWeightTpl<float>>>::CreateBase2<fst::Matcher<fst::Fst<fst::ArcTpl<fst::TropicalWeightTpl<float>>>>, fst::Matcher<fst::Fst<fst::ArcTpl<fst::TropicalWeightTpl<float>>>>, fst::SequenceComposeFilter<fst::Matcher<fst::Fst<fst::ArcTpl<fst::TropicalWeightTpl<float>>>>>, fst::GenericComposeStateTable<fst::ArcTpl<fst::TropicalWeightTpl<float>>, fst::IntegerFilterState<signed char>>>' requested here
C/C++:   644 |     return CreateBase2(fst1, fst2, nopts);
C/C++:       |            ^
C/C++: /home/user/Doubao/chats/38441059405347074/Operit-1.12.1/app/.cxx/RelWithDebInfo/574s151n/arm64-v8a/_deps/openfst-src/src/include/fst/compose.h:655:16: note: in instantiation of function template specialization 'fst::ComposeFst<fst::ArcTpl<fst::TropicalWeightTpl<float>>>::CreateBase1<fst::Matcher<fst::Fst<fst::ArcTpl<fst::TropicalWeightTpl<float>>>>, fst::SequenceComposeFilter<fst::Matcher<fst::Fst<fst::ArcTpl<fst::TropicalWeightTpl<float>>>>>, fst::GenericComposeStateTable<fst::ArcTpl<fst::TropicalWeightTpl<float>>, fst::IntegerFilterState<signed char>>>' requested here
C/C++:   655 |         return CreateBase1(fst1, fst2, nopts);
C/C++:       |                ^
C/C++: /home/user/Doubao/chats/38441059405347074/Operit-1.12.1/app/.cxx/RelWithDebInfo/574s151n/arm64-v8a/_deps/openfst-src/src/include/fst/compose.h:566:25: note: in instantiation of member function 'fst::ComposeFst<fst::ArcTpl<fst::TropicalWeightTpl<float>>>::CreateBase' requested here
C/C++:   566 |       : ImplToFst<Impl>(CreateBase(fst1, fst2, opts)) {}
C/C++:       |                         ^
C/C++: /home/user/Doubao/chats/38441059405347074/Operit-1.12.1/app/.cxx/RelWithDebInfo/574s151n/arm64-v8a/_deps/openfst-src/src/include/fst/compose.h:974:15: note: in instantiation of member function 'fst::ComposeFst<fst::ArcTpl<fst::TropicalWeightTpl<float>>>::ComposeFst' requested here
C/C++:   974 |       *ofst = ComposeFst<Arc>(ifst1, ifst2, nopts);
C/C++:       |               ^
C/C++: /home/user/Doubao/chats/38441059405347074/Operit-1.12.1/app/.cxx/RelWithDebInfo/574s151n/arm64-v8a/_deps/kaldifst-src/kaldifst/csrc/text-normalizer.cc:193:8: note: in instantiation of function template specialization 'fst::Compose<fst::ArcTpl<fst::TropicalWeightTpl<float>>>' requested here
C/C++:   193 |   fst::Compose(text, *rule_, &composed_fst);
C/C++:       |        ^
C/C++: /home/user/Android/ndk/27.0.12077973/toolchains/llvm/prebuilt/linux-x86_64/sysroot/usr/include/c++/v1/__memory/allocator.h:154:55: note: 'allocate' has been explicitly marked deprecated here
C/C++:   154 |   _LIBCPP_NODISCARD_AFTER_CXX17 _LIBCPP_HIDE_FROM_ABI _LIBCPP_DEPRECATED_IN_CXX17 _Tp*
C/C++:       |                                                       ^
C/C++: /home/user/Android/ndk/27.0.12077973/toolchains/llvm/prebuilt/linux-x86_64/sysroot/usr/include/c++/v1/__config:942:41: note: expanded from macro '_LIBCPP_DEPRECATED_IN_CXX17'
C/C++:   942 | #    define _LIBCPP_DEPRECATED_IN_CXX17 _LIBCPP_DEPRECATED
C/C++:       |                                         ^
C/C++: /home/user/Android/ndk/27.0.12077973/toolchains/llvm/prebuilt/linux-x86_64/sysroot/usr/include/c++/v1/__config:915:49: note: expanded from macro '_LIBCPP_DEPRECATED'
C/C++:   915 | #      define _LIBCPP_DEPRECATED __attribute__((__deprecated__))
C/C++:       |                                                 ^
C/C++: In file included from /home/user/Doubao/chats/38441059405347074/Operit-1.12.1/app/.cxx/RelWithDebInfo/574s151n/arm64-v8a/_deps/kaldifst-src/kaldifst/csrc/text-normalizer.cc:5:
C/C++: In file included from /home/user/Doubao/chats/38441059405347074/Operit-1.12.1/app/.cxx/RelWithDebInfo/574s151n/arm64-v8a/_deps/kaldifst-src/kaldifst/csrc/text-normalizer.h:12:
C/C++: In file included from /home/user/Doubao/chats/38441059405347074/Operit-1.12.1/app/.cxx/RelWithDebInfo/574s151n/arm64-v8a/_deps/openfst-src/src/include/fst/fst.h:28:
C/C++: /home/user/Doubao/chats/38441059405347074/Operit-1.12.1/app/.cxx/RelWithDebInfo/574s151n/arm64-v8a/_deps/openfst-src/src/include/fst/memory.h:342:17: warning: 'construct' is deprecated [-Wdeprecated-declarations]
C/C++:   342 |     Allocator().construct(p, std::forward<Args>(args)...);
C/C++:       |                 ^
C/C++: /home/user/Android/ndk/27.0.12077973/toolchains/llvm/prebuilt/linux-x86_64/sysroot/usr/include/c++/v1/__memory/allocator_traits.h:296:9: note: in instantiation of function template specialization 'fst::PoolAllocator<std::__list_node<int, void *>>::construct<int, const int &>' requested here
C/C++:   296 |     __a.construct(__p, std::forward<_Args>(__args)...);
C/C++:       |         ^
C/C++: /home/user/Android/ndk/27.0.12077973/toolchains/llvm/prebuilt/linux-x86_64/sysroot/usr/include/c++/v1/list:566:26: note: in instantiation of function template specialization 'std::allocator_traits<fst::PoolAllocator<std::__list_node<int, void *>>>::construct<int, const int &, void>' requested here
C/C++:   566 |     __node_alloc_traits::construct(
C/C++:       |                          ^
C/C++: /home/user/Android/ndk/27.0.12077973/toolchains/llvm/prebuilt/linux-x86_64/sysroot/usr/include/c++/v1/list:1256:33: note: in instantiation of function template specialization 'std::__list_imp<int, fst::PoolAllocator<int>>::__create_node<const int &>' requested here
C/C++:  1256 |   __node_pointer __node = this->__create_node(/* prev = */ nullptr, /* next = */ nullptr, __x);
C/C++:       |                                 ^
C/C++: /home/user/Doubao/chats/38441059405347074/Operit-1.12.1/app/.cxx/RelWithDebInfo/574s151n/arm64-v8a/_deps/openfst-src/src/include/fst/cache.h:364:36: note: in instantiation of member function 'std::list<int, fst::PoolAllocator<int>>::push_back' requested here
C/C++:   364 |         if (cache_gc_) state_list_.push_back(s);
C/C++:       |                                    ^
C/C++: /home/user/Doubao/chats/38441059405347074/Operit-1.12.1/app/.cxx/RelWithDebInfo/574s151n/arm64-v8a/_deps/openfst-src/src/include/fst/cache.h:289:7: note: in instantiation of member function 'fst::VectorCacheStore<fst::CacheState<fst::ArcTpl<fst::TropicalWeightTpl<float>>>>::CopyStates' requested here
C/C++:   289 |       CopyStates(store);
C/C++:       |       ^
C/C++: /home/user/Doubao/chats/38441059405347074/Operit-1.12.1/app/.cxx/RelWithDebInfo/574s151n/arm64-v8a/_deps/openfst-src/src/include/fst/cache.h:513:14: note: (skipping 12 contexts in backtrace; use -ftemplate-backtrace-limit=0 to see all)
C/C++:   513 |       store_ = store.store_;
C/C++:       |              ^
C/C++: /home/user/Doubao/chats/38441059405347074/Operit-1.12.1/app/.cxx/RelWithDebInfo/574s151n/arm64-v8a/_deps/openfst-src/src/include/fst/compose.h:644:12: note: in instantiation of function template specialization 'fst::ComposeFst<fst::ArcTpl<fst::TropicalWeightTpl<float>>>::CreateBase2<fst::Matcher<fst::Fst<fst::ArcTpl<fst::TropicalWeightTpl<float>>>>, fst::Matcher<fst::Fst<fst::ArcTpl<fst::TropicalWeightTpl<float>>>>, fst::SequenceComposeFilter<fst::Matcher<fst::Fst<fst::ArcTpl<fst::TropicalWeightTpl<float>>>>>, fst::GenericComposeStateTable<fst::ArcTpl<fst::TropicalWeightTpl<float>>, fst::IntegerFilterState<signed char>>>' requested here
C/C++:   644 |     return CreateBase2(fst1, fst2, nopts);
C/C++:       |            ^
C/C++: /home/user/Doubao/chats/38441059405347074/Operit-1.12.1/app/.cxx/RelWithDebInfo/574s151n/arm64-v8a/_deps/openfst-src/src/include/fst/compose.h:655:16: note: in instantiation of function template specialization 'fst::ComposeFst<fst::ArcTpl<fst::TropicalWeightTpl<float>>>::CreateBase1<fst::Matcher<fst::Fst<fst::ArcTpl<fst::TropicalWeightTpl<float>>>>, fst::SequenceComposeFilter<fst::Matcher<fst::Fst<fst::ArcTpl<fst::TropicalWeightTpl<float>>>>>, fst::GenericComposeStateTable<fst::ArcTpl<fst::TropicalWeightTpl<float>>, fst::IntegerFilterState<signed char>>>' requested here
C/C++:   655 |         return CreateBase1(fst1, fst2, nopts);
C/C++:       |                ^
C/C++: /home/user/Doubao/chats/38441059405347074/Operit-1.12.1/app/.cxx/RelWithDebInfo/574s151n/arm64-v8a/_deps/openfst-src/src/include/fst/compose.h:566:25: note: in instantiation of member function 'fst::ComposeFst<fst::ArcTpl<fst::TropicalWeightTpl<float>>>::CreateBase' requested here
C/C++:   566 |       : ImplToFst<Impl>(CreateBase(fst1, fst2, opts)) {}
C/C++:       |                         ^
C/C++: /home/user/Doubao/chats/38441059405347074/Operit-1.12.1/app/.cxx/RelWithDebInfo/574s151n/arm64-v8a/_deps/openfst-src/src/include/fst/compose.h:974:15: note: in instantiation of member function 'fst::ComposeFst<fst::ArcTpl<fst::TropicalWeightTpl<float>>>::ComposeFst' requested here
C/C++:   974 |       *ofst = ComposeFst<Arc>(ifst1, ifst2, nopts);
C/C++:       |               ^
C/C++: /home/user/Doubao/chats/38441059405347074/Operit-1.12.1/app/.cxx/RelWithDebInfo/574s151n/arm64-v8a/_deps/kaldifst-src/kaldifst/csrc/text-normalizer.cc:193:8: note: in instantiation of function template specialization 'fst::Compose<fst::ArcTpl<fst::TropicalWeightTpl<float>>>' requested here
C/C++:   193 |   fst::Compose(text, *rule_, &composed_fst);
C/C++:       |        ^
C/C++: /home/user/Android/ndk/27.0.12077973/toolchains/llvm/prebuilt/linux-x86_64/sysroot/usr/include/c++/v1/__memory/allocator.h:164:58: note: 'construct' has been explicitly marked deprecated here
C/C++:   164 |   _LIBCPP_DEPRECATED_IN_CXX17 _LIBCPP_HIDE_FROM_ABI void construct(_Up* __p, _Args&&... __args) {
C/C++:       |                                                          ^
C/C++: In file included from /home/user/Doubao/chats/38441059405347074/Operit-1.12.1/app/.cxx/RelWithDebInfo/574s151n/arm64-v8a/_deps/kaldifst-src/kaldifst/csrc/text-normalizer.cc:5:
C/C++: In file included from /home/user/Doubao/chats/38441059405347074/Operit-1.12.1/app/.cxx/RelWithDebInfo/574s151n/arm64-v8a/_deps/kaldifst-src/kaldifst/csrc/text-normalizer.h:12:
C/C++: In file included from /home/user/Doubao/chats/38441059405347074/Operit-1.12.1/app/.cxx/RelWithDebInfo/574s151n/arm64-v8a/_deps/openfst-src/src/include/fst/fst.h:28:
C/C++: /home/user/Doubao/chats/38441059405347074/Operit-1.12.1/app/.cxx/RelWithDebInfo/574s151n/arm64-v8a/_deps/openfst-src/src/include/fst/memory.h:342:17: warning: 'construct<int, const int &>' is deprecated [-Wdeprecated-declarations]
C/C++:   342 |     Allocator().construct(p, std::forward<Args>(args)...);
C/C++:       |                 ^
C/C++: /home/user/Android/ndk/27.0.12077973/toolchains/llvm/prebuilt/linux-x86_64/sysroot/usr/include/c++/v1/__memory/allocator.h:164:3: note: 'construct<int, const int &>' has been explicitly marked deprecated here
C/C++:   164 |   _LIBCPP_DEPRECATED_IN_CXX17 _LIBCPP_HIDE_FROM_ABI void construct(_Up* __p, _Args&&... __args) {
C/C++:       |   ^
C/C++: /home/user/Android/ndk/27.0.12077973/toolchains/llvm/prebuilt/linux-x86_64/sysroot/usr/include/c++/v1/__config:942:41: note: expanded from macro '_LIBCPP_DEPRECATED_IN_CXX17'
C/C++:   942 | #    define _LIBCPP_DEPRECATED_IN_CXX17 _LIBCPP_DEPRECATED
C/C++:       |                                         ^
C/C++: /home/user/Android/ndk/27.0.12077973/toolchains/llvm/prebuilt/linux-x86_64/sysroot/usr/include/c++/v1/__config:915:49: note: expanded from macro '_LIBCPP_DEPRECATED'
C/C++:   915 | #      define _LIBCPP_DEPRECATED __attribute__((__deprecated__))
C/C++:       |                                                 ^
C/C++: In file included from /home/user/Doubao/chats/38441059405347074/Operit-1.12.1/app/.cxx/RelWithDebInfo/574s151n/arm64-v8a/_deps/kaldifst-src/kaldifst/csrc/text-normalizer.cc:5:
C/C++: In file included from /home/user/Doubao/chats/38441059405347074/Operit-1.12.1/app/.cxx/RelWithDebInfo/574s151n/arm64-v8a/_deps/kaldifst-src/kaldifst/csrc/text-normalizer.h:12:
C/C++: In file included from /home/user/Doubao/chats/38441059405347074/Operit-1.12.1/app/.cxx/RelWithDebInfo/574s151n/arm64-v8a/_deps/openfst-src/src/include/fst/fst.h:28:
C/C++: /home/user/Doubao/chats/38441059405347074/Operit-1.12.1/app/.cxx/RelWithDebInfo/574s151n/arm64-v8a/_deps/openfst-src/src/include/fst/memory.h:363:26: warning: 'allocate' is deprecated [-Wdeprecated-declarations]
C/C++:   363 |       return Allocator().allocate(n, hint);
C/C++:       |                          ^
C/C++: /home/user/Android/ndk/27.0.12077973/toolchains/llvm/prebuilt/linux-x86_64/sysroot/usr/include/c++/v1/__memory/allocator_traits.h:269:16: note: in instantiation of member function 'fst::PoolAllocator<std::__hash_node<int, void *>>::allocate' requested here
C/C++:   269 |     return __a.allocate(__n);
C/C++:       |                ^
C/C++: /home/user/Android/ndk/27.0.12077973/toolchains/llvm/prebuilt/linux-x86_64/sysroot/usr/include/c++/v1/__hash_table:1785:36: note: in instantiation of member function 'std::allocator_traits<fst::PoolAllocator<std::__hash_node<int, void *>>>::allocate' requested here
C/C++:  1785 |   __node_holder __h(__node_traits::allocate(__na, 1), _Dp(__na));
C/C++:       |                                    ^
C/C++: /home/user/Android/ndk/27.0.12077973/toolchains/llvm/prebuilt/linux-x86_64/sysroot/usr/include/c++/v1/__hash_table:1492:25: note: in instantiation of function template specialization 'std::__hash_table<int, fst::CompactHashBiTable<int, fst::DefaultComposeStateTuple<int, fst::IntegerFilterState<signed char>>, fst::ComposeHash<fst::DefaultComposeStateTuple<int, fst::IntegerFilterState<signed char>>>>::HashFunc, fst::CompactHashBiTable<int, fst::DefaultComposeStateTuple<int, fst::IntegerFilterState<signed char>>, fst::ComposeHash<fst::DefaultComposeStateTuple<int, fst::IntegerFilterState<signed char>>>>::HashEqual, fst::PoolAllocator<int>>::__construct_node_hash<const int &>' requested here
C/C++:  1492 |     __node_holder __h = __construct_node_hash(__hash, std::forward<_Args>(__args)...);
C/C++:       |                         ^
C/C++: /home/user/Android/ndk/27.0.12077973/toolchains/llvm/prebuilt/linux-x86_64/sysroot/usr/include/c++/v1/__hash_table:821:12: note: in instantiation of function template specialization 'std::__hash_table<int, fst::CompactHashBiTable<int, fst::DefaultComposeStateTuple<int, fst::IntegerFilterState<signed char>>, fst::ComposeHash<fst::DefaultComposeStateTuple<int, fst::IntegerFilterState<signed char>>>>::HashFunc, fst::CompactHashBiTable<int, fst::DefaultComposeStateTuple<int, fst::IntegerFilterState<signed char>>, fst::ComposeHash<fst::DefaultComposeStateTuple<int, fst::IntegerFilterState<signed char>>>>::HashEqual, fst::PoolAllocator<int>>::__emplace_unique_key_args<int, const int &>' requested here
C/C++:   821 |     return __emplace_unique_key_args(_NodeTypes::__get_key(__x), __x);
C/C++:       |            ^
C/C++: /home/user/Android/ndk/27.0.12077973/toolchains/llvm/prebuilt/linux-x86_64/sysroot/usr/include/c++/v1/unordered_set:1140:14: note: in instantiation of member function 'std::__hash_table<int, fst::CompactHashBiTable<int, fst::DefaultComposeStateTuple<int, fst::IntegerFilterState<signed char>>, fst::ComposeHash<fst::DefaultComposeStateTuple<int, fst::IntegerFilterState<signed char>>>>::HashFunc, fst::CompactHashBiTable<int, fst::DefaultComposeStateTuple<int, fst::IntegerFilterState<signed char>>, fst::ComposeHash<fst::DefaultComposeStateTuple<int, fst::IntegerFilterState<signed char>>>>::HashEqual, fst::PoolAllocator<int>>::__insert_unique' requested here
C/C++:  1140 |     __table_.__insert_unique(*__first);
C/C++:       |              ^
C/C++: /home/user/Doubao/chats/38441059405347074/Operit-1.12.1/app/.cxx/RelWithDebInfo/574s151n/arm64-v8a/_deps/openfst-src/src/include/fst/bi-table.h:136:11: note: (skipping 10 contexts in backtrace; use -ftemplate-backtrace-limit=0 to see all)
C/C++:   136 |     keys_.insert(table.keys_.begin(), table.keys_.end());
C/C++:       |           ^
C/C++: /home/user/Doubao/chats/38441059405347074/Operit-1.12.1/app/.cxx/RelWithDebInfo/574s151n/arm64-v8a/_deps/openfst-src/src/include/fst/compose.h:644:12: note: in instantiation of function template specialization 'fst::ComposeFst<fst::ArcTpl<fst::TropicalWeightTpl<float>>>::CreateBase2<fst::Matcher<fst::Fst<fst::ArcTpl<fst::TropicalWeightTpl<float>>>>, fst::Matcher<fst::Fst<fst::ArcTpl<fst::TropicalWeightTpl<float>>>>, fst::SequenceComposeFilter<fst::Matcher<fst::Fst<fst::ArcTpl<fst::TropicalWeightTpl<float>>>>>, fst::GenericComposeStateTable<fst::ArcTpl<fst::TropicalWeightTpl<float>>, fst::IntegerFilterState<signed char>>>' requested here
C/C++:   644 |     return CreateBase2(fst1, fst2, nopts);
C/C++:       |            ^
C/C++: /home/user/Doubao/chats/38441059405347074/Operit-1.12.1/app/.cxx/RelWithDebInfo/574s151n/arm64-v8a/_deps/openfst-src/src/include/fst/compose.h:655:16: note: in instantiation of function template specialization 'fst::ComposeFst<fst::ArcTpl<fst::TropicalWeightTpl<float>>>::CreateBase1<fst::Matcher<fst::Fst<fst::ArcTpl<fst::TropicalWeightTpl<float>>>>, fst::SequenceComposeFilter<fst::Matcher<fst::Fst<fst::ArcTpl<fst::TropicalWeightTpl<float>>>>>, fst::GenericComposeStateTable<fst::ArcTpl<fst::TropicalWeightTpl<float>>, fst::IntegerFilterState<signed char>>>' requested here
C/C++:   655 |         return CreateBase1(fst1, fst2, nopts);
C/C++:       |                ^
C/C++: /home/user/Doubao/chats/38441059405347074/Operit-1.12.1/app/.cxx/RelWithDebInfo/574s151n/arm64-v8a/_deps/openfst-src/src/include/fst/compose.h:566:25: note: in instantiation of member function 'fst::ComposeFst<fst::ArcTpl<fst::TropicalWeightTpl<float>>>::CreateBase' requested here
C/C++:   566 |       : ImplToFst<Impl>(CreateBase(fst1, fst2, opts)) {}
C/C++:       |                         ^
C/C++: /home/user/Doubao/chats/38441059405347074/Operit-1.12.1/app/.cxx/RelWithDebInfo/574s151n/arm64-v8a/_deps/openfst-src/src/include/fst/compose.h:974:15: note: in instantiation of member function 'fst::ComposeFst<fst::ArcTpl<fst::TropicalWeightTpl<float>>>::ComposeFst' requested here
C/C++:   974 |       *ofst = ComposeFst<Arc>(ifst1, ifst2, nopts);
C/C++:       |               ^
C/C++: /home/user/Doubao/chats/38441059405347074/Operit-1.12.1/app/.cxx/RelWithDebInfo/574s151n/arm64-v8a/_deps/kaldifst-src/kaldifst/csrc/text-normalizer.cc:193:8: note: in instantiation of function template specialization 'fst::Compose<fst::ArcTpl<fst::TropicalWeightTpl<float>>>' requested here
C/C++:   193 |   fst::Compose(text, *rule_, &composed_fst);
C/C++:       |        ^
C/C++: /home/user/Android/ndk/27.0.12077973/toolchains/llvm/prebuilt/linux-x86_64/sysroot/usr/include/c++/v1/__memory/allocator.h:154:55: note: 'allocate' has been explicitly marked deprecated here
C/C++:   154 |   _LIBCPP_NODISCARD_AFTER_CXX17 _LIBCPP_HIDE_FROM_ABI _LIBCPP_DEPRECATED_IN_CXX17 _Tp*
C/C++:       |                                                       ^
C/C++: /home/user/Android/ndk/27.0.12077973/toolchains/llvm/prebuilt/linux-x86_64/sysroot/usr/include/c++/v1/__config:942:41: note: expanded from macro '_LIBCPP_DEPRECATED_IN_CXX17'
C/C++:   942 | #    define _LIBCPP_DEPRECATED_IN_CXX17 _LIBCPP_DEPRECATED
C/C++:       |                                         ^
C/C++: /home/user/Android/ndk/27.0.12077973/toolchains/llvm/prebuilt/linux-x86_64/sysroot/usr/include/c++/v1/__config:915:49: note: expanded from macro '_LIBCPP_DEPRECATED'
C/C++:   915 | #      define _LIBCPP_DEPRECATED __attribute__((__deprecated__))
C/C++:       |                                                 ^
C/C++: In file included from /home/user/Doubao/chats/38441059405347074/Operit-1.12.1/app/.cxx/RelWithDebInfo/574s151n/arm64-v8a/_deps/kaldifst-src/kaldifst/csrc/text-normalizer.cc:5:
C/C++: In file included from /home/user/Doubao/chats/38441059405347074/Operit-1.12.1/app/.cxx/RelWithDebInfo/574s151n/arm64-v8a/_deps/kaldifst-src/kaldifst/csrc/text-normalizer.h:12:
C/C++: In file included from /home/user/Doubao/chats/38441059405347074/Operit-1.12.1/app/.cxx/RelWithDebInfo/574s151n/arm64-v8a/_deps/openfst-src/src/include/fst/fst.h:28:
C/C++: /home/user/Doubao/chats/38441059405347074/Operit-1.12.1/app/.cxx/RelWithDebInfo/574s151n/arm64-v8a/_deps/openfst-src/src/include/fst/memory.h:342:17: warning: 'construct' is deprecated [-Wdeprecated-declarations]
C/C++:   342 |     Allocator().construct(p, std::forward<Args>(args)...);
C/C++:       |                 ^
C/C++: /home/user/Android/ndk/27.0.12077973/toolchains/llvm/prebuilt/linux-x86_64/sysroot/usr/include/c++/v1/__memory/allocator_traits.h:296:9: note: in instantiation of function template specialization 'fst::PoolAllocator<std::__hash_node<int, void *>>::construct<int, const int &>' requested here
C/C++:   296 |     __a.construct(__p, std::forward<_Args>(__args)...);
C/C++:       |         ^
C/C++: /home/user/Android/ndk/27.0.12077973/toolchains/llvm/prebuilt/linux-x86_64/sysroot/usr/include/c++/v1/__hash_table:1787:18: note: in instantiation of function template specialization 'std::allocator_traits<fst::PoolAllocator<std::__hash_node<int, void *>>>::construct<int, const int &, void>' requested here
C/C++:  1787 |   __node_traits::construct(
C/C++:       |                  ^
C/C++: /home/user/Android/ndk/27.0.12077973/toolchains/llvm/prebuilt/linux-x86_64/sysroot/usr/include/c++/v1/__hash_table:1492:25: note: in instantiation of function template specialization 'std::__hash_table<int, fst::CompactHashBiTable<int, fst::DefaultComposeStateTuple<int, fst::IntegerFilterState<signed char>>, fst::ComposeHash<fst::DefaultComposeStateTuple<int, fst::IntegerFilterState<signed char>>>>::HashFunc, fst::CompactHashBiTable<int, fst::DefaultComposeStateTuple<int, fst::IntegerFilterState<signed char>>, fst::ComposeHash<fst::DefaultComposeStateTuple<int, fst::IntegerFilterState<signed char>>>>::HashEqual, fst::PoolAllocator<int>>::__construct_node_hash<const int &>' requested here
C/C++:  1492 |     __node_holder __h = __construct_node_hash(__hash, std::forward<_Args>(__args)...);
C/C++:       |                         ^
C/C++: /home/user/Android/ndk/27.0.12077973/toolchains/llvm/prebuilt/linux-x86_64/sysroot/usr/include/c++/v1/__hash_table:821:12: note: in instantiation of function template specialization 'std::__hash_table<int, fst::CompactHashBiTable<int, fst::DefaultComposeStateTuple<int, fst::IntegerFilterState<signed char>>, fst::ComposeHash<fst::DefaultComposeStateTuple<int, fst::IntegerFilterState<signed char>>>>::HashFunc, fst::CompactHashBiTable<int, fst::DefaultComposeStateTuple<int, fst::IntegerFilterState<signed char>>, fst::ComposeHash<fst::DefaultComposeStateTuple<int, fst::IntegerFilterState<signed char>>>>::HashEqual, fst::PoolAllocator<int>>::__emplace_unique_key_args<int, const int &>' requested here
C/C++:   821 |     return __emplace_unique_key_args(_NodeTypes::__get_key(__x), __x);
C/C++:       |            ^
C/C++: /home/user/Android/ndk/27.0.12077973/toolchains/llvm/prebuilt/linux-x86_64/sysroot/usr/include/c++/v1/unordered_set:1140:14: note: in instantiation of member function 'std::__hash_table<int, fst::CompactHashBiTable<int, fst::DefaultComposeStateTuple<int, fst::IntegerFilterState<signed char>>, fst::ComposeHash<fst::DefaultComposeStateTuple<int, fst::IntegerFilterState<signed char>>>>::HashFunc, fst::CompactHashBiTable<int, fst::DefaultComposeStateTuple<int, fst::IntegerFilterState<signed char>>, fst::ComposeHash<fst::DefaultComposeStateTuple<int, fst::IntegerFilterState<signed char>>>>::HashEqual, fst::PoolAllocator<int>>::__insert_unique' requested here
C/C++:  1140 |     __table_.__insert_unique(*__first);
C/C++:       |              ^
C/C++: /home/user/Doubao/chats/38441059405347074/Operit-1.12.1/app/.cxx/RelWithDebInfo/574s151n/arm64-v8a/_deps/openfst-src/src/include/fst/bi-table.h:136:11: note: (skipping 10 contexts in backtrace; use -ftemplate-backtrace-limit=0 to see all)
C/C++:   136 |     keys_.insert(table.keys_.begin(), table.keys_.end());
C/C++:       |           ^
C/C++: /home/user/Doubao/chats/38441059405347074/Operit-1.12.1/app/.cxx/RelWithDebInfo/574s151n/arm64-v8a/_deps/openfst-src/src/include/fst/compose.h:644:12: note: in instantiation of function template specialization 'fst::ComposeFst<fst::ArcTpl<fst::TropicalWeightTpl<float>>>::CreateBase2<fst::Matcher<fst::Fst<fst::ArcTpl<fst::TropicalWeightTpl<float>>>>, fst::Matcher<fst::Fst<fst::ArcTpl<fst::TropicalWeightTpl<float>>>>, fst::SequenceComposeFilter<fst::Matcher<fst::Fst<fst::ArcTpl<fst::TropicalWeightTpl<float>>>>>, fst::GenericComposeStateTable<fst::ArcTpl<fst::TropicalWeightTpl<float>>, fst::IntegerFilterState<signed char>>>' requested here
C/C++:   644 |     return CreateBase2(fst1, fst2, nopts);
C/C++:       |            ^
C/C++: /home/user/Doubao/chats/38441059405347074/Operit-1.12.1/app/.cxx/RelWithDebInfo/574s151n/arm64-v8a/_deps/openfst-src/src/include/fst/compose.h:655:16: note: in instantiation of function template specialization 'fst::ComposeFst<fst::ArcTpl<fst::TropicalWeightTpl<float>>>::CreateBase1<fst::Matcher<fst::Fst<fst::ArcTpl<fst::TropicalWeightTpl<float>>>>, fst::SequenceComposeFilter<fst::Matcher<fst::Fst<fst::ArcTpl<fst::TropicalWeightTpl<float>>>>>, fst::GenericComposeStateTable<fst::ArcTpl<fst::TropicalWeightTpl<float>>, fst::IntegerFilterState<signed char>>>' requested here
C/C++:   655 |         return CreateBase1(fst1, fst2, nopts);
C/C++:       |                ^
C/C++: /home/user/Doubao/chats/38441059405347074/Operit-1.12.1/app/.cxx/RelWithDebInfo/574s151n/arm64-v8a/_deps/openfst-src/src/include/fst/compose.h:566:25: note: in instantiation of member function 'fst::ComposeFst<fst::ArcTpl<fst::TropicalWeightTpl<float>>>::CreateBase' requested here
C/C++:   566 |       : ImplToFst<Impl>(CreateBase(fst1, fst2, opts)) {}
C/C++:       |                         ^
C/C++: /home/user/Doubao/chats/38441059405347074/Operit-1.12.1/app/.cxx/RelWithDebInfo/574s151n/arm64-v8a/_deps/openfst-src/src/include/fst/compose.h:974:15: note: in instantiation of member function 'fst::ComposeFst<fst::ArcTpl<fst::TropicalWeightTpl<float>>>::ComposeFst' requested here
C/C++:   974 |       *ofst = ComposeFst<Arc>(ifst1, ifst2, nopts);
C/C++:       |               ^
C/C++: /home/user/Doubao/chats/38441059405347074/Operit-1.12.1/app/.cxx/RelWithDebInfo/574s151n/arm64-v8a/_deps/kaldifst-src/kaldifst/csrc/text-normalizer.cc:193:8: note: in instantiation of function template specialization 'fst::Compose<fst::ArcTpl<fst::TropicalWeightTpl<float>>>' requested here
C/C++:   193 |   fst::Compose(text, *rule_, &composed_fst);
C/C++:       |        ^
C/C++: /home/user/Android/ndk/27.0.12077973/toolchains/llvm/prebuilt/linux-x86_64/sysroot/usr/include/c++/v1/__memory/allocator.h:164:58: note: 'construct' has been explicitly marked deprecated here
C/C++:   164 |   _LIBCPP_DEPRECATED_IN_CXX17 _LIBCPP_HIDE_FROM_ABI void construct(_Up* __p, _Args&&... __args) {
C/C++:       |                                                          ^
C/C++: In file included from /home/user/Doubao/chats/38441059405347074/Operit-1.12.1/app/.cxx/RelWithDebInfo/574s151n/arm64-v8a/_deps/kaldifst-src/kaldifst/csrc/text-normalizer.cc:5:
C/C++: In file included from /home/user/Doubao/chats/38441059405347074/Operit-1.12.1/app/.cxx/RelWithDebInfo/574s151n/arm64-v8a/_deps/kaldifst-src/kaldifst/csrc/text-normalizer.h:12:
C/C++: In file included from /home/user/Doubao/chats/38441059405347074/Operit-1.12.1/app/.cxx/RelWithDebInfo/574s151n/arm64-v8a/_deps/openfst-src/src/include/fst/fst.h:28:
C/C++: /home/user/Doubao/chats/38441059405347074/Operit-1.12.1/app/.cxx/RelWithDebInfo/574s151n/arm64-v8a/_deps/openfst-src/src/include/fst/memory.h:342:17: warning: 'construct<int, const int &>' is deprecated [-Wdeprecated-declarations]
C/C++:   342 |     Allocator().construct(p, std::forward<Args>(args)...);
C/C++:       |                 ^
C/C++: /home/user/Android/ndk/27.0.12077973/toolchains/llvm/prebuilt/linux-x86_64/sysroot/usr/include/c++/v1/__memory/allocator.h:164:3: note: 'construct<int, const int &>' has been explicitly marked deprecated here
C/C++:   164 |   _LIBCPP_DEPRECATED_IN_CXX17 _LIBCPP_HIDE_FROM_ABI void construct(_Up* __p, _Args&&... __args) {
C/C++:       |   ^
C/C++: /home/user/Android/ndk/27.0.12077973/toolchains/llvm/prebuilt/linux-x86_64/sysroot/usr/include/c++/v1/__config:942:41: note: expanded from macro '_LIBCPP_DEPRECATED_IN_CXX17'
C/C++:   942 | #    define _LIBCPP_DEPRECATED_IN_CXX17 _LIBCPP_DEPRECATED
C/C++:       |                                         ^
C/C++: /home/user/Android/ndk/27.0.12077973/toolchains/llvm/prebuilt/linux-x86_64/sysroot/usr/include/c++/v1/__config:915:49: note: expanded from macro '_LIBCPP_DEPRECATED'
C/C++:   915 | #      define _LIBCPP_DEPRECATED __attribute__((__deprecated__))
C/C++:       |                                                 ^
C/C++: In file included from /home/user/Doubao/chats/38441059405347074/Operit-1.12.1/app/.cxx/RelWithDebInfo/574s151n/arm64-v8a/_deps/kaldifst-src/kaldifst/csrc/text-normalizer.cc:5:
C/C++: In file included from /home/user/Doubao/chats/38441059405347074/Operit-1.12.1/app/.cxx/RelWithDebInfo/574s151n/arm64-v8a/_deps/kaldifst-src/kaldifst/csrc/text-normalizer.h:13:
C/C++: In file included from /home/user/Doubao/chats/38441059405347074/Operit-1.12.1/app/.cxx/RelWithDebInfo/574s151n/arm64-v8a/_deps/openfst-src/src/include/fst/fstlib.h:33:
C/C++: In file included from /home/user/Doubao/chats/38441059405347074/Operit-1.12.1/app/.cxx/RelWithDebInfo/574s151n/arm64-v8a/_deps/openfst-src/src/include/fst/compact-fst.h:19:
C/C++: In file included from /home/user/Doubao/chats/38441059405347074/Operit-1.12.1/app/.cxx/RelWithDebInfo/574s151n/arm64-v8a/_deps/openfst-src/src/include/fst/cache.h:19:
C/C++: /home/user/Doubao/chats/38441059405347074/Operit-1.12.1/app/.cxx/RelWithDebInfo/574s151n/arm64-v8a/_deps/openfst-src/src/include/fst/vector-fst.h:38:39: warning: 'rebind<fst::VectorState<fst::ReverseArc<fst::ArcTpl<fst::TropicalWeightTpl<float>>>>>' is deprecated [-Wdeprecated-declarations]
C/C++:    38 |       typename ArcAllocator::template rebind<VectorState<Arc, M>>::other;
C/C++:       |                                       ^
C/C++: /home/user/Doubao/chats/38441059405347074/Operit-1.12.1/app/.cxx/RelWithDebInfo/574s151n/arm64-v8a/_deps/openfst-src/src/include/fst/vector-fst.h:132:51: note: in instantiation of template class 'fst::VectorState<fst::ReverseArc<fst::ArcTpl<fst::TropicalWeightTpl<float>>>>' requested here
C/C++:   132 | class VectorFstBaseImpl : public FstImpl<typename S::Arc> {
C/C++:       |                                                   ^
C/C++: /home/user/Doubao/chats/38441059405347074/Operit-1.12.1/app/.cxx/RelWithDebInfo/574s151n/arm64-v8a/_deps/openfst-src/src/include/fst/vector-fst.h:267:30: note: in instantiation of template class 'fst::internal::VectorFstBaseImpl<fst::VectorState<fst::ReverseArc<fst::ArcTpl<fst::TropicalWeightTpl<float>>>>>' requested here
C/C++:   267 | class VectorFstImpl : public VectorFstBaseImpl<S> {
C/C++:       |                              ^
C/C++: /home/user/Doubao/chats/38441059405347074/Operit-1.12.1/app/.cxx/RelWithDebInfo/574s151n/arm64-v8a/_deps/openfst-src/src/include/fst/mutable-fst.h:267:55: note: in instantiation of template class 'fst::internal::VectorFstImpl<fst::VectorState<fst::ReverseArc<fst::ArcTpl<fst::TropicalWeightTpl<float>>>>>' requested here
C/C++:   267 | template <class Impl, class FST = MutableFst<typename Impl::Arc>>
C/C++:       |                                                       ^
C/C++: /home/user/Doubao/chats/38441059405347074/Operit-1.12.1/app/.cxx/RelWithDebInfo/574s151n/arm64-v8a/_deps/openfst-src/src/include/fst/vector-fst.h:430:26: note: in instantiation of default argument for 'ImplToMutableFst<internal::VectorFstImpl<VectorState<ReverseArc<ArcTpl<TropicalWeightTpl<float>>>, allocator<ReverseArc<ArcTpl<TropicalWeightTpl<float>>>>>>>' required here
C/C++:   430 | class VectorFst : public ImplToMutableFst<internal::VectorFstImpl<S>> {
C/C++:       |                          ^~~~~~~~~~~~~~~~~~~~~~~~~~~~~~~~~~~~~~~~~~~~
C/C++: /home/user/Doubao/chats/38441059405347074/Operit-1.12.1/app/.cxx/RelWithDebInfo/574s151n/arm64-v8a/_deps/openfst-src/src/include/fst/shortest-path.h:456:21: note: in instantiation of template class 'fst::VectorFst<fst::ReverseArc<fst::ArcTpl<fst::TropicalWeightTpl<float>>>>' requested here
C/C++:   456 |   VectorFst<RevArc> rfst;
C/C++:       |                     ^
C/C++: /home/user/Doubao/chats/38441059405347074/Operit-1.12.1/app/.cxx/RelWithDebInfo/574s151n/arm64-v8a/_deps/openfst-src/src/include/fst/shortest-path.h:510:3: note: in instantiation of function template specialization 'fst::ShortestPath<fst::ArcTpl<fst::TropicalWeightTpl<float>>, fst::AutoQueue<int>, fst::AnyArcFilter<fst::ArcTpl<fst::TropicalWeightTpl<float>>>>' requested here
C/C++:   510 |   ShortestPath(ifst, ofst, &distance, opts);
C/C++:       |   ^
C/C++: /home/user/Doubao/chats/38441059405347074/Operit-1.12.1/app/.cxx/RelWithDebInfo/574s151n/arm64-v8a/_deps/kaldifst-src/kaldifst/csrc/text-normalizer.cc:197:8: note: in instantiation of function template specialization 'fst::ShortestPath<fst::ArcTpl<fst::TropicalWeightTpl<float>>>' requested here
C/C++:   197 |   fst::ShortestPath(composed_fst, &one_best, 1);
C/C++:       |        ^
C/C++: /home/user/Android/ndk/27.0.12077973/toolchains/llvm/prebuilt/linux-x86_64/sysroot/usr/include/c++/v1/__memory/allocator.h:143:10: note: 'rebind<fst::VectorState<fst::ReverseArc<fst::ArcTpl<fst::TropicalWeightTpl<float>>>>>' has been explicitly marked deprecated here
C/C++:   143 |   struct _LIBCPP_DEPRECATED_IN_CXX17 rebind {
C/C++:       |          ^
C/C++: /home/user/Android/ndk/27.0.12077973/toolchains/llvm/prebuilt/linux-x86_64/sysroot/usr/include/c++/v1/__config:942:41: note: expanded from macro '_LIBCPP_DEPRECATED_IN_CXX17'
C/C++:   942 | #    define _LIBCPP_DEPRECATED_IN_CXX17 _LIBCPP_DEPRECATED
C/C++:       |                                         ^
C/C++: /home/user/Android/ndk/27.0.12077973/toolchains/llvm/prebuilt/linux-x86_64/sysroot/usr/include/c++/v1/__config:915:49: note: expanded from macro '_LIBCPP_DEPRECATED'
C/C++:   915 | #      define _LIBCPP_DEPRECATED __attribute__((__deprecated__))
C/C++:       |                                                 ^
C/C++: In file included from /home/user/Doubao/chats/38441059405347074/Operit-1.12.1/app/.cxx/RelWithDebInfo/574s151n/arm64-v8a/_deps/kaldifst-src/kaldifst/csrc/text-normalizer.cc:5:
C/C++: In file included from /home/user/Doubao/chats/38441059405347074/Operit-1.12.1/app/.cxx/RelWithDebInfo/574s151n/arm64-v8a/_deps/kaldifst-src/kaldifst/csrc/text-normalizer.h:12:
C/C++: In file included from /home/user/Doubao/chats/38441059405347074/Operit-1.12.1/app/.cxx/RelWithDebInfo/574s151n/arm64-v8a/_deps/openfst-src/src/include/fst/fst.h:28:
C/C++: /home/user/Doubao/chats/38441059405347074/Operit-1.12.1/app/.cxx/RelWithDebInfo/574s151n/arm64-v8a/_deps/openfst-src/src/include/fst/memory.h:345:41: warning: 'destroy' is deprecated [-Wdeprecated-declarations]
C/C++:   345 |   void destroy(pointer p) { Allocator().destroy(p); }
C/C++:       |                                         ^
C/C++: /home/user/Android/ndk/27.0.12077973/toolchains/llvm/prebuilt/linux-x86_64/sysroot/usr/include/c++/v1/__memory/allocator_traits.h:311:9: note: in instantiation of member function 'fst::PoolAllocator<fst::ReverseArc<fst::ArcTpl<fst::TropicalWeightTpl<float>>>>::destroy' requested here
C/C++:   311 |     __a.destroy(__p);
C/C++:       |         ^
C/C++: /home/user/Android/ndk/27.0.12077973/toolchains/llvm/prebuilt/linux-x86_64/sysroot/usr/include/c++/v1/vector:926:23: note: in instantiation of function template specialization 'std::allocator_traits<fst::PoolAllocator<fst::ReverseArc<fst::ArcTpl<fst::TropicalWeightTpl<float>>>>>::destroy<fst::ReverseArc<fst::ArcTpl<fst::TropicalWeightTpl<float>>>, void>' requested here
C/C++:   926 |       __alloc_traits::destroy(__alloc(), std::__to_address(--__soon_to_be_end));
C/C++:       |                       ^
C/C++: /home/user/Android/ndk/27.0.12077973/toolchains/llvm/prebuilt/linux-x86_64/sysroot/usr/include/c++/v1/vector:920:5: note: in instantiation of member function 'std::vector<fst::ReverseArc<fst::ArcTpl<fst::TropicalWeightTpl<float>>>, fst::PoolAllocator<fst::ReverseArc<fst::ArcTpl<fst::TropicalWeightTpl<float>>>>>::__base_destruct_at_end' requested here
C/C++:   920 |     __base_destruct_at_end(this->__begin_);
C/C++:       |     ^
C/C++: /home/user/Android/ndk/27.0.12077973/toolchains/llvm/prebuilt/linux-x86_64/sysroot/usr/include/c++/v1/vector:490:16: note: in instantiation of member function 'std::vector<fst::ReverseArc<fst::ArcTpl<fst::TropicalWeightTpl<float>>>, fst::PoolAllocator<fst::ReverseArc<fst::ArcTpl<fst::TropicalWeightTpl<float>>>>>::__clear' requested here
C/C++:   490 |         __vec_.__clear();
C/C++:       |                ^
C/C++: /home/user/Android/ndk/27.0.12077973/toolchains/llvm/prebuilt/linux-x86_64/sysroot/usr/include/c++/v1/vector:501:67: note: in instantiation of member function 'std::vector<fst::ReverseArc<fst::ArcTpl<fst::TropicalWeightTpl<float>>>, fst::PoolAllocator<fst::ReverseArc<fst::ArcTpl<fst::TropicalWeightTpl<float>>>>>::__destroy_vector::operator()' requested here
C/C++:   501 |   _LIBCPP_CONSTEXPR_SINCE_CXX20 _LIBCPP_HIDE_FROM_ABI ~vector() { __destroy_vector (*this)(); }
C/C++:       |                                                                   ^
C/C++: /home/user/Doubao/chats/38441059405347074/Operit-1.12.1/app/.cxx/RelWithDebInfo/574s151n/arm64-v8a/_deps/openfst-src/src/include/fst/cache.h:65:7: note: (skipping 14 contexts in backtrace; use -ftemplate-backtrace-limit=0 to see all)
C/C++:    65 | class CacheState {
C/C++:       |       ^
C/C++: /home/user/Android/ndk/27.0.12077973/toolchains/llvm/prebuilt/linux-x86_64/sysroot/usr/include/c++/v1/__memory/shared_ptr.h:826:15: note: in instantiation of function template specialization 'std::allocate_shared<fst::internal::DeterminizeFsaImpl<fst::ReverseArc<fst::ArcTpl<fst::TropicalWeightTpl<float>>>, fst::DefaultCommonDivisor<fst::TropicalWeightTpl<float>>, fst::DefaultDeterminizeFilter<fst::ReverseArc<fst::ArcTpl<fst::TropicalWeightTpl<float>>>>, fst::DefaultDeterminizeStateTable<fst::ReverseArc<fst::ArcTpl<fst::TropicalWeightTpl<float>>>, fst::IntegerFilterState<signed char>>>, std::allocator<fst::internal::DeterminizeFsaImpl<fst::ReverseArc<fst::ArcTpl<fst::TropicalWeightTpl<float>>>, fst::DefaultCommonDivisor<fst::TropicalWeightTpl<float>>, fst::DefaultDeterminizeFilter<fst::ReverseArc<fst::ArcTpl<fst::TropicalWeightTpl<float>>>>, fst::DefaultDeterminizeStateTable<fst::ReverseArc<fst::ArcTpl<fst::TropicalWeightTpl<float>>>, fst::IntegerFilterState<signed char>>>>, const fst::Fst<fst::ReverseArc<fst::ArcTpl<fst::TropicalWeightTpl<float>>>> &, const std::vector<fst::TropicalWeightTpl<float>> *&, std::vector<fst::TropicalWeightTpl<float>> *&, const fst::DeterminizeFstOptions<fst::ReverseArc<fst::ArcTpl<fst::TropicalWeightTpl<float>>>> &, void>' requested here
C/C++:   826 |   return std::allocate_shared<_Tp>(allocator<_Tp>(), std::forward<_Args>(__args)...);
C/C++:       |               ^
C/C++: /home/user/Doubao/chats/38441059405347074/Operit-1.12.1/app/.cxx/RelWithDebInfo/574s151n/arm64-v8a/_deps/openfst-src/src/include/fst/determinize.h:879:18: note: in instantiation of function template specialization 'std::make_shared<fst::internal::DeterminizeFsaImpl<fst::ReverseArc<fst::ArcTpl<fst::TropicalWeightTpl<float>>>, fst::DefaultCommonDivisor<fst::TropicalWeightTpl<float>>, fst::DefaultDeterminizeFilter<fst::ReverseArc<fst::ArcTpl<fst::TropicalWeightTpl<float>>>>, fst::DefaultDeterminizeStateTable<fst::ReverseArc<fst::ArcTpl<fst::TropicalWeightTpl<float>>>, fst::IntegerFilterState<signed char>>>, const fst::Fst<fst::ReverseArc<fst::ArcTpl<fst::TropicalWeightTpl<float>>>> &, const std::vector<fst::TropicalWeightTpl<float>> *&, std::vector<fst::TropicalWeightTpl<float>> *&, const fst::DeterminizeFstOptions<fst::ReverseArc<fst::ArcTpl<fst::TropicalWeightTpl<float>>>> &, void>' requested here
C/C++:   879 |             std::make_shared<internal::DeterminizeFsaImpl<A, D, F, T>>(
C/C++:       |                  ^
C/C++: /home/user/Doubao/chats/38441059405347074/Operit-1.12.1/app/.cxx/RelWithDebInfo/574s151n/arm64-v8a/_deps/openfst-src/src/include/fst/shortest-path.h:475:28: note: in instantiation of function template specialization 'fst::DeterminizeFst<fst::ReverseArc<fst::ArcTpl<fst::TropicalWeightTpl<float>>>>::DeterminizeFst<fst::DefaultCommonDivisor<fst::TropicalWeightTpl<float>>, fst::DefaultDeterminizeFilter<fst::ReverseArc<fst::ArcTpl<fst::TropicalWeightTpl<float>>>>, fst::DefaultDeterminizeStateTable<fst::ReverseArc<fst::ArcTpl<fst::TropicalWeightTpl<float>>>, fst::IntegerFilterState<signed char>>>' requested here
C/C++:   475 |     DeterminizeFst<RevArc> dfst(rfst, distance, &ddistance, dopts);
C/C++:       |                            ^
C/C++: /home/user/Doubao/chats/38441059405347074/Operit-1.12.1/app/.cxx/RelWithDebInfo/574s151n/arm64-v8a/_deps/openfst-src/src/include/fst/shortest-path.h:510:3: note: in instantiation of function template specialization 'fst::ShortestPath<fst::ArcTpl<fst::TropicalWeightTpl<float>>, fst::AutoQueue<int>, fst::AnyArcFilter<fst::ArcTpl<fst::TropicalWeightTpl<float>>>>' requested here
C/C++:   510 |   ShortestPath(ifst, ofst, &distance, opts);
C/C++:       |   ^
C/C++: /home/user/Doubao/chats/38441059405347074/Operit-1.12.1/app/.cxx/RelWithDebInfo/574s151n/arm64-v8a/_deps/kaldifst-src/kaldifst/csrc/text-normalizer.cc:197:8: note: in instantiation of function template specialization 'fst::ShortestPath<fst::ArcTpl<fst::TropicalWeightTpl<float>>>' requested here
C/C++:   197 |   fst::ShortestPath(composed_fst, &one_best, 1);
C/C++:       |        ^
C/C++: /home/user/Android/ndk/27.0.12077973/toolchains/llvm/prebuilt/linux-x86_64/sysroot/usr/include/c++/v1/__memory/allocator.h:168:3: note: 'destroy' has been explicitly marked deprecated here
C/C++:   168 |   _LIBCPP_DEPRECATED_IN_CXX17 _LIBCPP_HIDE_FROM_ABI void destroy(pointer __p) { __p->~_Tp(); }
C/C++:       |   ^
C/C++: /home/user/Android/ndk/27.0.12077973/toolchains/llvm/prebuilt/linux-x86_64/sysroot/usr/include/c++/v1/__config:942:41: note: expanded from macro '_LIBCPP_DEPRECATED_IN_CXX17'
C/C++:   942 | #    define _LIBCPP_DEPRECATED_IN_CXX17 _LIBCPP_DEPRECATED
C/C++:       |                                         ^
C/C++: /home/user/Android/ndk/27.0.12077973/toolchains/llvm/prebuilt/linux-x86_64/sysroot/usr/include/c++/v1/__config:915:49: note: expanded from macro '_LIBCPP_DEPRECATED'
C/C++:   915 | #      define _LIBCPP_DEPRECATED __attribute__((__deprecated__))
C/C++:       |                                                 ^
C/C++: In file included from /home/user/Doubao/chats/38441059405347074/Operit-1.12.1/app/.cxx/RelWithDebInfo/574s151n/arm64-v8a/_deps/kaldifst-src/kaldifst/csrc/text-normalizer.cc:5:
C/C++: In file included from /home/user/Doubao/chats/38441059405347074/Operit-1.12.1/app/.cxx/RelWithDebInfo/574s151n/arm64-v8a/_deps/kaldifst-src/kaldifst/csrc/text-normalizer.h:12:
C/C++: In file included from /home/user/Doubao/chats/38441059405347074/Operit-1.12.1/app/.cxx/RelWithDebInfo/574s151n/arm64-v8a/_deps/openfst-src/src/include/fst/fst.h:28:
C/C++: /home/user/Doubao/chats/38441059405347074/Operit-1.12.1/app/.cxx/RelWithDebInfo/574s151n/arm64-v8a/_deps/openfst-src/src/include/fst/memory.h:338:51: warning: 'max_size' is deprecated [-Wdeprecated-declarations]
C/C++:   338 |   size_type max_size() const { return Allocator().max_size(); }
C/C++:       |                                                   ^
C/C++: /home/user/Android/ndk/27.0.12077973/toolchains/llvm/prebuilt/linux-x86_64/sysroot/usr/include/c++/v1/__memory/allocator_traits.h:322:16: note: in instantiation of member function 'fst::PoolAllocator<fst::ReverseArc<fst::ArcTpl<fst::TropicalWeightTpl<float>>>>::max_size' requested here
C/C++:   322 |     return __a.max_size();
C/C++:       |                ^
C/C++: /home/user/Android/ndk/27.0.12077973/toolchains/llvm/prebuilt/linux-x86_64/sysroot/usr/include/c++/v1/vector:1031:46: note: in instantiation of function template specialization 'std::allocator_traits<fst::PoolAllocator<fst::ReverseArc<fst::ArcTpl<fst::TropicalWeightTpl<float>>>>>::max_size<fst::PoolAllocator<fst::ReverseArc<fst::ArcTpl<fst::TropicalWeightTpl<float>>>>, void>' requested here
C/C++:  1031 |   return std::min<size_type>(__alloc_traits::max_size(this->__alloc()), numeric_limits<difference_type>::max());
C/C++:       |                                              ^
C/C++: /home/user/Android/ndk/27.0.12077973/toolchains/llvm/prebuilt/linux-x86_64/sysroot/usr/include/c++/v1/vector:739:15: note: in instantiation of member function 'std::vector<fst::ReverseArc<fst::ArcTpl<fst::TropicalWeightTpl<float>>>, fst::PoolAllocator<fst::ReverseArc<fst::ArcTpl<fst::TropicalWeightTpl<float>>>>>::max_size' requested here
C/C++:   739 |     if (__n > max_size())
C/C++:       |               ^
C/C++: /home/user/Android/ndk/27.0.12077973/toolchains/llvm/prebuilt/linux-x86_64/sysroot/usr/include/c++/v1/vector:759:7: note: in instantiation of member function 'std::vector<fst::ReverseArc<fst::ArcTpl<fst::TropicalWeightTpl<float>>>, fst::PoolAllocator<fst::ReverseArc<fst::ArcTpl<fst::TropicalWeightTpl<float>>>>>::__vallocate' requested here
C/C++:   759 |       __vallocate(__n);
C/C++:       |       ^
C/C++: /home/user/Android/ndk/27.0.12077973/toolchains/llvm/prebuilt/linux-x86_64/sysroot/usr/include/c++/v1/vector:1189:3: note: in instantiation of function template specialization 'std::vector<fst::ReverseArc<fst::ArcTpl<fst::TropicalWeightTpl<float>>>, fst::PoolAllocator<fst::ReverseArc<fst::ArcTpl<fst::TropicalWeightTpl<float>>>>>::__init_with_size<std::__wrap_iter<const fst::ReverseArc<fst::ArcTpl<fst::TropicalWeightTpl<float>>> *>, std::__wrap_iter<const fst::ReverseArc<fst::ArcTpl<fst::TropicalWeightTpl<float>>> *>>' requested here
C/C++:  1189 |   __init_with_size(__first, __last, __n);
C/C++:       |   ^
C/C++: /home/user/Doubao/chats/38441059405347074/Operit-1.12.1/app/.cxx/RelWithDebInfo/574s151n/arm64-v8a/_deps/openfst-src/src/include/fst/cache.h:89:9: note: (skipping 14 contexts in backtrace; use -ftemplate-backtrace-limit=0 to see all)
C/C++:    89 |         arcs_(state.arcs_.begin(), state.arcs_.end(), alloc),
C/C++:       |         ^
C/C++: /home/user/Android/ndk/27.0.12077973/toolchains/llvm/prebuilt/linux-x86_64/sysroot/usr/include/c++/v1/__memory/shared_ptr.h:826:15: note: in instantiation of function template specialization 'std::allocate_shared<fst::internal::DeterminizeFsaImpl<fst::ReverseArc<fst::ArcTpl<fst::TropicalWeightTpl<float>>>, fst::DefaultCommonDivisor<fst::TropicalWeightTpl<float>>, fst::DefaultDeterminizeFilter<fst::ReverseArc<fst::ArcTpl<fst::TropicalWeightTpl<float>>>>, fst::DefaultDeterminizeStateTable<fst::ReverseArc<fst::ArcTpl<fst::TropicalWeightTpl<float>>>, fst::IntegerFilterState<signed char>>>, std::allocator<fst::internal::DeterminizeFsaImpl<fst::ReverseArc<fst::ArcTpl<fst::TropicalWeightTpl<float>>>, fst::DefaultCommonDivisor<fst::TropicalWeightTpl<float>>, fst::DefaultDeterminizeFilter<fst::ReverseArc<fst::ArcTpl<fst::TropicalWeightTpl<float>>>>, fst::DefaultDeterminizeStateTable<fst::ReverseArc<fst::ArcTpl<fst::TropicalWeightTpl<float>>>, fst::IntegerFilterState<signed char>>>>, const fst::Fst<fst::ReverseArc<fst::ArcTpl<fst::TropicalWeightTpl<float>>>> &, const std::vector<fst::TropicalWeightTpl<float>> *&, std::vector<fst::TropicalWeightTpl<float>> *&, const fst::DeterminizeFstOptions<fst::ReverseArc<fst::ArcTpl<fst::TropicalWeightTpl<float>>>> &, void>' requested here
C/C++:   826 |   return std::allocate_shared<_Tp>(allocator<_Tp>(), std::forward<_Args>(__args)...);
C/C++:       |               ^
C/C++: /home/user/Doubao/chats/38441059405347074/Operit-1.12.1/app/.cxx/RelWithDebInfo/574s151n/arm64-v8a/_deps/openfst-src/src/include/fst/determinize.h:879:18: note: in instantiation of function template specialization 'std::make_shared<fst::internal::DeterminizeFsaImpl<fst::ReverseArc<fst::ArcTpl<fst::TropicalWeightTpl<float>>>, fst::DefaultCommonDivisor<fst::TropicalWeightTpl<float>>, fst::DefaultDeterminizeFilter<fst::ReverseArc<fst::ArcTpl<fst::TropicalWeightTpl<float>>>>, fst::DefaultDeterminizeStateTable<fst::ReverseArc<fst::ArcTpl<fst::TropicalWeightTpl<float>>>, fst::IntegerFilterState<signed char>>>, const fst::Fst<fst::ReverseArc<fst::ArcTpl<fst::TropicalWeightTpl<float>>>> &, const std::vector<fst::TropicalWeightTpl<float>> *&, std::vector<fst::TropicalWeightTpl<float>> *&, const fst::DeterminizeFstOptions<fst::ReverseArc<fst::ArcTpl<fst::TropicalWeightTpl<float>>>> &, void>' requested here
C/C++:   879 |             std::make_shared<internal::DeterminizeFsaImpl<A, D, F, T>>(
C/C++:       |                  ^
C/C++: /home/user/Doubao/chats/38441059405347074/Operit-1.12.1/app/.cxx/RelWithDebInfo/574s151n/arm64-v8a/_deps/openfst-src/src/include/fst/shortest-path.h:475:28: note: in instantiation of function template specialization 'fst::DeterminizeFst<fst::ReverseArc<fst::ArcTpl<fst::TropicalWeightTpl<float>>>>::DeterminizeFst<fst::DefaultCommonDivisor<fst::TropicalWeightTpl<float>>, fst::DefaultDeterminizeFilter<fst::ReverseArc<fst::ArcTpl<fst::TropicalWeightTpl<float>>>>, fst::DefaultDeterminizeStateTable<fst::ReverseArc<fst::ArcTpl<fst::TropicalWeightTpl<float>>>, fst::IntegerFilterState<signed char>>>' requested here
C/C++:   475 |     DeterminizeFst<RevArc> dfst(rfst, distance, &ddistance, dopts);
C/C++:       |                            ^
C/C++: /home/user/Doubao/chats/38441059405347074/Operit-1.12.1/app/.cxx/RelWithDebInfo/574s151n/arm64-v8a/_deps/openfst-src/src/include/fst/shortest-path.h:510:3: note: in instantiation of function template specialization 'fst::ShortestPath<fst::ArcTpl<fst::TropicalWeightTpl<float>>, fst::AutoQueue<int>, fst::AnyArcFilter<fst::ArcTpl<fst::TropicalWeightTpl<float>>>>' requested here
C/C++:   510 |   ShortestPath(ifst, ofst, &distance, opts);
C/C++:       |   ^
C/C++: /home/user/Doubao/chats/38441059405347074/Operit-1.12.1/app/.cxx/RelWithDebInfo/574s151n/arm64-v8a/_deps/kaldifst-src/kaldifst/csrc/text-normalizer.cc:197:8: note: in instantiation of function template specialization 'fst::ShortestPath<fst::ArcTpl<fst::TropicalWeightTpl<float>>>' requested here
C/C++:   197 |   fst::ShortestPath(composed_fst, &one_best, 1);
C/C++:       |        ^
C/C++: /home/user/Android/ndk/27.0.12077973/toolchains/llvm/prebuilt/linux-x86_64/sysroot/usr/include/c++/v1/__memory/allocator.h:159:3: note: 'max_size' has been explicitly marked deprecated here
C/C++:   159 |   _LIBCPP_DEPRECATED_IN_CXX17 _LIBCPP_HIDE_FROM_ABI size_type max_size() const _NOEXCEPT {
C/C++:       |   ^
C/C++: /home/user/Android/ndk/27.0.12077973/toolchains/llvm/prebuilt/linux-x86_64/sysroot/usr/include/c++/v1/__config:942:41: note: expanded from macro '_LIBCPP_DEPRECATED_IN_CXX17'
C/C++:   942 | #    define _LIBCPP_DEPRECATED_IN_CXX17 _LIBCPP_DEPRECATED
C/C++:       |                                         ^
C/C++: /home/user/Android/ndk/27.0.12077973/toolchains/llvm/prebuilt/linux-x86_64/sysroot/usr/include/c++/v1/__config:915:49: note: expanded from macro '_LIBCPP_DEPRECATED'
C/C++:   915 | #      define _LIBCPP_DEPRECATED __attribute__((__deprecated__))
C/C++:       |                                                 ^
C/C++: In file included from /home/user/Doubao/chats/38441059405347074/Operit-1.12.1/app/.cxx/RelWithDebInfo/574s151n/arm64-v8a/_deps/kaldifst-src/kaldifst/csrc/text-normalizer.cc:5:
C/C++: In file included from /home/user/Doubao/chats/38441059405347074/Operit-1.12.1/app/.cxx/RelWithDebInfo/574s151n/arm64-v8a/_deps/kaldifst-src/kaldifst/csrc/text-normalizer.h:12:
C/C++: In file included from /home/user/Doubao/chats/38441059405347074/Operit-1.12.1/app/.cxx/RelWithDebInfo/574s151n/arm64-v8a/_deps/openfst-src/src/include/fst/fst.h:28:
C/C++: /home/user/Doubao/chats/38441059405347074/Operit-1.12.1/app/.cxx/RelWithDebInfo/574s151n/arm64-v8a/_deps/openfst-src/src/include/fst/memory.h:363:26: warning: 'allocate' is deprecated [-Wdeprecated-declarations]
C/C++:   363 |       return Allocator().allocate(n, hint);
C/C++:       |                          ^
C/C++: /home/user/Android/ndk/27.0.12077973/toolchains/llvm/prebuilt/linux-x86_64/sysroot/usr/include/c++/v1/__memory/allocate_at_least.h:55:19: note: in instantiation of member function 'fst::PoolAllocator<fst::ReverseArc<fst::ArcTpl<fst::TropicalWeightTpl<float>>>>::allocate' requested here
C/C++:    55 |   return {__alloc.allocate(__n), __n};
C/C++:       |                   ^
C/C++: /home/user/Android/ndk/27.0.12077973/toolchains/llvm/prebuilt/linux-x86_64/sysroot/usr/include/c++/v1/vector:759:7: note: in instantiation of member function 'std::vector<fst::ReverseArc<fst::ArcTpl<fst::TropicalWeightTpl<float>>>, fst::PoolAllocator<fst::ReverseArc<fst::ArcTpl<fst::TropicalWeightTpl<float>>>>>::__vallocate' requested here
C/C++:   759 |       __vallocate(__n);
C/C++:       |       ^
C/C++: /home/user/Android/ndk/27.0.12077973/toolchains/llvm/prebuilt/linux-x86_64/sysroot/usr/include/c++/v1/vector:1189:3: note: in instantiation of function template specialization 'std::vector<fst::ReverseArc<fst::ArcTpl<fst::TropicalWeightTpl<float>>>, fst::PoolAllocator<fst::ReverseArc<fst::ArcTpl<fst::TropicalWeightTpl<float>>>>>::__init_with_size<std::__wrap_iter<const fst::ReverseArc<fst::ArcTpl<fst::TropicalWeightTpl<float>>> *>, std::__wrap_iter<const fst::ReverseArc<fst::ArcTpl<fst::TropicalWeightTpl<float>>> *>>' requested here
C/C++:  1189 |   __init_with_size(__first, __last, __n);
C/C++:       |   ^
C/C++: /home/user/Doubao/chats/38441059405347074/Operit-1.12.1/app/.cxx/RelWithDebInfo/574s151n/arm64-v8a/_deps/openfst-src/src/include/fst/cache.h:89:9: note: in instantiation of function template specialization 'std::vector<fst::ReverseArc<fst::ArcTpl<fst::TropicalWeightTpl<float>>>, fst::PoolAllocator<fst::ReverseArc<fst::ArcTpl<fst::TropicalWeightTpl<float>>>>>::vector<std::__wrap_iter<const fst::ReverseArc<fst::ArcTpl<fst::TropicalWeightTpl<float>>> *>, 0>' requested here
C/C++:    89 |         arcs_(state.arcs_.begin(), state.arcs_.end(), alloc),
C/C++:       |         ^
C/C++: /home/user/Doubao/chats/38441059405347074/Operit-1.12.1/app/.cxx/RelWithDebInfo/574s151n/arm64-v8a/_deps/openfst-src/src/include/fst/cache.h:363:37: note: in instantiation of member function 'fst::CacheState<fst::ReverseArc<fst::ArcTpl<fst::TropicalWeightTpl<float>>>>::CacheState' requested here
C/C++:   363 |         state = new (&state_alloc_) State(*store_state, arc_alloc_);
C/C++:       |                                     ^
C/C++: /home/user/Doubao/chats/38441059405347074/Operit-1.12.1/app/.cxx/RelWithDebInfo/574s151n/arm64-v8a/_deps/openfst-src/src/include/fst/cache.h:289:7: note: (skipping 12 contexts in backtrace; use -ftemplate-backtrace-limit=0 to see all)
C/C++:   289 |       CopyStates(store);
C/C++:       |       ^
C/C++: /home/user/Android/ndk/27.0.12077973/toolchains/llvm/prebuilt/linux-x86_64/sysroot/usr/include/c++/v1/__memory/shared_ptr.h:826:15: note: in instantiation of function template specialization 'std::allocate_shared<fst::internal::DeterminizeFsaImpl<fst::ReverseArc<fst::ArcTpl<fst::TropicalWeightTpl<float>>>, fst::DefaultCommonDivisor<fst::TropicalWeightTpl<float>>, fst::DefaultDeterminizeFilter<fst::ReverseArc<fst::ArcTpl<fst::TropicalWeightTpl<float>>>>, fst::DefaultDeterminizeStateTable<fst::ReverseArc<fst::ArcTpl<fst::TropicalWeightTpl<float>>>, fst::IntegerFilterState<signed char>>>, std::allocator<fst::internal::DeterminizeFsaImpl<fst::ReverseArc<fst::ArcTpl<fst::TropicalWeightTpl<float>>>, fst::DefaultCommonDivisor<fst::TropicalWeightTpl<float>>, fst::DefaultDeterminizeFilter<fst::ReverseArc<fst::ArcTpl<fst::TropicalWeightTpl<float>>>>, fst::DefaultDeterminizeStateTable<fst::ReverseArc<fst::ArcTpl<fst::TropicalWeightTpl<float>>>, fst::IntegerFilterState<signed char>>>>, const fst::Fst<fst::ReverseArc<fst::ArcTpl<fst::TropicalWeightTpl<float>>>> &, const std::vector<fst::TropicalWeightTpl<float>> *&, std::vector<fst::TropicalWeightTpl<float>> *&, const fst::DeterminizeFstOptions<fst::ReverseArc<fst::ArcTpl<fst::TropicalWeightTpl<float>>>> &, void>' requested here
C/C++:   826 |   return std::allocate_shared<_Tp>(allocator<_Tp>(), std::forward<_Args>(__args)...);
C/C++:       |               ^
C/C++: /home/user/Doubao/chats/38441059405347074/Operit-1.12.1/app/.cxx/RelWithDebInfo/574s151n/arm64-v8a/_deps/openfst-src/src/include/fst/determinize.h:879:18: note: in instantiation of function template specialization 'std::make_shared<fst::internal::DeterminizeFsaImpl<fst::ReverseArc<fst::ArcTpl<fst::TropicalWeightTpl<float>>>, fst::DefaultCommonDivisor<fst::TropicalWeightTpl<float>>, fst::DefaultDeterminizeFilter<fst::ReverseArc<fst::ArcTpl<fst::TropicalWeightTpl<float>>>>, fst::DefaultDeterminizeStateTable<fst::ReverseArc<fst::ArcTpl<fst::TropicalWeightTpl<float>>>, fst::IntegerFilterState<signed char>>>, const fst::Fst<fst::ReverseArc<fst::ArcTpl<fst::TropicalWeightTpl<float>>>> &, const std::vector<fst::TropicalWeightTpl<float>> *&, std::vector<fst::TropicalWeightTpl<float>> *&, const fst::DeterminizeFstOptions<fst::ReverseArc<fst::ArcTpl<fst::TropicalWeightTpl<float>>>> &, void>' requested here
C/C++:   879 |             std::make_shared<internal::DeterminizeFsaImpl<A, D, F, T>>(
C/C++:       |                  ^
C/C++: /home/user/Doubao/chats/38441059405347074/Operit-1.12.1/app/.cxx/RelWithDebInfo/574s151n/arm64-v8a/_deps/openfst-src/src/include/fst/shortest-path.h:475:28: note: in instantiation of function template specialization 'fst::DeterminizeFst<fst::ReverseArc<fst::ArcTpl<fst::TropicalWeightTpl<float>>>>::DeterminizeFst<fst::DefaultCommonDivisor<fst::TropicalWeightTpl<float>>, fst::DefaultDeterminizeFilter<fst::ReverseArc<fst::ArcTpl<fst::TropicalWeightTpl<float>>>>, fst::DefaultDeterminizeStateTable<fst::ReverseArc<fst::ArcTpl<fst::TropicalWeightTpl<float>>>, fst::IntegerFilterState<signed char>>>' requested here
C/C++:   475 |     DeterminizeFst<RevArc> dfst(rfst, distance, &ddistance, dopts);
C/C++:       |                            ^
C/C++: /home/user/Doubao/chats/38441059405347074/Operit-1.12.1/app/.cxx/RelWithDebInfo/574s151n/arm64-v8a/_deps/openfst-src/src/include/fst/shortest-path.h:510:3: note: in instantiation of function template specialization 'fst::ShortestPath<fst::ArcTpl<fst::TropicalWeightTpl<float>>, fst::AutoQueue<int>, fst::AnyArcFilter<fst::ArcTpl<fst::TropicalWeightTpl<float>>>>' requested here
C/C++:   510 |   ShortestPath(ifst, ofst, &distance, opts);
C/C++:       |   ^
C/C++: /home/user/Doubao/chats/38441059405347074/Operit-1.12.1/app/.cxx/RelWithDebInfo/574s151n/arm64-v8a/_deps/kaldifst-src/kaldifst/csrc/text-normalizer.cc:197:8: note: in instantiation of function template specialization 'fst::ShortestPath<fst::ArcTpl<fst::TropicalWeightTpl<float>>>' requested here
C/C++:   197 |   fst::ShortestPath(composed_fst, &one_best, 1);
C/C++:       |        ^
C/C++: /home/user/Android/ndk/27.0.12077973/toolchains/llvm/prebuilt/linux-x86_64/sysroot/usr/include/c++/v1/__memory/allocator.h:154:55: note: 'allocate' has been explicitly marked deprecated here
C/C++:   154 |   _LIBCPP_NODISCARD_AFTER_CXX17 _LIBCPP_HIDE_FROM_ABI _LIBCPP_DEPRECATED_IN_CXX17 _Tp*
C/C++:       |                                                       ^
C/C++: /home/user/Android/ndk/27.0.12077973/toolchains/llvm/prebuilt/linux-x86_64/sysroot/usr/include/c++/v1/__config:942:41: note: expanded from macro '_LIBCPP_DEPRECATED_IN_CXX17'
C/C++:   942 | #    define _LIBCPP_DEPRECATED_IN_CXX17 _LIBCPP_DEPRECATED
C/C++:       |                                         ^
C/C++: /home/user/Android/ndk/27.0.12077973/toolchains/llvm/prebuilt/linux-x86_64/sysroot/usr/include/c++/v1/__config:915:49: note: expanded from macro '_LIBCPP_DEPRECATED'
C/C++:   915 | #      define _LIBCPP_DEPRECATED __attribute__((__deprecated__))
C/C++:       |                                                 ^
C/C++: In file included from /home/user/Doubao/chats/38441059405347074/Operit-1.12.1/app/.cxx/RelWithDebInfo/574s151n/arm64-v8a/_deps/kaldifst-src/kaldifst/csrc/text-normalizer.cc:5:
C/C++: In file included from /home/user/Doubao/chats/38441059405347074/Operit-1.12.1/app/.cxx/RelWithDebInfo/574s151n/arm64-v8a/_deps/kaldifst-src/kaldifst/csrc/text-normalizer.h:12:
C/C++: In file included from /home/user/Doubao/chats/38441059405347074/Operit-1.12.1/app/.cxx/RelWithDebInfo/574s151n/arm64-v8a/_deps/openfst-src/src/include/fst/fst.h:28:
C/C++: /home/user/Doubao/chats/38441059405347074/Operit-1.12.1/app/.cxx/RelWithDebInfo/574s151n/arm64-v8a/_deps/openfst-src/src/include/fst/memory.h:342:17: warning: 'construct' is deprecated [-Wdeprecated-declarations]
C/C++:   342 |     Allocator().construct(p, std::forward<Args>(args)...);
C/C++:       |                 ^
C/C++: /home/user/Android/ndk/27.0.12077973/toolchains/llvm/prebuilt/linux-x86_64/sysroot/usr/include/c++/v1/__memory/allocator_traits.h:296:9: note: in instantiation of function template specialization 'fst::PoolAllocator<fst::ReverseArc<fst::ArcTpl<fst::TropicalWeightTpl<float>>>>::construct<fst::ReverseArc<fst::ArcTpl<fst::TropicalWeightTpl<float>>>, const fst::ReverseArc<fst::ArcTpl<fst::TropicalWeightTpl<float>>> &>' requested here
C/C++:   296 |     __a.construct(__p, std::forward<_Args>(__args)...);
C/C++:       |         ^
C/C++: /home/user/Android/ndk/27.0.12077973/toolchains/llvm/prebuilt/linux-x86_64/sysroot/usr/include/c++/v1/__memory/uninitialized_algorithms.h:547:31: note: in instantiation of function template specialization 'std::allocator_traits<fst::PoolAllocator<fst::ReverseArc<fst::ArcTpl<fst::TropicalWeightTpl<float>>>>>::construct<fst::ReverseArc<fst::ArcTpl<fst::TropicalWeightTpl<float>>>, const fst::ReverseArc<fst::ArcTpl<fst::TropicalWeightTpl<float>>> &, void>' requested here
C/C++:   547 |     allocator_traits<_Alloc>::construct(__alloc, std::__to_address(__first2), *__first1);
C/C++:       |                               ^
C/C++: /home/user/Android/ndk/27.0.12077973/toolchains/llvm/prebuilt/linux-x86_64/sysroot/usr/include/c++/v1/__memory/uninitialized_algorithms.h:589:33: note: in instantiation of function template specialization 'std::__uninitialized_allocator_copy_impl<fst::PoolAllocator<fst::ReverseArc<fst::ArcTpl<fst::TropicalWeightTpl<float>>>>, const fst::ReverseArc<fst::ArcTpl<fst::TropicalWeightTpl<float>>> *, const fst::ReverseArc<fst::ArcTpl<fst::TropicalWeightTpl<float>>> *, fst::ReverseArc<fst::ArcTpl<fst::TropicalWeightTpl<float>>> *>' requested here
C/C++:   589 |   auto __result          = std::__uninitialized_allocator_copy_impl(
C/C++:       |                                 ^
C/C++: /home/user/Android/ndk/27.0.12077973/toolchains/llvm/prebuilt/linux-x86_64/sysroot/usr/include/c++/v1/vector:1082:22: note: in instantiation of function template specialization 'std::__uninitialized_allocator_copy<fst::PoolAllocator<fst::ReverseArc<fst::ArcTpl<fst::TropicalWeightTpl<float>>>>, std::__wrap_iter<const fst::ReverseArc<fst::ArcTpl<fst::TropicalWeightTpl<float>>> *>, std::__wrap_iter<const fst::ReverseArc<fst::ArcTpl<fst::TropicalWeightTpl<float>>> *>, fst::ReverseArc<fst::ArcTpl<fst::TropicalWeightTpl<float>>> *>' requested here
C/C++:  1082 |   __tx.__pos_ = std::__uninitialized_allocator_copy(__alloc(), __first, __last, __tx.__pos_);
C/C++:       |                      ^
C/C++: /home/user/Android/ndk/27.0.12077973/toolchains/llvm/prebuilt/linux-x86_64/sysroot/usr/include/c++/v1/vector:760:7: note: in instantiation of function template specialization 'std::vector<fst::ReverseArc<fst::ArcTpl<fst::TropicalWeightTpl<float>>>, fst::PoolAllocator<fst::ReverseArc<fst::ArcTpl<fst::TropicalWeightTpl<float>>>>>::__construct_at_end<std::__wrap_iter<const fst::ReverseArc<fst::ArcTpl<fst::TropicalWeightTpl<float>>> *>, std::__wrap_iter<const fst::ReverseArc<fst::ArcTpl<fst::TropicalWeightTpl<float>>> *>>' requested here
C/C++:   760 |       __construct_at_end(__first, __last, __n);
C/C++:       |       ^
C/C++: /home/user/Android/ndk/27.0.12077973/toolchains/llvm/prebuilt/linux-x86_64/sysroot/usr/include/c++/v1/vector:1189:3: note: (skipping 15 contexts in backtrace; use -ftemplate-backtrace-limit=0 to see all)
C/C++:  1189 |   __init_with_size(__first, __last, __n);
C/C++:       |   ^
C/C++: /home/user/Android/ndk/27.0.12077973/toolchains/llvm/prebuilt/linux-x86_64/sysroot/usr/include/c++/v1/__memory/shared_ptr.h:826:15: note: in instantiation of function template specialization 'std::allocate_shared<fst::internal::DeterminizeFsaImpl<fst::ReverseArc<fst::ArcTpl<fst::TropicalWeightTpl<float>>>, fst::DefaultCommonDivisor<fst::TropicalWeightTpl<float>>, fst::DefaultDeterminizeFilter<fst::ReverseArc<fst::ArcTpl<fst::TropicalWeightTpl<float>>>>, fst::DefaultDeterminizeStateTable<fst::ReverseArc<fst::ArcTpl<fst::TropicalWeightTpl<float>>>, fst::IntegerFilterState<signed char>>>, std::allocator<fst::internal::DeterminizeFsaImpl<fst::ReverseArc<fst::ArcTpl<fst::TropicalWeightTpl<float>>>, fst::DefaultCommonDivisor<fst::TropicalWeightTpl<float>>, fst::DefaultDeterminizeFilter<fst::ReverseArc<fst::ArcTpl<fst::TropicalWeightTpl<float>>>>, fst::DefaultDeterminizeStateTable<fst::ReverseArc<fst::ArcTpl<fst::TropicalWeightTpl<float>>>, fst::IntegerFilterState<signed char>>>>, const fst::Fst<fst::ReverseArc<fst::ArcTpl<fst::TropicalWeightTpl<float>>>> &, const std::vector<fst::TropicalWeightTpl<float>> *&, std::vector<fst::TropicalWeightTpl<float>> *&, const fst::DeterminizeFstOptions<fst::ReverseArc<fst::ArcTpl<fst::TropicalWeightTpl<float>>>> &, void>' requested here
C/C++:   826 |   return std::allocate_shared<_Tp>(allocator<_Tp>(), std::forward<_Args>(__args)...);
C/C++:       |               ^
C/C++: /home/user/Doubao/chats/38441059405347074/Operit-1.12.1/app/.cxx/RelWithDebInfo/574s151n/arm64-v8a/_deps/openfst-src/src/include/fst/determinize.h:879:18: note: in instantiation of function template specialization 'std::make_shared<fst::internal::DeterminizeFsaImpl<fst::ReverseArc<fst::ArcTpl<fst::TropicalWeightTpl<float>>>, fst::DefaultCommonDivisor<fst::TropicalWeightTpl<float>>, fst::DefaultDeterminizeFilter<fst::ReverseArc<fst::ArcTpl<fst::TropicalWeightTpl<float>>>>, fst::DefaultDeterminizeStateTable<fst::ReverseArc<fst::ArcTpl<fst::TropicalWeightTpl<float>>>, fst::IntegerFilterState<signed char>>>, const fst::Fst<fst::ReverseArc<fst::ArcTpl<fst::TropicalWeightTpl<float>>>> &, const std::vector<fst::TropicalWeightTpl<float>> *&, std::vector<fst::TropicalWeightTpl<float>> *&, const fst::DeterminizeFstOptions<fst::ReverseArc<fst::ArcTpl<fst::TropicalWeightTpl<float>>>> &, void>' requested here
C/C++:   879 |             std::make_shared<internal::DeterminizeFsaImpl<A, D, F, T>>(
C/C++:       |                  ^
C/C++: /home/user/Doubao/chats/38441059405347074/Operit-1.12.1/app/.cxx/RelWithDebInfo/574s151n/arm64-v8a/_deps/openfst-src/src/include/fst/shortest-path.h:475:28: note: in instantiation of function template specialization 'fst::DeterminizeFst<fst::ReverseArc<fst::ArcTpl<fst::TropicalWeightTpl<float>>>>::DeterminizeFst<fst::DefaultCommonDivisor<fst::TropicalWeightTpl<float>>, fst::DefaultDeterminizeFilter<fst::ReverseArc<fst::ArcTpl<fst::TropicalWeightTpl<float>>>>, fst::DefaultDeterminizeStateTable<fst::ReverseArc<fst::ArcTpl<fst::TropicalWeightTpl<float>>>, fst::IntegerFilterState<signed char>>>' requested here
C/C++:   475 |     DeterminizeFst<RevArc> dfst(rfst, distance, &ddistance, dopts);
C/C++:       |                            ^
C/C++: /home/user/Doubao/chats/38441059405347074/Operit-1.12.1/app/.cxx/RelWithDebInfo/574s151n/arm64-v8a/_deps/openfst-src/src/include/fst/shortest-path.h:510:3: note: in instantiation of function template specialization 'fst::ShortestPath<fst::ArcTpl<fst::TropicalWeightTpl<float>>, fst::AutoQueue<int>, fst::AnyArcFilter<fst::ArcTpl<fst::TropicalWeightTpl<float>>>>' requested here
C/C++:   510 |   ShortestPath(ifst, ofst, &distance, opts);
C/C++:       |   ^
C/C++: /home/user/Doubao/chats/38441059405347074/Operit-1.12.1/app/.cxx/RelWithDebInfo/574s151n/arm64-v8a/_deps/kaldifst-src/kaldifst/csrc/text-normalizer.cc:197:8: note: in instantiation of function template specialization 'fst::ShortestPath<fst::ArcTpl<fst::TropicalWeightTpl<float>>>' requested here
C/C++:   197 |   fst::ShortestPath(composed_fst, &one_best, 1);
C/C++:       |        ^
C/C++: /home/user/Android/ndk/27.0.12077973/toolchains/llvm/prebuilt/linux-x86_64/sysroot/usr/include/c++/v1/__memory/allocator.h:164:58: note: 'construct' has been explicitly marked deprecated here
C/C++:   164 |   _LIBCPP_DEPRECATED_IN_CXX17 _LIBCPP_HIDE_FROM_ABI void construct(_Up* __p, _Args&&... __args) {
C/C++:       |                                                          ^
C/C++: In file included from /home/user/Doubao/chats/38441059405347074/Operit-1.12.1/app/.cxx/RelWithDebInfo/574s151n/arm64-v8a/_deps/kaldifst-src/kaldifst/csrc/text-normalizer.cc:5:
C/C++: In file included from /home/user/Doubao/chats/38441059405347074/Operit-1.12.1/app/.cxx/RelWithDebInfo/574s151n/arm64-v8a/_deps/kaldifst-src/kaldifst/csrc/text-normalizer.h:12:
C/C++: In file included from /home/user/Doubao/chats/38441059405347074/Operit-1.12.1/app/.cxx/RelWithDebInfo/574s151n/arm64-v8a/_deps/openfst-src/src/include/fst/fst.h:28:
C/C++: /home/user/Doubao/chats/38441059405347074/Operit-1.12.1/app/.cxx/RelWithDebInfo/574s151n/arm64-v8a/_deps/openfst-src/src/include/fst/memory.h:342:17: warning: 'construct<fst::ReverseArc<fst::ArcTpl<fst::TropicalWeightTpl<float>>>, const fst::ReverseArc<fst::ArcTpl<fst::TropicalWeightTpl<float>>> &>' is deprecated [-Wdeprecated-declarations]
C/C++:   342 |     Allocator().construct(p, std::forward<Args>(args)...);
C/C++:       |                 ^
C/C++: /home/user/Android/ndk/27.0.12077973/toolchains/llvm/prebuilt/linux-x86_64/sysroot/usr/include/c++/v1/__memory/allocator.h:164:3: note: 'construct<fst::ReverseArc<fst::ArcTpl<fst::TropicalWeightTpl<float>>>, const fst::ReverseArc<fst::ArcTpl<fst::TropicalWeightTpl<float>>> &>' has been explicitly marked deprecated here
C/C++:   164 |   _LIBCPP_DEPRECATED_IN_CXX17 _LIBCPP_HIDE_FROM_ABI void construct(_Up* __p, _Args&&... __args) {
C/C++:       |   ^
C/C++: /home/user/Android/ndk/27.0.12077973/toolchains/llvm/prebuilt/linux-x86_64/sysroot/usr/include/c++/v1/__config:942:41: note: expanded from macro '_LIBCPP_DEPRECATED_IN_CXX17'
C/C++:   942 | #    define _LIBCPP_DEPRECATED_IN_CXX17 _LIBCPP_DEPRECATED
C/C++:       |                                         ^
C/C++: /home/user/Android/ndk/27.0.12077973/toolchains/llvm/prebuilt/linux-x86_64/sysroot/usr/include/c++/v1/__config:915:49: note: expanded from macro '_LIBCPP_DEPRECATED'
C/C++:   915 | #      define _LIBCPP_DEPRECATED __attribute__((__deprecated__))
C/C++:       |                                                 ^
C/C++: In file included from /home/user/Doubao/chats/38441059405347074/Operit-1.12.1/app/.cxx/RelWithDebInfo/574s151n/arm64-v8a/_deps/kaldifst-src/kaldifst/csrc/text-normalizer.cc:5:
C/C++: In file included from /home/user/Doubao/chats/38441059405347074/Operit-1.12.1/app/.cxx/RelWithDebInfo/574s151n/arm64-v8a/_deps/kaldifst-src/kaldifst/csrc/text-normalizer.h:12:
C/C++: In file included from /home/user/Doubao/chats/38441059405347074/Operit-1.12.1/app/.cxx/RelWithDebInfo/574s151n/arm64-v8a/_deps/openfst-src/src/include/fst/fst.h:28:
C/C++: /home/user/Doubao/chats/38441059405347074/Operit-1.12.1/app/.cxx/RelWithDebInfo/574s151n/arm64-v8a/_deps/openfst-src/src/include/fst/memory.h:363:26: warning: 'allocate' is deprecated [-Wdeprecated-declarations]
C/C++:   363 |       return Allocator().allocate(n, hint);
C/C++:       |                          ^
C/C++: /home/user/Doubao/chats/38441059405347074/Operit-1.12.1/app/.cxx/RelWithDebInfo/574s151n/arm64-v8a/_deps/openfst-src/src/include/fst/cache.h:185:19: note: in instantiation of member function 'fst::PoolAllocator<fst::CacheState<fst::ReverseArc<fst::ArcTpl<fst::TropicalWeightTpl<float>>>>>::allocate' requested here
C/C++:   185 |     return alloc->allocate(1);
C/C++:       |                   ^
C/C++: /home/user/Doubao/chats/38441059405347074/Operit-1.12.1/app/.cxx/RelWithDebInfo/574s151n/arm64-v8a/_deps/openfst-src/src/include/fst/cache.h:363:17: note: in instantiation of member function 'fst::CacheState<fst::ReverseArc<fst::ArcTpl<fst::TropicalWeightTpl<float>>>>::operator new' requested here
C/C++:   363 |         state = new (&state_alloc_) State(*store_state, arc_alloc_);
C/C++:       |                 ^
C/C++: /home/user/Doubao/chats/38441059405347074/Operit-1.12.1/app/.cxx/RelWithDebInfo/574s151n/arm64-v8a/_deps/openfst-src/src/include/fst/cache.h:289:7: note: in instantiation of member function 'fst::VectorCacheStore<fst::CacheState<fst::ReverseArc<fst::ArcTpl<fst::TropicalWeightTpl<float>>>>>::CopyStates' requested here
C/C++:   289 |       CopyStates(store);
C/C++:       |       ^
C/C++: /home/user/Doubao/chats/38441059405347074/Operit-1.12.1/app/.cxx/RelWithDebInfo/574s151n/arm64-v8a/_deps/openfst-src/src/include/fst/cache.h:513:14: note: in instantiation of member function 'fst::VectorCacheStore<fst::CacheState<fst::ReverseArc<fst::ArcTpl<fst::TropicalWeightTpl<float>>>>>::operator=' requested here
C/C++:   513 |       store_ = store.store_;
C/C++:       |              ^
C/C++: /home/user/Doubao/chats/38441059405347074/Operit-1.12.1/app/.cxx/RelWithDebInfo/574s151n/arm64-v8a/_deps/openfst-src/src/include/fst/cache.h:615:7: note: in instantiation of member function 'fst::FirstCacheStore<fst::VectorCacheStore<fst::CacheState<fst::ReverseArc<fst::ArcTpl<fst::TropicalWeightTpl<float>>>>>>::operator=' requested here
C/C++:   615 | class GCCacheStore {
C/C++:       |       ^
C/C++: /home/user/Doubao/chats/38441059405347074/Operit-1.12.1/app/.cxx/RelWithDebInfo/574s151n/arm64-v8a/_deps/openfst-src/src/include/fst/cache.h:1083:9: note: (skipping 9 contexts in backtrace; use -ftemplate-backtrace-limit=0 to see all)
C/C++:  1083 |       : CacheBaseImpl<State>(impl, preserve_cache) {}
C/C++:       |         ^
C/C++: /home/user/Android/ndk/27.0.12077973/toolchains/llvm/prebuilt/linux-x86_64/sysroot/usr/include/c++/v1/__memory/shared_ptr.h:826:15: note: in instantiation of function template specialization 'std::allocate_shared<fst::internal::DeterminizeFsaImpl<fst::ReverseArc<fst::ArcTpl<fst::TropicalWeightTpl<float>>>, fst::DefaultCommonDivisor<fst::TropicalWeightTpl<float>>, fst::DefaultDeterminizeFilter<fst::ReverseArc<fst::ArcTpl<fst::TropicalWeightTpl<float>>>>, fst::DefaultDeterminizeStateTable<fst::ReverseArc<fst::ArcTpl<fst::TropicalWeightTpl<float>>>, fst::IntegerFilterState<signed char>>>, std::allocator<fst::internal::DeterminizeFsaImpl<fst::ReverseArc<fst::ArcTpl<fst::TropicalWeightTpl<float>>>, fst::DefaultCommonDivisor<fst::TropicalWeightTpl<float>>, fst::DefaultDeterminizeFilter<fst::ReverseArc<fst::ArcTpl<fst::TropicalWeightTpl<float>>>>, fst::DefaultDeterminizeStateTable<fst::ReverseArc<fst::ArcTpl<fst::TropicalWeightTpl<float>>>, fst::IntegerFilterState<signed char>>>>, const fst::Fst<fst::ReverseArc<fst::ArcTpl<fst::TropicalWeightTpl<float>>>> &, const std::vector<fst::TropicalWeightTpl<float>> *&, std::vector<fst::TropicalWeightTpl<float>> *&, const fst::DeterminizeFstOptions<fst::ReverseArc<fst::ArcTpl<fst::TropicalWeightTpl<float>>>> &, void>' requested here
C/C++:   826 |   return std::allocate_shared<_Tp>(allocator<_Tp>(), std::forward<_Args>(__args)...);
C/C++:       |               ^
C/C++: /home/user/Doubao/chats/38441059405347074/Operit-1.12.1/app/.cxx/RelWithDebInfo/574s151n/arm64-v8a/_deps/openfst-src/src/include/fst/determinize.h:879:18: note: in instantiation of function template specialization 'std::make_shared<fst::internal::DeterminizeFsaImpl<fst::ReverseArc<fst::ArcTpl<fst::TropicalWeightTpl<float>>>, fst::DefaultCommonDivisor<fst::TropicalWeightTpl<float>>, fst::DefaultDeterminizeFilter<fst::ReverseArc<fst::ArcTpl<fst::TropicalWeightTpl<float>>>>, fst::DefaultDeterminizeStateTable<fst::ReverseArc<fst::ArcTpl<fst::TropicalWeightTpl<float>>>, fst::IntegerFilterState<signed char>>>, const fst::Fst<fst::ReverseArc<fst::ArcTpl<fst::TropicalWeightTpl<float>>>> &, const std::vector<fst::TropicalWeightTpl<float>> *&, std::vector<fst::TropicalWeightTpl<float>> *&, const fst::DeterminizeFstOptions<fst::ReverseArc<fst::ArcTpl<fst::TropicalWeightTpl<float>>>> &, void>' requested here
C/C++:   879 |             std::make_shared<internal::DeterminizeFsaImpl<A, D, F, T>>(
C/C++:       |                  ^
C/C++: /home/user/Doubao/chats/38441059405347074/Operit-1.12.1/app/.cxx/RelWithDebInfo/574s151n/arm64-v8a/_deps/openfst-src/src/include/fst/shortest-path.h:475:28: note: in instantiation of function template specialization 'fst::DeterminizeFst<fst::ReverseArc<fst::ArcTpl<fst::TropicalWeightTpl<float>>>>::DeterminizeFst<fst::DefaultCommonDivisor<fst::TropicalWeightTpl<float>>, fst::DefaultDeterminizeFilter<fst::ReverseArc<fst::ArcTpl<fst::TropicalWeightTpl<float>>>>, fst::DefaultDeterminizeStateTable<fst::ReverseArc<fst::ArcTpl<fst::TropicalWeightTpl<float>>>, fst::IntegerFilterState<signed char>>>' requested here
C/C++:   475 |     DeterminizeFst<RevArc> dfst(rfst, distance, &ddistance, dopts);
C/C++:       |                            ^
C/C++: /home/user/Doubao/chats/38441059405347074/Operit-1.12.1/app/.cxx/RelWithDebInfo/574s151n/arm64-v8a/_deps/openfst-src/src/include/fst/shortest-path.h:510:3: note: in instantiation of function template specialization 'fst::ShortestPath<fst::ArcTpl<fst::TropicalWeightTpl<float>>, fst::AutoQueue<int>, fst::AnyArcFilter<fst::ArcTpl<fst::TropicalWeightTpl<float>>>>' requested here
C/C++:   510 |   ShortestPath(ifst, ofst, &distance, opts);
C/C++:       |   ^
C/C++: /home/user/Doubao/chats/38441059405347074/Operit-1.12.1/app/.cxx/RelWithDebInfo/574s151n/arm64-v8a/_deps/kaldifst-src/kaldifst/csrc/text-normalizer.cc:197:8: note: in instantiation of function template specialization 'fst::ShortestPath<fst::ArcTpl<fst::TropicalWeightTpl<float>>>' requested here
C/C++:   197 |   fst::ShortestPath(composed_fst, &one_best, 1);
C/C++:       |        ^
C/C++: /home/user/Android/ndk/27.0.12077973/toolchains/llvm/prebuilt/linux-x86_64/sysroot/usr/include/c++/v1/__memory/allocator.h:154:55: note: 'allocate' has been explicitly marked deprecated here
C/C++:   154 |   _LIBCPP_NODISCARD_AFTER_CXX17 _LIBCPP_HIDE_FROM_ABI _LIBCPP_DEPRECATED_IN_CXX17 _Tp*
C/C++:       |                                                       ^
C/C++: /home/user/Android/ndk/27.0.12077973/toolchains/llvm/prebuilt/linux-x86_64/sysroot/usr/include/c++/v1/__config:942:41: note: expanded from macro '_LIBCPP_DEPRECATED_IN_CXX17'
C/C++:   942 | #    define _LIBCPP_DEPRECATED_IN_CXX17 _LIBCPP_DEPRECATED
C/C++:       |                                         ^
C/C++: /home/user/Android/ndk/27.0.12077973/toolchains/llvm/prebuilt/linux-x86_64/sysroot/usr/include/c++/v1/__config:915:49: note: expanded from macro '_LIBCPP_DEPRECATED'
C/C++:   915 | #      define _LIBCPP_DEPRECATED __attribute__((__deprecated__))
C/C++:       |                                                 ^
C/C++: 21 warnings generated.

> Task :dragonbones:buildCMakeRelWithDebInfo[x86]
C/C++: In file included from /home/user/Doubao/chats/38441059405347074/Operit-1.12.1/avator/dragonbones/.cxx/operit_deps/dragonbones_cpp-f696143045e07b7c4c4590bdd95534e9e8074b37-src/DragonBones/src/dragonBones/factory/BaseFactory.cpp:1:
C/C++: In file included from /home/user/Doubao/chats/38441059405347074/Operit-1.12.1/avator/dragonbones/.cxx/operit_deps/dragonbones_cpp-f696143045e07b7c4c4590bdd95534e9e8074b37-src/DragonBones/src/dragonBones/factory/BaseFactory.h:26:
C/C++: In file included from /home/user/Doubao/chats/38441059405347074/Operit-1.12.1/avator/dragonbones/.cxx/operit_deps/dragonbones_cpp-f696143045e07b7c4c4590bdd95534e9e8074b37-src/DragonBones/src/dragonBones/factory/../parser/JSONDataParser.h:5:
C/C++: /home/user/Doubao/chats/38441059405347074/Operit-1.12.1/avator/dragonbones/.cxx/operit_deps/dragonbones_cpp-f696143045e07b7c4c4590bdd95534e9e8074b37-src/3rdParty/rapidjson/document.h:102:19: warning: 'iterator<std::random_access_iterator_tag, rapidjson::GenericMember<rapidjson::UTF8<>, rapidjson::MemoryPoolAllocator<>>>' is deprecated [-Wdeprecated-declarations]
C/C++:   102 |     : public std::iterator<std::random_access_iterator_tag
C/C++:       |                   ^
C/C++: /home/user/Doubao/chats/38441059405347074/Operit-1.12.1/avator/dragonbones/.cxx/operit_deps/dragonbones_cpp-f696143045e07b7c4c4590bdd95534e9e8074b37-src/3rdParty/rapidjson/document.h:548:22: note: in instantiation of template class 'rapidjson::GenericMemberIterator<false, rapidjson::UTF8<>, rapidjson::MemoryPoolAllocator<>>' requested here
C/C++:   548 |     typedef typename GenericMemberIterator<false,Encoding,Allocator>::Iterator MemberIterator;  //!< Member iterator for iterating in object.
C/C++:       |                      ^
C/C++: /home/user/Doubao/chats/38441059405347074/Operit-1.12.1/avator/dragonbones/.cxx/operit_deps/dragonbones_cpp-f696143045e07b7c4c4590bdd95534e9e8074b37-src/DragonBones/src/dragonBones/factory/../parser/JSONDataParser.h:28:20: note: in instantiation of template class 'rapidjson::GenericValue<rapidjson::UTF8<>>' requested here
C/C++:    28 |         if (rawData.HasMember(key))
C/C++:       |                    ^
C/C++: /home/user/Android/ndk/27.0.12077973/toolchains/llvm/prebuilt/linux-x86_64/sysroot/usr/include/c++/v1/__iterator/iterator.h:23:29: note: 'iterator<std::random_access_iterator_tag, rapidjson::GenericMember<rapidjson::UTF8<>, rapidjson::MemoryPoolAllocator<>>>' has been explicitly marked deprecated here
C/C++:    23 | struct _LIBCPP_TEMPLATE_VIS _LIBCPP_DEPRECATED_IN_CXX17 iterator {
C/C++:       |                             ^
C/C++: /home/user/Android/ndk/27.0.12077973/toolchains/llvm/prebuilt/linux-x86_64/sysroot/usr/include/c++/v1/__config:942:41: note: expanded from macro '_LIBCPP_DEPRECATED_IN_CXX17'
C/C++:   942 | #    define _LIBCPP_DEPRECATED_IN_CXX17 _LIBCPP_DEPRECATED
C/C++:       |                                         ^
C/C++: /home/user/Android/ndk/27.0.12077973/toolchains/llvm/prebuilt/linux-x86_64/sysroot/usr/include/c++/v1/__config:915:49: note: expanded from macro '_LIBCPP_DEPRECATED'
C/C++:   915 | #      define _LIBCPP_DEPRECATED __attribute__((__deprecated__))
C/C++:       |                                                 ^
C/C++: In file included from /home/user/Doubao/chats/38441059405347074/Operit-1.12.1/avator/dragonbones/.cxx/operit_deps/dragonbones_cpp-f696143045e07b7c4c4590bdd95534e9e8074b37-src/DragonBones/src/dragonBones/factory/BaseFactory.cpp:1:
C/C++: In file included from /home/user/Doubao/chats/38441059405347074/Operit-1.12.1/avator/dragonbones/.cxx/operit_deps/dragonbones_cpp-f696143045e07b7c4c4590bdd95534e9e8074b37-src/DragonBones/src/dragonBones/factory/BaseFactory.h:26:
C/C++: In file included from /home/user/Doubao/chats/38441059405347074/Operit-1.12.1/avator/dragonbones/.cxx/operit_deps/dragonbones_cpp-f696143045e07b7c4c4590bdd95534e9e8074b37-src/DragonBones/src/dragonBones/factory/../parser/JSONDataParser.h:5:
C/C++: /home/user/Doubao/chats/38441059405347074/Operit-1.12.1/avator/dragonbones/.cxx/operit_deps/dragonbones_cpp-f696143045e07b7c4c4590bdd95534e9e8074b37-src/3rdParty/rapidjson/document.h:110:18: warning: 'iterator<std::random_access_iterator_tag, rapidjson::GenericMember<rapidjson::UTF8<>, rapidjson::MemoryPoolAllocator<>>>' is deprecated [-Wdeprecated-declarations]
C/C++:   110 |     typedef std::iterator<std::random_access_iterator_tag,ValueType> BaseType;
C/C++:       |                  ^
C/C++: /home/user/Android/ndk/27.0.12077973/toolchains/llvm/prebuilt/linux-x86_64/sysroot/usr/include/c++/v1/__iterator/iterator.h:23:29: note: 'iterator<std::random_access_iterator_tag, rapidjson::GenericMember<rapidjson::UTF8<>, rapidjson::MemoryPoolAllocator<>>>' has been explicitly marked deprecated here
C/C++:    23 | struct _LIBCPP_TEMPLATE_VIS _LIBCPP_DEPRECATED_IN_CXX17 iterator {
C/C++:       |                             ^
C/C++: /home/user/Android/ndk/27.0.12077973/toolchains/llvm/prebuilt/linux-x86_64/sysroot/usr/include/c++/v1/__config:942:41: note: expanded from macro '_LIBCPP_DEPRECATED_IN_CXX17'
C/C++:   942 | #    define _LIBCPP_DEPRECATED_IN_CXX17 _LIBCPP_DEPRECATED
C/C++:       |                                         ^
C/C++: /home/user/Android/ndk/27.0.12077973/toolchains/llvm/prebuilt/linux-x86_64/sysroot/usr/include/c++/v1/__config:915:49: note: expanded from macro '_LIBCPP_DEPRECATED'
C/C++:   915 | #      define _LIBCPP_DEPRECATED __attribute__((__deprecated__))
C/C++:       |                                                 ^
C/C++: In file included from /home/user/Doubao/chats/38441059405347074/Operit-1.12.1/avator/dragonbones/.cxx/operit_deps/dragonbones_cpp-f696143045e07b7c4c4590bdd95534e9e8074b37-src/DragonBones/src/dragonBones/factory/BaseFactory.cpp:1:
C/C++: In file included from /home/user/Doubao/chats/38441059405347074/Operit-1.12.1/avator/dragonbones/.cxx/operit_deps/dragonbones_cpp-f696143045e07b7c4c4590bdd95534e9e8074b37-src/DragonBones/src/dragonBones/factory/BaseFactory.h:26:
C/C++: In file included from /home/user/Doubao/chats/38441059405347074/Operit-1.12.1/avator/dragonbones/.cxx/operit_deps/dragonbones_cpp-f696143045e07b7c4c4590bdd95534e9e8074b37-src/DragonBones/src/dragonBones/factory/../parser/JSONDataParser.h:5:
C/C++: /home/user/Doubao/chats/38441059405347074/Operit-1.12.1/avator/dragonbones/.cxx/operit_deps/dragonbones_cpp-f696143045e07b7c4c4590bdd95534e9e8074b37-src/3rdParty/rapidjson/document.h:102:19: warning: 'iterator<std::random_access_iterator_tag, const rapidjson::GenericMember<rapidjson::UTF8<>, rapidjson::MemoryPoolAllocator<>>>' is deprecated [-Wdeprecated-declarations]
C/C++:   102 |     : public std::iterator<std::random_access_iterator_tag
C/C++:       |                   ^
C/C++: /home/user/Doubao/chats/38441059405347074/Operit-1.12.1/avator/dragonbones/.cxx/operit_deps/dragonbones_cpp-f696143045e07b7c4c4590bdd95534e9e8074b37-src/3rdParty/rapidjson/document.h:549:22: note: in instantiation of template class 'rapidjson::GenericMemberIterator<true, rapidjson::UTF8<>, rapidjson::MemoryPoolAllocator<>>' requested here
C/C++:   549 |     typedef typename GenericMemberIterator<true,Encoding,Allocator>::Iterator ConstMemberIterator;  //!< Constant member iterator for iterating in object.
C/C++:       |                      ^
C/C++: /home/user/Doubao/chats/38441059405347074/Operit-1.12.1/avator/dragonbones/.cxx/operit_deps/dragonbones_cpp-f696143045e07b7c4c4590bdd95534e9e8074b37-src/DragonBones/src/dragonBones/factory/../parser/JSONDataParser.h:28:20: note: in instantiation of template class 'rapidjson::GenericValue<rapidjson::UTF8<>>' requested here
C/C++:    28 |         if (rawData.HasMember(key))
C/C++:       |                    ^
C/C++: /home/user/Android/ndk/27.0.12077973/toolchains/llvm/prebuilt/linux-x86_64/sysroot/usr/include/c++/v1/__iterator/iterator.h:23:29: note: 'iterator<std::random_access_iterator_tag, const rapidjson::GenericMember<rapidjson::UTF8<>, rapidjson::MemoryPoolAllocator<>>>' has been explicitly marked deprecated here
C/C++:    23 | struct _LIBCPP_TEMPLATE_VIS _LIBCPP_DEPRECATED_IN_CXX17 iterator {
C/C++:       |                             ^
C/C++: /home/user/Android/ndk/27.0.12077973/toolchains/llvm/prebuilt/linux-x86_64/sysroot/usr/include/c++/v1/__config:942:41: note: expanded from macro '_LIBCPP_DEPRECATED_IN_CXX17'
C/C++:   942 | #    define _LIBCPP_DEPRECATED_IN_CXX17 _LIBCPP_DEPRECATED
C/C++:       |                                         ^
C/C++: /home/user/Android/ndk/27.0.12077973/toolchains/llvm/prebuilt/linux-x86_64/sysroot/usr/include/c++/v1/__config:915:49: note: expanded from macro '_LIBCPP_DEPRECATED'
C/C++:   915 | #      define _LIBCPP_DEPRECATED __attribute__((__deprecated__))
C/C++:       |                                                 ^
C/C++: In file included from /home/user/Doubao/chats/38441059405347074/Operit-1.12.1/avator/dragonbones/.cxx/operit_deps/dragonbones_cpp-f696143045e07b7c4c4590bdd95534e9e8074b37-src/DragonBones/src/dragonBones/factory/BaseFactory.cpp:1:
C/C++: In file included from /home/user/Doubao/chats/38441059405347074/Operit-1.12.1/avator/dragonbones/.cxx/operit_deps/dragonbones_cpp-f696143045e07b7c4c4590bdd95534e9e8074b37-src/DragonBones/src/dragonBones/factory/BaseFactory.h:26:
C/C++: In file included from /home/user/Doubao/chats/38441059405347074/Operit-1.12.1/avator/dragonbones/.cxx/operit_deps/dragonbones_cpp-f696143045e07b7c4c4590bdd95534e9e8074b37-src/DragonBones/src/dragonBones/factory/../parser/JSONDataParser.h:5:
C/C++: /home/user/Doubao/chats/38441059405347074/Operit-1.12.1/avator/dragonbones/.cxx/operit_deps/dragonbones_cpp-f696143045e07b7c4c4590bdd95534e9e8074b37-src/3rdParty/rapidjson/document.h:110:18: warning: 'iterator<std::random_access_iterator_tag, const rapidjson::GenericMember<rapidjson::UTF8<>, rapidjson::MemoryPoolAllocator<>>>' is deprecated [-Wdeprecated-declarations]
C/C++:   110 |     typedef std::iterator<std::random_access_iterator_tag,ValueType> BaseType;
C/C++:       |                  ^
C/C++: /home/user/Android/ndk/27.0.12077973/toolchains/llvm/prebuilt/linux-x86_64/sysroot/usr/include/c++/v1/__iterator/iterator.h:23:29: note: 'iterator<std::random_access_iterator_tag, const rapidjson::GenericMember<rapidjson::UTF8<>, rapidjson::MemoryPoolAllocator<>>>' has been explicitly marked deprecated here
C/C++:    23 | struct _LIBCPP_TEMPLATE_VIS _LIBCPP_DEPRECATED_IN_CXX17 iterator {
C/C++:       |                             ^
C/C++: /home/user/Android/ndk/27.0.12077973/toolchains/llvm/prebuilt/linux-x86_64/sysroot/usr/include/c++/v1/__config:942:41: note: expanded from macro '_LIBCPP_DEPRECATED_IN_CXX17'
C/C++:   942 | #    define _LIBCPP_DEPRECATED_IN_CXX17 _LIBCPP_DEPRECATED
C/C++:       |                                         ^
C/C++: /home/user/Android/ndk/27.0.12077973/toolchains/llvm/prebuilt/linux-x86_64/sysroot/usr/include/c++/v1/__config:915:49: note: expanded from macro '_LIBCPP_DEPRECATED'
C/C++:   915 | #      define _LIBCPP_DEPRECATED __attribute__((__deprecated__))
C/C++:       |                                                 ^
C/C++: /home/user/Doubao/chats/38441059405347074/Operit-1.12.1/avator/dragonbones/.cxx/operit_deps/dragonbones_cpp-f696143045e07b7c4c4590bdd95534e9e8074b37-src/DragonBones/src/dragonBones/factory/BaseFactory.cpp:216:95: warning: expression result unused [-Wunused-value]
C/C++:   216 |         dataPackage != nullptr ? dataPackage->dataName : displayData->parent->parent->parent->name;
C/C++:       |                                                          ~~~~~~~~~~~~~~~~~~~~~~~~~~~~~~~~~~~  ^~~~
C/C++: 5 warnings generated.
C/C++: In file included from /home/user/Doubao/chats/38441059405347074/Operit-1.12.1/avator/dragonbones/.cxx/operit_deps/dragonbones_cpp-f696143045e07b7c4c4590bdd95534e9e8074b37-src/DragonBones/src/dragonBones/parser/BinaryDataParser.cpp:1:
C/C++: In file included from /home/user/Doubao/chats/38441059405347074/Operit-1.12.1/avator/dragonbones/.cxx/operit_deps/dragonbones_cpp-f696143045e07b7c4c4590bdd95534e9e8074b37-src/DragonBones/src/dragonBones/parser/BinaryDataParser.h:26:
C/C++: In file included from /home/user/Doubao/chats/38441059405347074/Operit-1.12.1/avator/dragonbones/.cxx/operit_deps/dragonbones_cpp-f696143045e07b7c4c4590bdd95534e9e8074b37-src/DragonBones/src/dragonBones/parser/JSONDataParser.h:5:
C/C++: /home/user/Doubao/chats/38441059405347074/Operit-1.12.1/avator/dragonbones/.cxx/operit_deps/dragonbones_cpp-f696143045e07b7c4c4590bdd95534e9e8074b37-src/3rdParty/rapidjson/document.h:102:19: warning: 'iterator<std::random_access_iterator_tag, rapidjson::GenericMember<rapidjson::UTF8<>, rapidjson::MemoryPoolAllocator<>>>' is deprecated [-Wdeprecated-declarations]
C/C++:   102 |     : public std::iterator<std::random_access_iterator_tag
C/C++:       |                   ^
C/C++: /home/user/Doubao/chats/38441059405347074/Operit-1.12.1/avator/dragonbones/.cxx/operit_deps/dragonbones_cpp-f696143045e07b7c4c4590bdd95534e9e8074b37-src/3rdParty/rapidjson/document.h:548:22: note: in instantiation of template class 'rapidjson::GenericMemberIterator<false, rapidjson::UTF8<>, rapidjson::MemoryPoolAllocator<>>' requested here
C/C++:   548 |     typedef typename GenericMemberIterator<false,Encoding,Allocator>::Iterator MemberIterator;  //!< Member iterator for iterating in object.
C/C++:       |                      ^
C/C++: /home/user/Doubao/chats/38441059405347074/Operit-1.12.1/avator/dragonbones/.cxx/operit_deps/dragonbones_cpp-f696143045e07b7c4c4590bdd95534e9e8074b37-src/DragonBones/src/dragonBones/parser/JSONDataParser.h:28:20: note: in instantiation of template class 'rapidjson::GenericValue<rapidjson::UTF8<>>' requested here
C/C++:    28 |         if (rawData.HasMember(key))
C/C++:       |                    ^
C/C++: /home/user/Android/ndk/27.0.12077973/toolchains/llvm/prebuilt/linux-x86_64/sysroot/usr/include/c++/v1/__iterator/iterator.h:23:29: note: 'iterator<std::random_access_iterator_tag, rapidjson::GenericMember<rapidjson::UTF8<>, rapidjson::MemoryPoolAllocator<>>>' has been explicitly marked deprecated here
C/C++:    23 | struct _LIBCPP_TEMPLATE_VIS _LIBCPP_DEPRECATED_IN_CXX17 iterator {
C/C++:       |                             ^
C/C++: /home/user/Android/ndk/27.0.12077973/toolchains/llvm/prebuilt/linux-x86_64/sysroot/usr/include/c++/v1/__config:942:41: note: expanded from macro '_LIBCPP_DEPRECATED_IN_CXX17'
C/C++:   942 | #    define _LIBCPP_DEPRECATED_IN_CXX17 _LIBCPP_DEPRECATED
C/C++:       |                                         ^
C/C++: /home/user/Android/ndk/27.0.12077973/toolchains/llvm/prebuilt/linux-x86_64/sysroot/usr/include/c++/v1/__config:915:49: note: expanded from macro '_LIBCPP_DEPRECATED'
C/C++:   915 | #      define _LIBCPP_DEPRECATED __attribute__((__deprecated__))
C/C++:       |                                                 ^
C/C++: In file included from /home/user/Doubao/chats/38441059405347074/Operit-1.12.1/avator/dragonbones/.cxx/operit_deps/dragonbones_cpp-f696143045e07b7c4c4590bdd95534e9e8074b37-src/DragonBones/src/dragonBones/parser/BinaryDataParser.cpp:1:
C/C++: In file included from /home/user/Doubao/chats/38441059405347074/Operit-1.12.1/avator/dragonbones/.cxx/operit_deps/dragonbones_cpp-f696143045e07b7c4c4590bdd95534e9e8074b37-src/DragonBones/src/dragonBones/parser/BinaryDataParser.h:26:
C/C++: In file included from /home/user/Doubao/chats/38441059405347074/Operit-1.12.1/avator/dragonbones/.cxx/operit_deps/dragonbones_cpp-f696143045e07b7c4c4590bdd95534e9e8074b37-src/DragonBones/src/dragonBones/parser/JSONDataParser.h:5:
C/C++: /home/user/Doubao/chats/38441059405347074/Operit-1.12.1/avator/dragonbones/.cxx/operit_deps/dragonbones_cpp-f696143045e07b7c4c4590bdd95534e9e8074b37-src/3rdParty/rapidjson/document.h:110:18: warning: 'iterator<std::random_access_iterator_tag, rapidjson::GenericMember<rapidjson::UTF8<>, rapidjson::MemoryPoolAllocator<>>>' is deprecated [-Wdeprecated-declarations]
C/C++:   110 |     typedef std::iterator<std::random_access_iterator_tag,ValueType> BaseType;
C/C++:       |                  ^
C/C++: /home/user/Android/ndk/27.0.12077973/toolchains/llvm/prebuilt/linux-x86_64/sysroot/usr/include/c++/v1/__iterator/iterator.h:23:29: note: 'iterator<std::random_access_iterator_tag, rapidjson::GenericMember<rapidjson::UTF8<>, rapidjson::MemoryPoolAllocator<>>>' has been explicitly marked deprecated here
C/C++:    23 | struct _LIBCPP_TEMPLATE_VIS _LIBCPP_DEPRECATED_IN_CXX17 iterator {
C/C++:       |                             ^
C/C++: /home/user/Android/ndk/27.0.12077973/toolchains/llvm/prebuilt/linux-x86_64/sysroot/usr/include/c++/v1/__config:942:41: note: expanded from macro '_LIBCPP_DEPRECATED_IN_CXX17'
C/C++:   942 | #    define _LIBCPP_DEPRECATED_IN_CXX17 _LIBCPP_DEPRECATED
C/C++:       |                                         ^
C/C++: /home/user/Android/ndk/27.0.12077973/toolchains/llvm/prebuilt/linux-x86_64/sysroot/usr/include/c++/v1/__config:915:49: note: expanded from macro '_LIBCPP_DEPRECATED'
C/C++:   915 | #      define _LIBCPP_DEPRECATED __attribute__((__deprecated__))
C/C++:       |                                                 ^
C/C++: In file included from /home/user/Doubao/chats/38441059405347074/Operit-1.12.1/avator/dragonbones/.cxx/operit_deps/dragonbones_cpp-f696143045e07b7c4c4590bdd95534e9e8074b37-src/DragonBones/src/dragonBones/parser/BinaryDataParser.cpp:1:
C/C++: In file included from /home/user/Doubao/chats/38441059405347074/Operit-1.12.1/avator/dragonbones/.cxx/operit_deps/dragonbones_cpp-f696143045e07b7c4c4590bdd95534e9e8074b37-src/DragonBones/src/dragonBones/parser/BinaryDataParser.h:26:
C/C++: In file included from /home/user/Doubao/chats/38441059405347074/Operit-1.12.1/avator/dragonbones/.cxx/operit_deps/dragonbones_cpp-f696143045e07b7c4c4590bdd95534e9e8074b37-src/DragonBones/src/dragonBones/parser/JSONDataParser.h:5:
C/C++: /home/user/Doubao/chats/38441059405347074/Operit-1.12.1/avator/dragonbones/.cxx/operit_deps/dragonbones_cpp-f696143045e07b7c4c4590bdd95534e9e8074b37-src/3rdParty/rapidjson/document.h:102:19: warning: 'iterator<std::random_access_iterator_tag, const rapidjson::GenericMember<rapidjson::UTF8<>, rapidjson::MemoryPoolAllocator<>>>' is deprecated [-Wdeprecated-declarations]
C/C++:   102 |     : public std::iterator<std::random_access_iterator_tag
C/C++:       |                   ^
C/C++: /home/user/Doubao/chats/38441059405347074/Operit-1.12.1/avator/dragonbones/.cxx/operit_deps/dragonbones_cpp-f696143045e07b7c4c4590bdd95534e9e8074b37-src/3rdParty/rapidjson/document.h:549:22: note: in instantiation of template class 'rapidjson::GenericMemberIterator<true, rapidjson::UTF8<>, rapidjson::MemoryPoolAllocator<>>' requested here
C/C++:   549 |     typedef typename GenericMemberIterator<true,Encoding,Allocator>::Iterator ConstMemberIterator;  //!< Constant member iterator for iterating in object.
C/C++:       |                      ^
C/C++: /home/user/Doubao/chats/38441059405347074/Operit-1.12.1/avator/dragonbones/.cxx/operit_deps/dragonbones_cpp-f696143045e07b7c4c4590bdd95534e9e8074b37-src/DragonBones/src/dragonBones/parser/JSONDataParser.h:28:20: note: in instantiation of template class 'rapidjson::GenericValue<rapidjson::UTF8<>>' requested here
C/C++:    28 |         if (rawData.HasMember(key))
C/C++:       |                    ^
C/C++: /home/user/Android/ndk/27.0.12077973/toolchains/llvm/prebuilt/linux-x86_64/sysroot/usr/include/c++/v1/__iterator/iterator.h:23:29: note: 'iterator<std::random_access_iterator_tag, const rapidjson::GenericMember<rapidjson::UTF8<>, rapidjson::MemoryPoolAllocator<>>>' has been explicitly marked deprecated here
C/C++:    23 | struct _LIBCPP_TEMPLATE_VIS _LIBCPP_DEPRECATED_IN_CXX17 iterator {
C/C++:       |                             ^
C/C++: /home/user/Android/ndk/27.0.12077973/toolchains/llvm/prebuilt/linux-x86_64/sysroot/usr/include/c++/v1/__config:942:41: note: expanded from macro '_LIBCPP_DEPRECATED_IN_CXX17'
C/C++:   942 | #    define _LIBCPP_DEPRECATED_IN_CXX17 _LIBCPP_DEPRECATED
C/C++:       |                                         ^
C/C++: /home/user/Android/ndk/27.0.12077973/toolchains/llvm/prebuilt/linux-x86_64/sysroot/usr/include/c++/v1/__config:915:49: note: expanded from macro '_LIBCPP_DEPRECATED'
C/C++:   915 | #      define _LIBCPP_DEPRECATED __attribute__((__deprecated__))
C/C++:       |                                                 ^
C/C++: In file included from /home/user/Doubao/chats/38441059405347074/Operit-1.12.1/avator/dragonbones/.cxx/operit_deps/dragonbones_cpp-f696143045e07b7c4c4590bdd95534e9e8074b37-src/DragonBones/src/dragonBones/parser/BinaryDataParser.cpp:1:
C/C++: In file included from /home/user/Doubao/chats/38441059405347074/Operit-1.12.1/avator/dragonbones/.cxx/operit_deps/dragonbones_cpp-f696143045e07b7c4c4590bdd95534e9e8074b37-src/DragonBones/src/dragonBones/parser/BinaryDataParser.h:26:
C/C++: In file included from /home/user/Doubao/chats/38441059405347074/Operit-1.12.1/avator/dragonbones/.cxx/operit_deps/dragonbones_cpp-f696143045e07b7c4c4590bdd95534e9e8074b37-src/DragonBones/src/dragonBones/parser/JSONDataParser.h:5:
C/C++: /home/user/Doubao/chats/38441059405347074/Operit-1.12.1/avator/dragonbones/.cxx/operit_deps/dragonbones_cpp-f696143045e07b7c4c4590bdd95534e9e8074b37-src/3rdParty/rapidjson/document.h:110:18: warning: 'iterator<std::random_access_iterator_tag, const rapidjson::GenericMember<rapidjson::UTF8<>, rapidjson::MemoryPoolAllocator<>>>' is deprecated [-Wdeprecated-declarations]
C/C++:   110 |     typedef std::iterator<std::random_access_iterator_tag,ValueType> BaseType;
C/C++:       |                  ^
C/C++: /home/user/Android/ndk/27.0.12077973/toolchains/llvm/prebuilt/linux-x86_64/sysroot/usr/include/c++/v1/__iterator/iterator.h:23:29: note: 'iterator<std::random_access_iterator_tag, const rapidjson::GenericMember<rapidjson::UTF8<>, rapidjson::MemoryPoolAllocator<>>>' has been explicitly marked deprecated here
C/C++:    23 | struct _LIBCPP_TEMPLATE_VIS _LIBCPP_DEPRECATED_IN_CXX17 iterator {
C/C++:       |                             ^
C/C++: /home/user/Android/ndk/27.0.12077973/toolchains/llvm/prebuilt/linux-x86_64/sysroot/usr/include/c++/v1/__config:942:41: note: expanded from macro '_LIBCPP_DEPRECATED_IN_CXX17'
C/C++:   942 | #    define _LIBCPP_DEPRECATED_IN_CXX17 _LIBCPP_DEPRECATED
C/C++:       |                                         ^
C/C++: /home/user/Android/ndk/27.0.12077973/toolchains/llvm/prebuilt/linux-x86_64/sysroot/usr/include/c++/v1/__config:915:49: note: expanded from macro '_LIBCPP_DEPRECATED'
C/C++:   915 | #      define _LIBCPP_DEPRECATED __attribute__((__deprecated__))
C/C++:       |                                                 ^
C/C++: 4 warnings generated.
C/C++: In file included from /home/user/Doubao/chats/38441059405347074/Operit-1.12.1/avator/dragonbones/.cxx/operit_deps/dragonbones_cpp-f696143045e07b7c4c4590bdd95534e9e8074b37-src/DragonBones/src/dragonBones/parser/JSONDataParser.cpp:1:
C/C++: In file included from /home/user/Doubao/chats/38441059405347074/Operit-1.12.1/avator/dragonbones/.cxx/operit_deps/dragonbones_cpp-f696143045e07b7c4c4590bdd95534e9e8074b37-src/DragonBones/src/dragonBones/parser/JSONDataParser.h:5:
C/C++: /home/user/Doubao/chats/38441059405347074/Operit-1.12.1/avator/dragonbones/.cxx/operit_deps/dragonbones_cpp-f696143045e07b7c4c4590bdd95534e9e8074b37-src/3rdParty/rapidjson/document.h:102:19: warning: 'iterator<std::random_access_iterator_tag, rapidjson::GenericMember<rapidjson::UTF8<>, rapidjson::MemoryPoolAllocator<>>>' is deprecated [-Wdeprecated-declarations]
C/C++:   102 |     : public std::iterator<std::random_access_iterator_tag
C/C++:       |                   ^
C/C++: /home/user/Doubao/chats/38441059405347074/Operit-1.12.1/avator/dragonbones/.cxx/operit_deps/dragonbones_cpp-f696143045e07b7c4c4590bdd95534e9e8074b37-src/3rdParty/rapidjson/document.h:548:22: note: in instantiation of template class 'rapidjson::GenericMemberIterator<false, rapidjson::UTF8<>, rapidjson::MemoryPoolAllocator<>>' requested here
C/C++:   548 |     typedef typename GenericMemberIterator<false,Encoding,Allocator>::Iterator MemberIterator;  //!< Member iterator for iterating in object.
C/C++:       |                      ^
C/C++: /home/user/Doubao/chats/38441059405347074/Operit-1.12.1/avator/dragonbones/.cxx/operit_deps/dragonbones_cpp-f696143045e07b7c4c4590bdd95534e9e8074b37-src/DragonBones/src/dragonBones/parser/JSONDataParser.h:28:20: note: in instantiation of template class 'rapidjson::GenericValue<rapidjson::UTF8<>>' requested here
C/C++:    28 |         if (rawData.HasMember(key))
C/C++:       |                    ^
C/C++: /home/user/Android/ndk/27.0.12077973/toolchains/llvm/prebuilt/linux-x86_64/sysroot/usr/include/c++/v1/__iterator/iterator.h:23:29: note: 'iterator<std::random_access_iterator_tag, rapidjson::GenericMember<rapidjson::UTF8<>, rapidjson::MemoryPoolAllocator<>>>' has been explicitly marked deprecated here
C/C++:    23 | struct _LIBCPP_TEMPLATE_VIS _LIBCPP_DEPRECATED_IN_CXX17 iterator {
C/C++:       |                             ^
C/C++: /home/user/Android/ndk/27.0.12077973/toolchains/llvm/prebuilt/linux-x86_64/sysroot/usr/include/c++/v1/__config:942:41: note: expanded from macro '_LIBCPP_DEPRECATED_IN_CXX17'
C/C++:   942 | #    define _LIBCPP_DEPRECATED_IN_CXX17 _LIBCPP_DEPRECATED
C/C++:       |                                         ^
C/C++: /home/user/Android/ndk/27.0.12077973/toolchains/llvm/prebuilt/linux-x86_64/sysroot/usr/include/c++/v1/__config:915:49: note: expanded from macro '_LIBCPP_DEPRECATED'
C/C++:   915 | #      define _LIBCPP_DEPRECATED __attribute__((__deprecated__))
C/C++:       |                                                 ^
C/C++: In file included from /home/user/Doubao/chats/38441059405347074/Operit-1.12.1/avator/dragonbones/.cxx/operit_deps/dragonbones_cpp-f696143045e07b7c4c4590bdd95534e9e8074b37-src/DragonBones/src/dragonBones/parser/JSONDataParser.cpp:1:
C/C++: In file included from /home/user/Doubao/chats/38441059405347074/Operit-1.12.1/avator/dragonbones/.cxx/operit_deps/dragonbones_cpp-f696143045e07b7c4c4590bdd95534e9e8074b37-src/DragonBones/src/dragonBones/parser/JSONDataParser.h:5:
C/C++: /home/user/Doubao/chats/38441059405347074/Operit-1.12.1/avator/dragonbones/.cxx/operit_deps/dragonbones_cpp-f696143045e07b7c4c4590bdd95534e9e8074b37-src/3rdParty/rapidjson/document.h:110:18: warning: 'iterator<std::random_access_iterator_tag, rapidjson::GenericMember<rapidjson::UTF8<>, rapidjson::MemoryPoolAllocator<>>>' is deprecated [-Wdeprecated-declarations]
C/C++:   110 |     typedef std::iterator<std::random_access_iterator_tag,ValueType> BaseType;
C/C++:       |                  ^
C/C++: /home/user/Android/ndk/27.0.12077973/toolchains/llvm/prebuilt/linux-x86_64/sysroot/usr/include/c++/v1/__iterator/iterator.h:23:29: note: 'iterator<std::random_access_iterator_tag, rapidjson::GenericMember<rapidjson::UTF8<>, rapidjson::MemoryPoolAllocator<>>>' has been explicitly marked deprecated here
C/C++:    23 | struct _LIBCPP_TEMPLATE_VIS _LIBCPP_DEPRECATED_IN_CXX17 iterator {
C/C++:       |                             ^
C/C++: /home/user/Android/ndk/27.0.12077973/toolchains/llvm/prebuilt/linux-x86_64/sysroot/usr/include/c++/v1/__config:942:41: note: expanded from macro '_LIBCPP_DEPRECATED_IN_CXX17'
C/C++:   942 | #    define _LIBCPP_DEPRECATED_IN_CXX17 _LIBCPP_DEPRECATED
C/C++:       |                                         ^
C/C++: /home/user/Android/ndk/27.0.12077973/toolchains/llvm/prebuilt/linux-x86_64/sysroot/usr/include/c++/v1/__config:915:49: note: expanded from macro '_LIBCPP_DEPRECATED'
C/C++:   915 | #      define _LIBCPP_DEPRECATED __attribute__((__deprecated__))
C/C++:       |                                                 ^
C/C++: In file included from /home/user/Doubao/chats/38441059405347074/Operit-1.12.1/avator/dragonbones/.cxx/operit_deps/dragonbones_cpp-f696143045e07b7c4c4590bdd95534e9e8074b37-src/DragonBones/src/dragonBones/parser/JSONDataParser.cpp:1:
C/C++: In file included from /home/user/Doubao/chats/38441059405347074/Operit-1.12.1/avator/dragonbones/.cxx/operit_deps/dragonbones_cpp-f696143045e07b7c4c4590bdd95534e9e8074b37-src/DragonBones/src/dragonBones/parser/JSONDataParser.h:5:
C/C++: /home/user/Doubao/chats/38441059405347074/Operit-1.12.1/avator/dragonbones/.cxx/operit_deps/dragonbones_cpp-f696143045e07b7c4c4590bdd95534e9e8074b37-src/3rdParty/rapidjson/document.h:102:19: warning: 'iterator<std::random_access_iterator_tag, const rapidjson::GenericMember<rapidjson::UTF8<>, rapidjson::MemoryPoolAllocator<>>>' is deprecated [-Wdeprecated-declarations]
C/C++:   102 |     : public std::iterator<std::random_access_iterator_tag
C/C++:       |                   ^
C/C++: /home/user/Doubao/chats/38441059405347074/Operit-1.12.1/avator/dragonbones/.cxx/operit_deps/dragonbones_cpp-f696143045e07b7c4c4590bdd95534e9e8074b37-src/3rdParty/rapidjson/document.h:549:22: note: in instantiation of template class 'rapidjson::GenericMemberIterator<true, rapidjson::UTF8<>, rapidjson::MemoryPoolAllocator<>>' requested here
C/C++:   549 |     typedef typename GenericMemberIterator<true,Encoding,Allocator>::Iterator ConstMemberIterator;  //!< Constant member iterator for iterating in object.
C/C++:       |                      ^
C/C++: /home/user/Doubao/chats/38441059405347074/Operit-1.12.1/avator/dragonbones/.cxx/operit_deps/dragonbones_cpp-f696143045e07b7c4c4590bdd95534e9e8074b37-src/DragonBones/src/dragonBones/parser/JSONDataParser.h:28:20: note: in instantiation of template class 'rapidjson::GenericValue<rapidjson::UTF8<>>' requested here
C/C++:    28 |         if (rawData.HasMember(key))
C/C++:       |                    ^
C/C++: /home/user/Android/ndk/27.0.12077973/toolchains/llvm/prebuilt/linux-x86_64/sysroot/usr/include/c++/v1/__iterator/iterator.h:23:29: note: 'iterator<std::random_access_iterator_tag, const rapidjson::GenericMember<rapidjson::UTF8<>, rapidjson::MemoryPoolAllocator<>>>' has been explicitly marked deprecated here
C/C++:    23 | struct _LIBCPP_TEMPLATE_VIS _LIBCPP_DEPRECATED_IN_CXX17 iterator {
C/C++:       |                             ^
C/C++: /home/user/Android/ndk/27.0.12077973/toolchains/llvm/prebuilt/linux-x86_64/sysroot/usr/include/c++/v1/__config:942:41: note: expanded from macro '_LIBCPP_DEPRECATED_IN_CXX17'
C/C++:   942 | #    define _LIBCPP_DEPRECATED_IN_CXX17 _LIBCPP_DEPRECATED
C/C++:       |                                         ^
C/C++: /home/user/Android/ndk/27.0.12077973/toolchains/llvm/prebuilt/linux-x86_64/sysroot/usr/include/c++/v1/__config:915:49: note: expanded from macro '_LIBCPP_DEPRECATED'
C/C++:   915 | #      define _LIBCPP_DEPRECATED __attribute__((__deprecated__))
C/C++:       |                                                 ^
C/C++: In file included from /home/user/Doubao/chats/38441059405347074/Operit-1.12.1/avator/dragonbones/.cxx/operit_deps/dragonbones_cpp-f696143045e07b7c4c4590bdd95534e9e8074b37-src/DragonBones/src/dragonBones/parser/JSONDataParser.cpp:1:
C/C++: In file included from /home/user/Doubao/chats/38441059405347074/Operit-1.12.1/avator/dragonbones/.cxx/operit_deps/dragonbones_cpp-f696143045e07b7c4c4590bdd95534e9e8074b37-src/DragonBones/src/dragonBones/parser/JSONDataParser.h:5:
C/C++: /home/user/Doubao/chats/38441059405347074/Operit-1.12.1/avator/dragonbones/.cxx/operit_deps/dragonbones_cpp-f696143045e07b7c4c4590bdd95534e9e8074b37-src/3rdParty/rapidjson/document.h:110:18: warning: 'iterator<std::random_access_iterator_tag, const rapidjson::GenericMember<rapidjson::UTF8<>, rapidjson::MemoryPoolAllocator<>>>' is deprecated [-Wdeprecated-declarations]
C/C++:   110 |     typedef std::iterator<std::random_access_iterator_tag,ValueType> BaseType;
C/C++:       |                  ^
C/C++: /home/user/Android/ndk/27.0.12077973/toolchains/llvm/prebuilt/linux-x86_64/sysroot/usr/include/c++/v1/__iterator/iterator.h:23:29: note: 'iterator<std::random_access_iterator_tag, const rapidjson::GenericMember<rapidjson::UTF8<>, rapidjson::MemoryPoolAllocator<>>>' has been explicitly marked deprecated here
C/C++:    23 | struct _LIBCPP_TEMPLATE_VIS _LIBCPP_DEPRECATED_IN_CXX17 iterator {
C/C++:       |                             ^
C/C++: /home/user/Android/ndk/27.0.12077973/toolchains/llvm/prebuilt/linux-x86_64/sysroot/usr/include/c++/v1/__config:942:41: note: expanded from macro '_LIBCPP_DEPRECATED_IN_CXX17'
C/C++:   942 | #    define _LIBCPP_DEPRECATED_IN_CXX17 _LIBCPP_DEPRECATED
C/C++:       |                                         ^
C/C++: /home/user/Android/ndk/27.0.12077973/toolchains/llvm/prebuilt/linux-x86_64/sysroot/usr/include/c++/v1/__config:915:49: note: expanded from macro '_LIBCPP_DEPRECATED'
C/C++:   915 | #      define _LIBCPP_DEPRECATED __attribute__((__deprecated__))
C/C++:       |                                                 ^
C/C++: /home/user/Doubao/chats/38441059405347074/Operit-1.12.1/avator/dragonbones/.cxx/operit_deps/dragonbones_cpp-f696143045e07b7c4c4590bdd95534e9e8074b37-src/DragonBones/src/dragonBones/parser/JSONDataParser.cpp:497:13: warning: enumeration value 'Path' not handled in switch [-Wswitch]
C/C++:   497 |     switch (type)
C/C++:       |             ^~~~
C/C++: 5 warnings generated.
C/C++: In file included from /home/user/Doubao/chats/38441059405347074/Operit-1.12.1/avator/dragonbones/cpp/opengl/OpenGLSlot.cpp:4:
C/C++: In file included from /home/user/Doubao/chats/38441059405347074/Operit-1.12.1/avator/dragonbones/cpp/opengl/OpenGLFactory.h:4:
C/C++: In file included from /home/user/Doubao/chats/38441059405347074/Operit-1.12.1/avator/dragonbones/.cxx/operit_deps/dragonbones_cpp-f696143045e07b7c4c4590bdd95534e9e8074b37-src/DragonBones/src/dragonBones/factory/BaseFactory.h:26:
C/C++: In file included from /home/user/Doubao/chats/38441059405347074/Operit-1.12.1/avator/dragonbones/.cxx/operit_deps/dragonbones_cpp-f696143045e07b7c4c4590bdd95534e9e8074b37-src/DragonBones/src/dragonBones/factory/../parser/JSONDataParser.h:5:
C/C++: /home/user/Doubao/chats/38441059405347074/Operit-1.12.1/avator/dragonbones/.cxx/operit_deps/dragonbones_cpp-f696143045e07b7c4c4590bdd95534e9e8074b37-src/3rdParty/rapidjson/document.h:102:19: warning: 'iterator<std::random_access_iterator_tag, rapidjson::GenericMember<rapidjson::UTF8<>, rapidjson::MemoryPoolAllocator<>>>' is deprecated [-Wdeprecated-declarations]
C/C++:   102 |     : public std::iterator<std::random_access_iterator_tag
C/C++:       |                   ^
C/C++: /home/user/Doubao/chats/38441059405347074/Operit-1.12.1/avator/dragonbones/.cxx/operit_deps/dragonbones_cpp-f696143045e07b7c4c4590bdd95534e9e8074b37-src/3rdParty/rapidjson/document.h:548:22: note: in instantiation of template class 'rapidjson::GenericMemberIterator<false, rapidjson::UTF8<>, rapidjson::MemoryPoolAllocator<>>' requested here
C/C++:   548 |     typedef typename GenericMemberIterator<false,Encoding,Allocator>::Iterator MemberIterator;  //!< Member iterator for iterating in object.
C/C++:       |                      ^
C/C++: /home/user/Doubao/chats/38441059405347074/Operit-1.12.1/avator/dragonbones/.cxx/operit_deps/dragonbones_cpp-f696143045e07b7c4c4590bdd95534e9e8074b37-src/DragonBones/src/dragonBones/factory/../parser/JSONDataParser.h:28:20: note: in instantiation of template class 'rapidjson::GenericValue<rapidjson::UTF8<>>' requested here
C/C++:    28 |         if (rawData.HasMember(key))
C/C++:       |                    ^
C/C++: /home/user/Android/ndk/27.0.12077973/toolchains/llvm/prebuilt/linux-x86_64/sysroot/usr/include/c++/v1/__iterator/iterator.h:23:29: note: 'iterator<std::random_access_iterator_tag, rapidjson::GenericMember<rapidjson::UTF8<>, rapidjson::MemoryPoolAllocator<>>>' has been explicitly marked deprecated here
C/C++:    23 | struct _LIBCPP_TEMPLATE_VIS _LIBCPP_DEPRECATED_IN_CXX17 iterator {
C/C++:       |                             ^
C/C++: /home/user/Android/ndk/27.0.12077973/toolchains/llvm/prebuilt/linux-x86_64/sysroot/usr/include/c++/v1/__config:942:41: note: expanded from macro '_LIBCPP_DEPRECATED_IN_CXX17'
C/C++:   942 | #    define _LIBCPP_DEPRECATED_IN_CXX17 _LIBCPP_DEPRECATED
C/C++:       |                                         ^
C/C++: /home/user/Android/ndk/27.0.12077973/toolchains/llvm/prebuilt/linux-x86_64/sysroot/usr/include/c++/v1/__config:915:49: note: expanded from macro '_LIBCPP_DEPRECATED'
C/C++:   915 | #      define _LIBCPP_DEPRECATED __attribute__((__deprecated__))
C/C++:       |                                                 ^
C/C++: In file included from /home/user/Doubao/chats/38441059405347074/Operit-1.12.1/avator/dragonbones/cpp/opengl/OpenGLSlot.cpp:4:
C/C++: In file included from /home/user/Doubao/chats/38441059405347074/Operit-1.12.1/avator/dragonbones/cpp/opengl/OpenGLFactory.h:4:
C/C++: In file included from /home/user/Doubao/chats/38441059405347074/Operit-1.12.1/avator/dragonbones/.cxx/operit_deps/dragonbones_cpp-f696143045e07b7c4c4590bdd95534e9e8074b37-src/DragonBones/src/dragonBones/factory/BaseFactory.h:26:
C/C++: In file included from /home/user/Doubao/chats/38441059405347074/Operit-1.12.1/avator/dragonbones/.cxx/operit_deps/dragonbones_cpp-f696143045e07b7c4c4590bdd95534e9e8074b37-src/DragonBones/src/dragonBones/factory/../parser/JSONDataParser.h:5:
C/C++: /home/user/Doubao/chats/38441059405347074/Operit-1.12.1/avator/dragonbones/.cxx/operit_deps/dragonbones_cpp-f696143045e07b7c4c4590bdd95534e9e8074b37-src/3rdParty/rapidjson/document.h:110:18: warning: 'iterator<std::random_access_iterator_tag, rapidjson::GenericMember<rapidjson::UTF8<>, rapidjson::MemoryPoolAllocator<>>>' is deprecated [-Wdeprecated-declarations]
C/C++:   110 |     typedef std::iterator<std::random_access_iterator_tag,ValueType> BaseType;
C/C++:       |                  ^
C/C++: /home/user/Android/ndk/27.0.12077973/toolchains/llvm/prebuilt/linux-x86_64/sysroot/usr/include/c++/v1/__iterator/iterator.h:23:29: note: 'iterator<std::random_access_iterator_tag, rapidjson::GenericMember<rapidjson::UTF8<>, rapidjson::MemoryPoolAllocator<>>>' has been explicitly marked deprecated here
C/C++:    23 | struct _LIBCPP_TEMPLATE_VIS _LIBCPP_DEPRECATED_IN_CXX17 iterator {
C/C++:       |                             ^
C/C++: /home/user/Android/ndk/27.0.12077973/toolchains/llvm/prebuilt/linux-x86_64/sysroot/usr/include/c++/v1/__config:942:41: note: expanded from macro '_LIBCPP_DEPRECATED_IN_CXX17'
C/C++:   942 | #    define _LIBCPP_DEPRECATED_IN_CXX17 _LIBCPP_DEPRECATED
C/C++:       |                                         ^
C/C++: /home/user/Android/ndk/27.0.12077973/toolchains/llvm/prebuilt/linux-x86_64/sysroot/usr/include/c++/v1/__config:915:49: note: expanded from macro '_LIBCPP_DEPRECATED'
C/C++:   915 | #      define _LIBCPP_DEPRECATED __attribute__((__deprecated__))
C/C++:       |                                                 ^
C/C++: In file included from /home/user/Doubao/chats/38441059405347074/Operit-1.12.1/avator/dragonbones/cpp/opengl/OpenGLSlot.cpp:4:
C/C++: In file included from /home/user/Doubao/chats/38441059405347074/Operit-1.12.1/avator/dragonbones/cpp/opengl/OpenGLFactory.h:4:
C/C++: In file included from /home/user/Doubao/chats/38441059405347074/Operit-1.12.1/avator/dragonbones/.cxx/operit_deps/dragonbones_cpp-f696143045e07b7c4c4590bdd95534e9e8074b37-src/DragonBones/src/dragonBones/factory/BaseFactory.h:26:
C/C++: In file included from /home/user/Doubao/chats/38441059405347074/Operit-1.12.1/avator/dragonbones/.cxx/operit_deps/dragonbones_cpp-f696143045e07b7c4c4590bdd95534e9e8074b37-src/DragonBones/src/dragonBones/factory/../parser/JSONDataParser.h:5:
C/C++: /home/user/Doubao/chats/38441059405347074/Operit-1.12.1/avator/dragonbones/.cxx/operit_deps/dragonbones_cpp-f696143045e07b7c4c4590bdd95534e9e8074b37-src/3rdParty/rapidjson/document.h:102:19: warning: 'iterator<std::random_access_iterator_tag, const rapidjson::GenericMember<rapidjson::UTF8<>, rapidjson::MemoryPoolAllocator<>>>' is deprecated [-Wdeprecated-declarations]
C/C++:   102 |     : public std::iterator<std::random_access_iterator_tag
C/C++:       |                   ^
C/C++: /home/user/Doubao/chats/38441059405347074/Operit-1.12.1/avator/dragonbones/.cxx/operit_deps/dragonbones_cpp-f696143045e07b7c4c4590bdd95534e9e8074b37-src/3rdParty/rapidjson/document.h:549:22: note: in instantiation of template class 'rapidjson::GenericMemberIterator<true, rapidjson::UTF8<>, rapidjson::MemoryPoolAllocator<>>' requested here
C/C++:   549 |     typedef typename GenericMemberIterator<true,Encoding,Allocator>::Iterator ConstMemberIterator;  //!< Constant member iterator for iterating in object.
C/C++:       |                      ^
C/C++: /home/user/Doubao/chats/38441059405347074/Operit-1.12.1/avator/dragonbones/.cxx/operit_deps/dragonbones_cpp-f696143045e07b7c4c4590bdd95534e9e8074b37-src/DragonBones/src/dragonBones/factory/../parser/JSONDataParser.h:28:20: note: in instantiation of template class 'rapidjson::GenericValue<rapidjson::UTF8<>>' requested here
C/C++:    28 |         if (rawData.HasMember(key))
C/C++:       |                    ^
C/C++: /home/user/Android/ndk/27.0.12077973/toolchains/llvm/prebuilt/linux-x86_64/sysroot/usr/include/c++/v1/__iterator/iterator.h:23:29: note: 'iterator<std::random_access_iterator_tag, const rapidjson::GenericMember<rapidjson::UTF8<>, rapidjson::MemoryPoolAllocator<>>>' has been explicitly marked deprecated here
C/C++:    23 | struct _LIBCPP_TEMPLATE_VIS _LIBCPP_DEPRECATED_IN_CXX17 iterator {
C/C++:       |                             ^
C/C++: /home/user/Android/ndk/27.0.12077973/toolchains/llvm/prebuilt/linux-x86_64/sysroot/usr/include/c++/v1/__config:942:41: note: expanded from macro '_LIBCPP_DEPRECATED_IN_CXX17'
C/C++:   942 | #    define _LIBCPP_DEPRECATED_IN_CXX17 _LIBCPP_DEPRECATED
C/C++:       |                                         ^
C/C++: /home/user/Android/ndk/27.0.12077973/toolchains/llvm/prebuilt/linux-x86_64/sysroot/usr/include/c++/v1/__config:915:49: note: expanded from macro '_LIBCPP_DEPRECATED'
C/C++:   915 | #      define _LIBCPP_DEPRECATED __attribute__((__deprecated__))
C/C++:       |                                                 ^
C/C++: In file included from /home/user/Doubao/chats/38441059405347074/Operit-1.12.1/avator/dragonbones/cpp/opengl/OpenGLSlot.cpp:4:
C/C++: In file included from /home/user/Doubao/chats/38441059405347074/Operit-1.12.1/avator/dragonbones/cpp/opengl/OpenGLFactory.h:4:
C/C++: In file included from /home/user/Doubao/chats/38441059405347074/Operit-1.12.1/avator/dragonbones/.cxx/operit_deps/dragonbones_cpp-f696143045e07b7c4c4590bdd95534e9e8074b37-src/DragonBones/src/dragonBones/factory/BaseFactory.h:26:
C/C++: In file included from /home/user/Doubao/chats/38441059405347074/Operit-1.12.1/avator/dragonbones/.cxx/operit_deps/dragonbones_cpp-f696143045e07b7c4c4590bdd95534e9e8074b37-src/DragonBones/src/dragonBones/factory/../parser/JSONDataParser.h:5:
C/C++: /home/user/Doubao/chats/38441059405347074/Operit-1.12.1/avator/dragonbones/.cxx/operit_deps/dragonbones_cpp-f696143045e07b7c4c4590bdd95534e9e8074b37-src/3rdParty/rapidjson/document.h:110:18: warning: 'iterator<std::random_access_iterator_tag, const rapidjson::GenericMember<rapidjson::UTF8<>, rapidjson::MemoryPoolAllocator<>>>' is deprecated [-Wdeprecated-declarations]
C/C++:   110 |     typedef std::iterator<std::random_access_iterator_tag,ValueType> BaseType;
C/C++:       |                  ^
C/C++: /home/user/Android/ndk/27.0.12077973/toolchains/llvm/prebuilt/linux-x86_64/sysroot/usr/include/c++/v1/__iterator/iterator.h:23:29: note: 'iterator<std::random_access_iterator_tag, const rapidjson::GenericMember<rapidjson::UTF8<>, rapidjson::MemoryPoolAllocator<>>>' has been explicitly marked deprecated here
C/C++:    23 | struct _LIBCPP_TEMPLATE_VIS _LIBCPP_DEPRECATED_IN_CXX17 iterator {
C/C++:       |                             ^
C/C++: /home/user/Android/ndk/27.0.12077973/toolchains/llvm/prebuilt/linux-x86_64/sysroot/usr/include/c++/v1/__config:942:41: note: expanded from macro '_LIBCPP_DEPRECATED_IN_CXX17'
C/C++:   942 | #    define _LIBCPP_DEPRECATED_IN_CXX17 _LIBCPP_DEPRECATED
C/C++:       |                                         ^
C/C++: /home/user/Android/ndk/27.0.12077973/toolchains/llvm/prebuilt/linux-x86_64/sysroot/usr/include/c++/v1/__config:915:49: note: expanded from macro '_LIBCPP_DEPRECATED'
C/C++:   915 | #      define _LIBCPP_DEPRECATED __attribute__((__deprecated__))
C/C++:       |                                                 ^
C/C++: 4 warnings generated.
C/C++: In file included from /home/user/Doubao/chats/38441059405347074/Operit-1.12.1/avator/dragonbones/cpp/opengl/OpenGLFactory.cpp:1:
C/C++: In file included from /home/user/Doubao/chats/38441059405347074/Operit-1.12.1/avator/dragonbones/cpp/opengl/OpenGLFactory.h:4:
C/C++: In file included from /home/user/Doubao/chats/38441059405347074/Operit-1.12.1/avator/dragonbones/.cxx/operit_deps/dragonbones_cpp-f696143045e07b7c4c4590bdd95534e9e8074b37-src/DragonBones/src/dragonBones/factory/BaseFactory.h:26:
C/C++: In file included from /home/user/Doubao/chats/38441059405347074/Operit-1.12.1/avator/dragonbones/.cxx/operit_deps/dragonbones_cpp-f696143045e07b7c4c4590bdd95534e9e8074b37-src/DragonBones/src/dragonBones/factory/../parser/JSONDataParser.h:5:
C/C++: /home/user/Doubao/chats/38441059405347074/Operit-1.12.1/avator/dragonbones/.cxx/operit_deps/dragonbones_cpp-f696143045e07b7c4c4590bdd95534e9e8074b37-src/3rdParty/rapidjson/document.h:102:19: warning: 'iterator<std::random_access_iterator_tag, rapidjson::GenericMember<rapidjson::UTF8<>, rapidjson::MemoryPoolAllocator<>>>' is deprecated [-Wdeprecated-declarations]
C/C++:   102 |     : public std::iterator<std::random_access_iterator_tag
C/C++:       |                   ^
C/C++: /home/user/Doubao/chats/38441059405347074/Operit-1.12.1/avator/dragonbones/.cxx/operit_deps/dragonbones_cpp-f696143045e07b7c4c4590bdd95534e9e8074b37-src/3rdParty/rapidjson/document.h:548:22: note: in instantiation of template class 'rapidjson::GenericMemberIterator<false, rapidjson::UTF8<>, rapidjson::MemoryPoolAllocator<>>' requested here
C/C++:   548 |     typedef typename GenericMemberIterator<false,Encoding,Allocator>::Iterator MemberIterator;  //!< Member iterator for iterating in object.
C/C++:       |                      ^
C/C++: /home/user/Doubao/chats/38441059405347074/Operit-1.12.1/avator/dragonbones/.cxx/operit_deps/dragonbones_cpp-f696143045e07b7c4c4590bdd95534e9e8074b37-src/DragonBones/src/dragonBones/factory/../parser/JSONDataParser.h:28:20: note: in instantiation of template class 'rapidjson::GenericValue<rapidjson::UTF8<>>' requested here
C/C++:    28 |         if (rawData.HasMember(key))
C/C++:       |                    ^
C/C++: /home/user/Android/ndk/27.0.12077973/toolchains/llvm/prebuilt/linux-x86_64/sysroot/usr/include/c++/v1/__iterator/iterator.h:23:29: note: 'iterator<std::random_access_iterator_tag, rapidjson::GenericMember<rapidjson::UTF8<>, rapidjson::MemoryPoolAllocator<>>>' has been explicitly marked deprecated here
C/C++:    23 | struct _LIBCPP_TEMPLATE_VIS _LIBCPP_DEPRECATED_IN_CXX17 iterator {
C/C++:       |                             ^
C/C++: /home/user/Android/ndk/27.0.12077973/toolchains/llvm/prebuilt/linux-x86_64/sysroot/usr/include/c++/v1/__config:942:41: note: expanded from macro '_LIBCPP_DEPRECATED_IN_CXX17'
C/C++:   942 | #    define _LIBCPP_DEPRECATED_IN_CXX17 _LIBCPP_DEPRECATED
C/C++:       |                                         ^
C/C++: /home/user/Android/ndk/27.0.12077973/toolchains/llvm/prebuilt/linux-x86_64/sysroot/usr/include/c++/v1/__config:915:49: note: expanded from macro '_LIBCPP_DEPRECATED'
C/C++:   915 | #      define _LIBCPP_DEPRECATED __attribute__((__deprecated__))
C/C++:       |                                                 ^
C/C++: In file included from /home/user/Doubao/chats/38441059405347074/Operit-1.12.1/avator/dragonbones/cpp/opengl/OpenGLFactory.cpp:1:
C/C++: In file included from /home/user/Doubao/chats/38441059405347074/Operit-1.12.1/avator/dragonbones/cpp/opengl/OpenGLFactory.h:4:
C/C++: In file included from /home/user/Doubao/chats/38441059405347074/Operit-1.12.1/avator/dragonbones/.cxx/operit_deps/dragonbones_cpp-f696143045e07b7c4c4590bdd95534e9e8074b37-src/DragonBones/src/dragonBones/factory/BaseFactory.h:26:
C/C++: In file included from /home/user/Doubao/chats/38441059405347074/Operit-1.12.1/avator/dragonbones/.cxx/operit_deps/dragonbones_cpp-f696143045e07b7c4c4590bdd95534e9e8074b37-src/DragonBones/src/dragonBones/factory/../parser/JSONDataParser.h:5:
C/C++: /home/user/Doubao/chats/38441059405347074/Operit-1.12.1/avator/dragonbones/.cxx/operit_deps/dragonbones_cpp-f696143045e07b7c4c4590bdd95534e9e8074b37-src/3rdParty/rapidjson/document.h:110:18: warning: 'iterator<std::random_access_iterator_tag, rapidjson::GenericMember<rapidjson::UTF8<>, rapidjson::MemoryPoolAllocator<>>>' is deprecated [-Wdeprecated-declarations]
C/C++:   110 |     typedef std::iterator<std::random_access_iterator_tag,ValueType> BaseType;
C/C++:       |                  ^
C/C++: /home/user/Android/ndk/27.0.12077973/toolchains/llvm/prebuilt/linux-x86_64/sysroot/usr/include/c++/v1/__iterator/iterator.h:23:29: note: 'iterator<std::random_access_iterator_tag, rapidjson::GenericMember<rapidjson::UTF8<>, rapidjson::MemoryPoolAllocator<>>>' has been explicitly marked deprecated here
C/C++:    23 | struct _LIBCPP_TEMPLATE_VIS _LIBCPP_DEPRECATED_IN_CXX17 iterator {
C/C++:       |                             ^
C/C++: /home/user/Android/ndk/27.0.12077973/toolchains/llvm/prebuilt/linux-x86_64/sysroot/usr/include/c++/v1/__config:942:41: note: expanded from macro '_LIBCPP_DEPRECATED_IN_CXX17'
C/C++:   942 | #    define _LIBCPP_DEPRECATED_IN_CXX17 _LIBCPP_DEPRECATED
C/C++:       |                                         ^
C/C++: /home/user/Android/ndk/27.0.12077973/toolchains/llvm/prebuilt/linux-x86_64/sysroot/usr/include/c++/v1/__config:915:49: note: expanded from macro '_LIBCPP_DEPRECATED'
C/C++:   915 | #      define _LIBCPP_DEPRECATED __attribute__((__deprecated__))
C/C++:       |                                                 ^
C/C++: In file included from /home/user/Doubao/chats/38441059405347074/Operit-1.12.1/avator/dragonbones/cpp/opengl/OpenGLFactory.cpp:1:
C/C++: In file included from /home/user/Doubao/chats/38441059405347074/Operit-1.12.1/avator/dragonbones/cpp/opengl/OpenGLFactory.h:4:
C/C++: In file included from /home/user/Doubao/chats/38441059405347074/Operit-1.12.1/avator/dragonbones/.cxx/operit_deps/dragonbones_cpp-f696143045e07b7c4c4590bdd95534e9e8074b37-src/DragonBones/src/dragonBones/factory/BaseFactory.h:26:
C/C++: In file included from /home/user/Doubao/chats/38441059405347074/Operit-1.12.1/avator/dragonbones/.cxx/operit_deps/dragonbones_cpp-f696143045e07b7c4c4590bdd95534e9e8074b37-src/DragonBones/src/dragonBones/factory/../parser/JSONDataParser.h:5:
C/C++: /home/user/Doubao/chats/38441059405347074/Operit-1.12.1/avator/dragonbones/.cxx/operit_deps/dragonbones_cpp-f696143045e07b7c4c4590bdd95534e9e8074b37-src/3rdParty/rapidjson/document.h:102:19: warning: 'iterator<std::random_access_iterator_tag, const rapidjson::GenericMember<rapidjson::UTF8<>, rapidjson::MemoryPoolAllocator<>>>' is deprecated [-Wdeprecated-declarations]
C/C++:   102 |     : public std::iterator<std::random_access_iterator_tag
C/C++:       |                   ^
C/C++: /home/user/Doubao/chats/38441059405347074/Operit-1.12.1/avator/dragonbones/.cxx/operit_deps/dragonbones_cpp-f696143045e07b7c4c4590bdd95534e9e8074b37-src/3rdParty/rapidjson/document.h:549:22: note: in instantiation of template class 'rapidjson::GenericMemberIterator<true, rapidjson::UTF8<>, rapidjson::MemoryPoolAllocator<>>' requested here
C/C++:   549 |     typedef typename GenericMemberIterator<true,Encoding,Allocator>::Iterator ConstMemberIterator;  //!< Constant member iterator for iterating in object.
C/C++:       |                      ^
C/C++: /home/user/Doubao/chats/38441059405347074/Operit-1.12.1/avator/dragonbones/.cxx/operit_deps/dragonbones_cpp-f696143045e07b7c4c4590bdd95534e9e8074b37-src/DragonBones/src/dragonBones/factory/../parser/JSONDataParser.h:28:20: note: in instantiation of template class 'rapidjson::GenericValue<rapidjson::UTF8<>>' requested here
C/C++:    28 |         if (rawData.HasMember(key))
C/C++:       |                    ^
C/C++: /home/user/Android/ndk/27.0.12077973/toolchains/llvm/prebuilt/linux-x86_64/sysroot/usr/include/c++/v1/__iterator/iterator.h:23:29: note: 'iterator<std::random_access_iterator_tag, const rapidjson::GenericMember<rapidjson::UTF8<>, rapidjson::MemoryPoolAllocator<>>>' has been explicitly marked deprecated here
C/C++:    23 | struct _LIBCPP_TEMPLATE_VIS _LIBCPP_DEPRECATED_IN_CXX17 iterator {
C/C++:       |                             ^
C/C++: /home/user/Android/ndk/27.0.12077973/toolchains/llvm/prebuilt/linux-x86_64/sysroot/usr/include/c++/v1/__config:942:41: note: expanded from macro '_LIBCPP_DEPRECATED_IN_CXX17'
C/C++:   942 | #    define _LIBCPP_DEPRECATED_IN_CXX17 _LIBCPP_DEPRECATED
C/C++:       |                                         ^
C/C++: /home/user/Android/ndk/27.0.12077973/toolchains/llvm/prebuilt/linux-x86_64/sysroot/usr/include/c++/v1/__config:915:49: note: expanded from macro '_LIBCPP_DEPRECATED'
C/C++:   915 | #      define _LIBCPP_DEPRECATED __attribute__((__deprecated__))
C/C++:       |                                                 ^
C/C++: In file included from /home/user/Doubao/chats/38441059405347074/Operit-1.12.1/avator/dragonbones/cpp/opengl/OpenGLFactory.cpp:1:
C/C++: In file included from /home/user/Doubao/chats/38441059405347074/Operit-1.12.1/avator/dragonbones/cpp/opengl/OpenGLFactory.h:4:
C/C++: In file included from /home/user/Doubao/chats/38441059405347074/Operit-1.12.1/avator/dragonbones/.cxx/operit_deps/dragonbones_cpp-f696143045e07b7c4c4590bdd95534e9e8074b37-src/DragonBones/src/dragonBones/factory/BaseFactory.h:26:
C/C++: In file included from /home/user/Doubao/chats/38441059405347074/Operit-1.12.1/avator/dragonbones/.cxx/operit_deps/dragonbones_cpp-f696143045e07b7c4c4590bdd95534e9e8074b37-src/DragonBones/src/dragonBones/factory/../parser/JSONDataParser.h:5:
C/C++: /home/user/Doubao/chats/38441059405347074/Operit-1.12.1/avator/dragonbones/.cxx/operit_deps/dragonbones_cpp-f696143045e07b7c4c4590bdd95534e9e8074b37-src/3rdParty/rapidjson/document.h:110:18: warning: 'iterator<std::random_access_iterator_tag, const rapidjson::GenericMember<rapidjson::UTF8<>, rapidjson::MemoryPoolAllocator<>>>' is deprecated [-Wdeprecated-declarations]
C/C++:   110 |     typedef std::iterator<std::random_access_iterator_tag,ValueType> BaseType;
C/C++:       |                  ^
C/C++: /home/user/Android/ndk/27.0.12077973/toolchains/llvm/prebuilt/linux-x86_64/sysroot/usr/include/c++/v1/__iterator/iterator.h:23:29: note: 'iterator<std::random_access_iterator_tag, const rapidjson::GenericMember<rapidjson::UTF8<>, rapidjson::MemoryPoolAllocator<>>>' has been explicitly marked deprecated here
C/C++:    23 | struct _LIBCPP_TEMPLATE_VIS _LIBCPP_DEPRECATED_IN_CXX17 iterator {
C/C++:       |                             ^
C/C++: /home/user/Android/ndk/27.0.12077973/toolchains/llvm/prebuilt/linux-x86_64/sysroot/usr/include/c++/v1/__config:942:41: note: expanded from macro '_LIBCPP_DEPRECATED_IN_CXX17'
C/C++:   942 | #    define _LIBCPP_DEPRECATED_IN_CXX17 _LIBCPP_DEPRECATED
C/C++:       |                                         ^
C/C++: /home/user/Android/ndk/27.0.12077973/toolchains/llvm/prebuilt/linux-x86_64/sysroot/usr/include/c++/v1/__config:915:49: note: expanded from macro '_LIBCPP_DEPRECATED'
C/C++:   915 | #      define _LIBCPP_DEPRECATED __attribute__((__deprecated__))
C/C++:       |                                                 ^
C/C++: 4 warnings generated.

> Task :app:buildCMakeRelWithDebInfo[arm64-v8a]
C/C++: /home/user/Doubao/chats/38441059405347074/Operit-1.12.1/app/src/main/cpp/.cxx/operit_deps/ncnn-c0abf4830d8f8637efa5d34fce3985ba3d8642bd-src/src/layer/convolution.cpp:113:262: warning: unused parameter 'opt' [-Wunused-parameter]
C/C++:   113 | static int convolution(const Mat& bottom_blob, Mat& top_blob, const Mat& weight_data, const Mat& bias_data, int kernel_w, int kernel_h, int stride_w, int stride_h, int dilation_w, int dilation_h, int activation_type, const Mat& activation_params, const Option& opt)
C/C++:       |                                                                                                                                                                                                                                                                      ^
C/C++: 1 warning generated.

> Task :dragonbones:configureCMakeRelWithDebInfo[x86_64]

> Task :app:buildCMakeRelWithDebInfo[arm64-v8a]
C/C++: In file included from /home/user/Doubao/chats/38441059405347074/Operit-1.12.1/app/src/main/cpp/.cxx/operit_deps/ncnn-c0abf4830d8f8637efa5d34fce3985ba3d8642bd-src/src/layer/arm/convolution_arm_asimdhp.cpp:19:
C/C++: /home/user/Doubao/chats/38441059405347074/Operit-1.12.1/app/src/main/cpp/.cxx/operit_deps/ncnn-c0abf4830d8f8637efa5d34fce3985ba3d8642bd-src/src/layer/arm/convolution_packed_fp16s.h:445:279: warning: unused parameter 'opt' [-Wunused-parameter]
C/C++:   445 | static void convolution_packed_fp16s(const Mat& bottom_blob, Mat& top_blob, const Mat& weight_data_tm, const Mat& bias_data, int kernel_w, int kernel_h, int dilation_w, int dilation_h, int stride_w, int stride_h, int activation_type, const Mat& activation_params, const Option& opt)
C/C++:       |                                                                                                                                                                                                                                                                                       ^
C/C++: /home/user/Doubao/chats/38441059405347074/Operit-1.12.1/app/src/main/cpp/.cxx/operit_deps/ncnn-c0abf4830d8f8637efa5d34fce3985ba3d8642bd-src/src/layer/arm/convolution_packed_fp16s.h:1220:280: warning: unused parameter 'opt' [-Wunused-parameter]
C/C++:  1220 | static void convolution_packed_fp16sa(const Mat& bottom_blob, Mat& top_blob, const Mat& weight_data_tm, const Mat& bias_data, int kernel_w, int kernel_h, int dilation_w, int dilation_h, int stride_w, int stride_h, int activation_type, const Mat& activation_params, const Option& opt)
C/C++:       |                                                                                                                                                                                                                                                                                        ^
C/C++: In file included from /home/user/Doubao/chats/38441059405347074/Operit-1.12.1/app/src/main/cpp/.cxx/operit_deps/ncnn-c0abf4830d8f8637efa5d34fce3985ba3d8642bd-src/src/layer/arm/convolution_arm_asimdhp.cpp:21:
C/C++: /home/user/Doubao/chats/38441059405347074/Operit-1.12.1/app/src/main/cpp/.cxx/operit_deps/ncnn-c0abf4830d8f8637efa5d34fce3985ba3d8642bd-src/src/layer/arm/convolution_3x3_winograd_fp16s.h:75:121: warning: unused parameter 'nT' [-Wunused-parameter]
C/C++:    75 | static void conv3x3s1_winograd_transpose_pack_B_tile_fp16(const Mat& B, Mat& BT, int batch, int max_jj, int max_kk, int nT)
C/C++:       |                                                                                                                         ^
C/C++: /home/user/Doubao/chats/38441059405347074/Operit-1.12.1/app/src/main/cpp/.cxx/operit_deps/ncnn-c0abf4830d8f8637efa5d34fce3985ba3d8642bd-src/src/layer/arm/convolution_3x3_winograd_fp16s.h:2136:143: warning: unused parameter 'nT' [-Wunused-parameter]
C/C++:  2136 | static inline void conv3x3s1_winograd23_transform_input_tile_fp16sa(const Mat& bottom_blob, Mat& B, int j, int max_jj, int k, int max_kk, int nT)
C/C++:       |                                                                                                                                               ^
C/C++: /home/user/Doubao/chats/38441059405347074/Operit-1.12.1/app/src/main/cpp/.cxx/operit_deps/ncnn-c0abf4830d8f8637efa5d34fce3985ba3d8642bd-src/src/layer/arm/convolution_3x3_winograd_fp16s.h:3136:143: warning: unused parameter 'nT' [-Wunused-parameter]
C/C++:  3136 | static inline void conv3x3s1_winograd43_transform_input_tile_fp16sa(const Mat& bottom_blob, Mat& B, int j, int max_jj, int k, int max_kk, int nT)
C/C++:       |                                                                                                                                               ^
C/C++: /home/user/Doubao/chats/38441059405347074/Operit-1.12.1/app/src/main/cpp/.cxx/operit_deps/ncnn-c0abf4830d8f8637efa5d34fce3985ba3d8642bd-src/src/layer/arm/convolution_3x3_winograd_fp16s.h:4499:143: warning: unused parameter 'nT' [-Wunused-parameter]
C/C++:  4499 | static inline void conv3x3s1_winograd63_transform_input_tile_fp16sa(const Mat& bottom_blob, Mat& B, int j, int max_jj, int k, int max_kk, int nT)
C/C++:       |                                                                                                                                               ^
C/C++: In file included from /home/user/Doubao/chats/38441059405347074/Operit-1.12.1/app/src/main/cpp/.cxx/operit_deps/ncnn-c0abf4830d8f8637efa5d34fce3985ba3d8642bd-src/src/layer/arm/convolution_arm_asimdhp.cpp:26:
C/C++: /home/user/Doubao/chats/38441059405347074/Operit-1.12.1/app/src/main/cpp/.cxx/operit_deps/ncnn-c0abf4830d8f8637efa5d34fce3985ba3d8642bd-src/src/layer/arm/convolution_3x3_pack4_fp16s.h:4:131: warning: unused parameter 'opt' [-Wunused-parameter]
C/C++:     4 | static void conv3x3s1_pack4_fp16sa_neon(const Mat& bottom_blob, Mat& top_blob, const Mat& kernel, const Mat& _bias, const Option& opt)
C/C++:       |                                                                                                                                   ^
C/C++: In file included from /home/user/Doubao/chats/38441059405347074/Operit-1.12.1/app/src/main/cpp/.cxx/operit_deps/ncnn-c0abf4830d8f8637efa5d34fce3985ba3d8642bd-src/src/layer/arm/convolution_arm_asimdhp.cpp:27:
C/C++: /home/user/Doubao/chats/38441059405347074/Operit-1.12.1/app/src/main/cpp/.cxx/operit_deps/ncnn-c0abf4830d8f8637efa5d34fce3985ba3d8642bd-src/src/layer/arm/convolution_3x3_pack1to8_fp16s.h:4:134: warning: unused parameter 'opt' [-Wunused-parameter]
C/C++:     4 | static void conv3x3s1_pack1to8_fp16sa_neon(const Mat& bottom_blob, Mat& top_blob, const Mat& kernel, const Mat& _bias, const Option& opt)
C/C++:       |                                                                                                                                      ^
C/C++: /home/user/Doubao/chats/38441059405347074/Operit-1.12.1/app/src/main/cpp/.cxx/operit_deps/ncnn-c0abf4830d8f8637efa5d34fce3985ba3d8642bd-src/src/layer/arm/convolution_3x3_pack1to8_fp16s.h:383:134: warning: unused parameter 'opt' [-Wunused-parameter]
C/C++:   383 | static void conv3x3s2_pack1to8_fp16sa_neon(const Mat& bottom_blob, Mat& top_blob, const Mat& kernel, const Mat& _bias, const Option& opt)
C/C++:       |                                                                                                                                      ^
C/C++: In file included from /home/user/Doubao/chats/38441059405347074/Operit-1.12.1/app/src/main/cpp/.cxx/operit_deps/ncnn-c0abf4830d8f8637efa5d34fce3985ba3d8642bd-src/src/layer/arm/convolution_arm_asimdhp.cpp:28:
C/C++: /home/user/Doubao/chats/38441059405347074/Operit-1.12.1/app/src/main/cpp/.cxx/operit_deps/ncnn-c0abf4830d8f8637efa5d34fce3985ba3d8642bd-src/src/layer/arm/convolution_3x3_pack1to4_fp16s.h:4:134: warning: unused parameter 'opt' [-Wunused-parameter]
C/C++:     4 | static void conv3x3s1_pack1to4_fp16sa_neon(const Mat& bottom_blob, Mat& top_blob, const Mat& kernel, const Mat& _bias, const Option& opt)
C/C++:       |                                                                                                                                      ^
C/C++: /home/user/Doubao/chats/38441059405347074/Operit-1.12.1/app/src/main/cpp/.cxx/operit_deps/ncnn-c0abf4830d8f8637efa5d34fce3985ba3d8642bd-src/src/layer/arm/convolution_3x3_pack1to4_fp16s.h:383:134: warning: unused parameter 'opt' [-Wunused-parameter]
C/C++:   383 | static void conv3x3s2_pack1to4_fp16sa_neon(const Mat& bottom_blob, Mat& top_blob, const Mat& kernel, const Mat& _bias, const Option& opt)
C/C++:       |                                                                                                                                      ^
C/C++: In file included from /home/user/Doubao/chats/38441059405347074/Operit-1.12.1/app/src/main/cpp/.cxx/operit_deps/ncnn-c0abf4830d8f8637efa5d34fce3985ba3d8642bd-src/src/layer/arm/convolution_arm_asimdhp.cpp:29:
C/C++: /home/user/Doubao/chats/38441059405347074/Operit-1.12.1/app/src/main/cpp/.cxx/operit_deps/ncnn-c0abf4830d8f8637efa5d34fce3985ba3d8642bd-src/src/layer/arm/convolution_3x3_pack8_fp16s.h:4:131: warning: unused parameter 'opt' [-Wunused-parameter]
C/C++:     4 | static void conv3x3s1_pack8_fp16sa_neon(const Mat& bottom_blob, Mat& top_blob, const Mat& kernel, const Mat& _bias, const Option& opt)
C/C++:       |                                                                                                                                   ^
C/C++: /home/user/Doubao/chats/38441059405347074/Operit-1.12.1/app/src/main/cpp/.cxx/operit_deps/ncnn-c0abf4830d8f8637efa5d34fce3985ba3d8642bd-src/src/layer/arm/convolution_3x3_pack8_fp16s.h:966:131: warning: unused parameter 'opt' [-Wunused-parameter]
C/C++:   966 | static void conv3x3s2_pack8_fp16sa_neon(const Mat& bottom_blob, Mat& top_blob, const Mat& kernel, const Mat& _bias, const Option& opt)
C/C++:       |                                                                                                                                   ^
C/C++: In file included from /home/user/Doubao/chats/38441059405347074/Operit-1.12.1/app/src/main/cpp/.cxx/operit_deps/ncnn-c0abf4830d8f8637efa5d34fce3985ba3d8642bd-src/src/layer/arm/convolution_arm_asimdhp.cpp:30:
C/C++: /home/user/Doubao/chats/38441059405347074/Operit-1.12.1/app/src/main/cpp/.cxx/operit_deps/ncnn-c0abf4830d8f8637efa5d34fce3985ba3d8642bd-src/src/layer/arm/convolution_5x5_pack8_fp16s.h:4:131: warning: unused parameter 'opt' [-Wunused-parameter]
C/C++:     4 | static void conv5x5s1_pack8_fp16sa_neon(const Mat& bottom_blob, Mat& top_blob, const Mat& kernel, const Mat& _bias, const Option& opt)
C/C++:       |                                                                                                                                   ^
C/C++: /home/user/Doubao/chats/38441059405347074/Operit-1.12.1/app/src/main/cpp/.cxx/operit_deps/ncnn-c0abf4830d8f8637efa5d34fce3985ba3d8642bd-src/src/layer/arm/convolution_5x5_pack8_fp16s.h:2253:131: warning: unused parameter 'opt' [-Wunused-parameter]
C/C++:  2253 | static void conv5x5s2_pack8_fp16sa_neon(const Mat& bottom_blob, Mat& top_blob, const Mat& kernel, const Mat& _bias, const Option& opt)
C/C++:       |                                                                                                                                   ^
C/C++: In file included from /home/user/Doubao/chats/38441059405347074/Operit-1.12.1/app/src/main/cpp/.cxx/operit_deps/ncnn-c0abf4830d8f8637efa5d34fce3985ba3d8642bd-src/src/layer/arm/convolution_arm_asimdhp.cpp:31:
C/C++: /home/user/Doubao/chats/38441059405347074/Operit-1.12.1/app/src/main/cpp/.cxx/operit_deps/ncnn-c0abf4830d8f8637efa5d34fce3985ba3d8642bd-src/src/layer/arm/convolution_7x7_pack1to8_fp16s.h:4:134: warning: unused parameter 'opt' [-Wunused-parameter]
C/C++:     4 | static void conv7x7s2_pack1to8_fp16sa_neon(const Mat& bottom_blob, Mat& top_blob, const Mat& kernel, const Mat& _bias, const Option& opt)
C/C++:       |                                                                                                                                      ^
C/C++: 16 warnings generated.
C/C++: In file included from /home/user/Doubao/chats/38441059405347074/Operit-1.12.1/app/src/main/cpp/.cxx/operit_deps/ncnn-c0abf4830d8f8637efa5d34fce3985ba3d8642bd-src/src/layer/arm/convolution_arm_bf16.cpp:12:
C/C++: /home/user/Doubao/chats/38441059405347074/Operit-1.12.1/app/src/main/cpp/.cxx/operit_deps/ncnn-c0abf4830d8f8637efa5d34fce3985ba3d8642bd-src/src/layer/arm/convolution_im2col_gemm_bf16s.h:1809:219: warning: unused parameter 'use_a53_a55_optimized_kernel' [-Wunused-parameter]
C/C++:  1809 | static void convolution_gemm_transB_packed_tile_bf16s(const Mat& AT_tile, const Mat& BT_tile, const Mat& CT_tile, Mat& topT_tile, Mat& top_blob, int i, int max_ii, int j, int max_jj, int k, int max_kk, bool k_end, int use_a53_a55_optimized_kernel)
C/C++:       |                                                                                                                                                                                                                           ^
C/C++: 1 warning generated.
C/C++: In file included from /home/user/Doubao/chats/38441059405347074/Operit-1.12.1/app/src/main/cpp/.cxx/operit_deps/ncnn-c0abf4830d8f8637efa5d34fce3985ba3d8642bd-src/src/layer/arm/convolution_arm_i8mm.cpp:9:
C/C++: /home/user/Doubao/chats/38441059405347074/Operit-1.12.1/app/src/main/cpp/.cxx/operit_deps/ncnn-c0abf4830d8f8637efa5d34fce3985ba3d8642bd-src/src/layer/arm/convolution_packed_int8.h:517:205: warning: unused parameter 'opt' [-Wunused-parameter]
C/C++:   517 | static void convolution_packed_int8(const Mat& bottom_blob, Mat& top_blob, const Mat& weight_data_tm, int kernel_w, int kernel_h, int dilation_w, int dilation_h, int stride_w, int stride_h, const Option& opt)
C/C++:       |                                                                                                                                                                                                             ^
C/C++: 1 warning generated.
C/C++: In file included from /home/user/Doubao/chats/38441059405347074/Operit-1.12.1/app/src/main/cpp/.cxx/operit_deps/ncnn-c0abf4830d8f8637efa5d34fce3985ba3d8642bd-src/src/layer/arm/convolution_arm.cpp:20:
C/C++: /home/user/Doubao/chats/38441059405347074/Operit-1.12.1/app/src/main/cpp/.cxx/operit_deps/ncnn-c0abf4830d8f8637efa5d34fce3985ba3d8642bd-src/src/layer/arm/convolution_1x1.h:4:119: warning: unused parameter 'opt' [-Wunused-parameter]
C/C++:     4 | static void conv1x1s1_neon(const Mat& bottom_blob, Mat& top_blob, const Mat& _kernel, const Mat& _bias, const Option& opt)
C/C++:       |                                                                                                                       ^
C/C++: /home/user/Doubao/chats/38441059405347074/Operit-1.12.1/app/src/main/cpp/.cxx/operit_deps/ncnn-c0abf4830d8f8637efa5d34fce3985ba3d8642bd-src/src/layer/arm/convolution_1x1.h:1767:119: warning: unused parameter 'opt' [-Wunused-parameter]
C/C++:  1767 | static void conv1x1s2_neon(const Mat& bottom_blob, Mat& top_blob, const Mat& _kernel, const Mat& _bias, const Option& opt)
C/C++:       |                                                                                                                       ^
C/C++: In file included from /home/user/Doubao/chats/38441059405347074/Operit-1.12.1/app/src/main/cpp/.cxx/operit_deps/ncnn-c0abf4830d8f8637efa5d34fce3985ba3d8642bd-src/src/layer/arm/convolution_arm.cpp:21:
C/C++: /home/user/Doubao/chats/38441059405347074/Operit-1.12.1/app/src/main/cpp/.cxx/operit_deps/ncnn-c0abf4830d8f8637efa5d34fce3985ba3d8642bd-src/src/layer/arm/convolution_2x2.h:4:119: warning: unused parameter 'opt' [-Wunused-parameter]
C/C++:     4 | static void conv2x2s1_neon(const Mat& bottom_blob, Mat& top_blob, const Mat& _kernel, const Mat& _bias, const Option& opt)
C/C++:       |                                                                                                                       ^
C/C++: In file included from /home/user/Doubao/chats/38441059405347074/Operit-1.12.1/app/src/main/cpp/.cxx/operit_deps/ncnn-c0abf4830d8f8637efa5d34fce3985ba3d8642bd-src/src/layer/arm/convolution_arm.cpp:22:
C/C++: /home/user/Doubao/chats/38441059405347074/Operit-1.12.1/app/src/main/cpp/.cxx/operit_deps/ncnn-c0abf4830d8f8637efa5d34fce3985ba3d8642bd-src/src/layer/arm/convolution_3x3.h:4:119: warning: unused parameter 'opt' [-Wunused-parameter]
C/C++:     4 | static void conv3x3s1_neon(const Mat& bottom_blob, Mat& top_blob, const Mat& _kernel, const Mat& _bias, const Option& opt)
C/C++:       |                                                                                                                       ^
C/C++: /home/user/Doubao/chats/38441059405347074/Operit-1.12.1/app/src/main/cpp/.cxx/operit_deps/ncnn-c0abf4830d8f8637efa5d34fce3985ba3d8642bd-src/src/layer/arm/convolution_3x3.h:1290:119: warning: unused parameter 'opt' [-Wunused-parameter]
C/C++:  1290 | static void conv3x3s2_neon(const Mat& bottom_blob, Mat& top_blob, const Mat& _kernel, const Mat& _bias, const Option& opt)
C/C++:       |                                                                                                                       ^
C/C++: /home/user/Doubao/chats/38441059405347074/Operit-1.12.1/app/src/main/cpp/.cxx/operit_deps/ncnn-c0abf4830d8f8637efa5d34fce3985ba3d8642bd-src/src/layer/arm/convolution_3x3.h:1929:126: warning: unused parameter 'opt' [-Wunused-parameter]
C/C++:  1929 | static void conv3x3s2_packed_neon(const Mat& bottom_blob, Mat& top_blob, const Mat& _kernel, const Mat& _bias, const Option& opt)
C/C++:       |                                                                                                                              ^
C/C++: In file included from /home/user/Doubao/chats/38441059405347074/Operit-1.12.1/app/src/main/cpp/.cxx/operit_deps/ncnn-c0abf4830d8f8637efa5d34fce3985ba3d8642bd-src/src/layer/arm/convolution_arm.cpp:23:
C/C++: /home/user/Doubao/chats/38441059405347074/Operit-1.12.1/app/src/main/cpp/.cxx/operit_deps/ncnn-c0abf4830d8f8637efa5d34fce3985ba3d8642bd-src/src/layer/arm/convolution_4x4.h:4:119: warning: unused parameter 'opt' [-Wunused-parameter]
C/C++:     4 | static void conv4x4s4_neon(const Mat& bottom_blob, Mat& top_blob, const Mat& _kernel, const Mat& _bias, const Option& opt)
C/C++:       |                                                                                                                       ^
C/C++: In file included from /home/user/Doubao/chats/38441059405347074/Operit-1.12.1/app/src/main/cpp/.cxx/operit_deps/ncnn-c0abf4830d8f8637efa5d34fce3985ba3d8642bd-src/src/layer/arm/convolution_arm.cpp:24:
C/C++: /home/user/Doubao/chats/38441059405347074/Operit-1.12.1/app/src/main/cpp/.cxx/operit_deps/ncnn-c0abf4830d8f8637efa5d34fce3985ba3d8642bd-src/src/layer/arm/convolution_5x5.h:4:119: warning: unused parameter 'opt' [-Wunused-parameter]
C/C++:     4 | static void conv5x5s1_neon(const Mat& bottom_blob, Mat& top_blob, const Mat& _kernel, const Mat& _bias, const Option& opt)
C/C++:       |                                                                                                                       ^
C/C++: /home/user/Doubao/chats/38441059405347074/Operit-1.12.1/app/src/main/cpp/.cxx/operit_deps/ncnn-c0abf4830d8f8637efa5d34fce3985ba3d8642bd-src/src/layer/arm/convolution_5x5.h:962:119: warning: unused parameter 'opt' [-Wunused-parameter]
C/C++:   962 | static void conv5x5s2_neon(const Mat& bottom_blob, Mat& top_blob, const Mat& _kernel, const Mat& _bias, const Option& opt)
C/C++:       |                                                                                                                       ^
C/C++: In file included from /home/user/Doubao/chats/38441059405347074/Operit-1.12.1/app/src/main/cpp/.cxx/operit_deps/ncnn-c0abf4830d8f8637efa5d34fce3985ba3d8642bd-src/src/layer/arm/convolution_arm.cpp:25:
C/C++: /home/user/Doubao/chats/38441059405347074/Operit-1.12.1/app/src/main/cpp/.cxx/operit_deps/ncnn-c0abf4830d8f8637efa5d34fce3985ba3d8642bd-src/src/layer/arm/convolution_7x7.h:4:119: warning: unused parameter 'opt' [-Wunused-parameter]
C/C++:     4 | static void conv7x7s1_neon(const Mat& bottom_blob, Mat& top_blob, const Mat& _kernel, const Mat& _bias, const Option& opt)
C/C++:       |                                                                                                                       ^
C/C++: /home/user/Doubao/chats/38441059405347074/Operit-1.12.1/app/src/main/cpp/.cxx/operit_deps/ncnn-c0abf4830d8f8637efa5d34fce3985ba3d8642bd-src/src/layer/arm/convolution_7x7.h:691:119: warning: unused parameter 'opt' [-Wunused-parameter]
C/C++:   691 | static void conv7x7s2_neon(const Mat& bottom_blob, Mat& top_blob, const Mat& _kernel, const Mat& _bias, const Option& opt)
C/C++:       |                                                                                                                       ^
C/C++: In file included from /home/user/Doubao/chats/38441059405347074/Operit-1.12.1/app/src/main/cpp/.cxx/operit_deps/ncnn-c0abf4830d8f8637efa5d34fce3985ba3d8642bd-src/src/layer/arm/convolution_arm.cpp:28:
C/C++: /home/user/Doubao/chats/38441059405347074/Operit-1.12.1/app/src/main/cpp/.cxx/operit_deps/ncnn-c0abf4830d8f8637efa5d34fce3985ba3d8642bd-src/src/layer/arm/convolution_packed.h:496:273: warning: unused parameter 'opt' [-Wunused-parameter]
C/C++:   496 | static void convolution_packed(const Mat& bottom_blob, Mat& top_blob, const Mat& weight_data_tm, const Mat& bias_data, int kernel_w, int kernel_h, int dilation_w, int dilation_h, int stride_w, int stride_h, int activation_type, const Mat& activation_params, const Option& opt)
C/C++:       |                                                                                                                                                                                                                                                                                 ^
C/C++: In file included from /home/user/Doubao/chats/38441059405347074/Operit-1.12.1/app/src/main/cpp/.cxx/operit_deps/ncnn-c0abf4830d8f8637efa5d34fce3985ba3d8642bd-src/src/layer/arm/convolution_arm.cpp:29:
C/C++: /home/user/Doubao/chats/38441059405347074/Operit-1.12.1/app/src/main/cpp/.cxx/operit_deps/ncnn-c0abf4830d8f8637efa5d34fce3985ba3d8642bd-src/src/layer/arm/convolution_3x3_winograd.h:79:116: warning: unused parameter 'nT' [-Wunused-parameter]
C/C++:    79 | static void conv3x3s1_winograd_transpose_pack_B_tile(const Mat& B, Mat& BT, int batch, int max_jj, int max_kk, int nT)
C/C++:       |                                                                                                                    ^
C/C++: /home/user/Doubao/chats/38441059405347074/Operit-1.12.1/app/src/main/cpp/.cxx/operit_deps/ncnn-c0abf4830d8f8637efa5d34fce3985ba3d8642bd-src/src/layer/arm/convolution_3x3_winograd.h:4666:136: warning: unused parameter 'nT' [-Wunused-parameter]
C/C++:  4666 | static inline void conv3x3s1_winograd23_transform_input_tile(const Mat& bottom_blob, Mat& B, int j, int max_jj, int k, int max_kk, int nT)
C/C++:       |                                                                                                                                        ^
C/C++: /home/user/Doubao/chats/38441059405347074/Operit-1.12.1/app/src/main/cpp/.cxx/operit_deps/ncnn-c0abf4830d8f8637efa5d34fce3985ba3d8642bd-src/src/layer/arm/convolution_3x3_winograd.h:5798:136: warning: unused parameter 'nT' [-Wunused-parameter]
C/C++:  5798 | static inline void conv3x3s1_winograd43_transform_input_tile(const Mat& bottom_blob, Mat& B, int j, int max_jj, int k, int max_kk, int nT)
C/C++:       |                                                                                                                                        ^
C/C++: /home/user/Doubao/chats/38441059405347074/Operit-1.12.1/app/src/main/cpp/.cxx/operit_deps/ncnn-c0abf4830d8f8637efa5d34fce3985ba3d8642bd-src/src/layer/arm/convolution_3x3_winograd.h:7493:136: warning: unused parameter 'nT' [-Wunused-parameter]
C/C++:  7493 | static inline void conv3x3s1_winograd63_transform_input_tile(const Mat& bottom_blob, Mat& B, int j, int max_jj, int k, int max_kk, int nT)
C/C++:       |                                                                                                                                        ^
C/C++: In file included from /home/user/Doubao/chats/38441059405347074/Operit-1.12.1/app/src/main/cpp/.cxx/operit_deps/ncnn-c0abf4830d8f8637efa5d34fce3985ba3d8642bd-src/src/layer/arm/convolution_arm.cpp:33:
C/C++: /home/user/Doubao/chats/38441059405347074/Operit-1.12.1/app/src/main/cpp/.cxx/operit_deps/ncnn-c0abf4830d8f8637efa5d34fce3985ba3d8642bd-src/src/layer/arm/convolution_packed_bf16s.h:496:279: warning: unused parameter 'opt' [-Wunused-parameter]
C/C++:   496 | static void convolution_packed_bf16s(const Mat& bottom_blob, Mat& top_blob, const Mat& weight_data_tm, const Mat& bias_data, int kernel_w, int kernel_h, int dilation_w, int dilation_h, int stride_w, int stride_h, int activation_type, const Mat& activation_params, const Option& opt)
C/C++:       |                                                                                                                                                                                                                                                                                       ^
C/C++: In file included from /home/user/Doubao/chats/38441059405347074/Operit-1.12.1/app/src/main/cpp/.cxx/operit_deps/ncnn-c0abf4830d8f8637efa5d34fce3985ba3d8642bd-src/src/layer/arm/convolution_arm.cpp:34:
C/C++: /home/user/Doubao/chats/38441059405347074/Operit-1.12.1/app/src/main/cpp/.cxx/operit_deps/ncnn-c0abf4830d8f8637efa5d34fce3985ba3d8642bd-src/src/layer/arm/convolution_3x3_winograd_bf16s.h:4:142: warning: unused parameter 'nT' [-Wunused-parameter]
C/C++:     4 | static inline void conv3x3s1_winograd23_transform_input_tile_bf16s(const Mat& bottom_blob, Mat& B, int j, int max_jj, int k, int max_kk, int nT)
C/C++:       |                                                                                                                                              ^
C/C++: /home/user/Doubao/chats/38441059405347074/Operit-1.12.1/app/src/main/cpp/.cxx/operit_deps/ncnn-c0abf4830d8f8637efa5d34fce3985ba3d8642bd-src/src/layer/arm/convolution_3x3_winograd_bf16s.h:1034:142: warning: unused parameter 'nT' [-Wunused-parameter]
C/C++:  1034 | static inline void conv3x3s1_winograd43_transform_input_tile_bf16s(const Mat& bottom_blob, Mat& B, int j, int max_jj, int k, int max_kk, int nT)
C/C++:       |                                                                                                                                              ^
C/C++: /home/user/Doubao/chats/38441059405347074/Operit-1.12.1/app/src/main/cpp/.cxx/operit_deps/ncnn-c0abf4830d8f8637efa5d34fce3985ba3d8642bd-src/src/layer/arm/convolution_3x3_winograd_bf16s.h:2621:142: warning: unused parameter 'nT' [-Wunused-parameter]
C/C++:  2621 | static inline void conv3x3s1_winograd63_transform_input_tile_bf16s(const Mat& bottom_blob, Mat& B, int j, int max_jj, int k, int max_kk, int nT)
C/C++:       |                                                                                                                                              ^
C/C++: In file included from /home/user/Doubao/chats/38441059405347074/Operit-1.12.1/app/src/main/cpp/.cxx/operit_deps/ncnn-c0abf4830d8f8637efa5d34fce3985ba3d8642bd-src/src/layer/arm/convolution_arm.cpp:41:
C/C++: /home/user/Doubao/chats/38441059405347074/Operit-1.12.1/app/src/main/cpp/.cxx/operit_deps/ncnn-c0abf4830d8f8637efa5d34fce3985ba3d8642bd-src/src/layer/arm/convolution_3x3_winograd_int8.h:88:102: warning: unused parameter 'nT' [-Wunused-parameter]
C/C++:    88 | static void transpose_pack_B_tile_int8(const Mat& B, Mat& BT, int batch, int max_jj, int max_kk, int nT)
C/C++:       |                                                                                                      ^
C/C++: /home/user/Doubao/chats/38441059405347074/Operit-1.12.1/app/src/main/cpp/.cxx/operit_deps/ncnn-c0abf4830d8f8637efa5d34fce3985ba3d8642bd-src/src/layer/arm/convolution_3x3_winograd_int8.h:3617:141: warning: unused parameter 'nT' [-Wunused-parameter]
C/C++:  3617 | static inline void conv3x3s1_winograd23_transform_input_tile_int8(const Mat& bottom_blob, Mat& B, int j, int max_jj, int k, int max_kk, int nT)
C/C++:       |                                                                                                                                             ^
C/C++: /home/user/Doubao/chats/38441059405347074/Operit-1.12.1/app/src/main/cpp/.cxx/operit_deps/ncnn-c0abf4830d8f8637efa5d34fce3985ba3d8642bd-src/src/layer/arm/convolution_3x3_winograd_int8.h:4473:141: warning: unused parameter 'nT' [-Wunused-parameter]
C/C++:  4473 | static inline void conv3x3s1_winograd43_transform_input_tile_int8(const Mat& bottom_blob, Mat& B, int j, int max_jj, int k, int max_kk, int nT)
C/C++:       |                                                                                                                                             ^
C/C++: In file included from /home/user/Doubao/chats/38441059405347074/Operit-1.12.1/app/src/main/cpp/.cxx/operit_deps/ncnn-c0abf4830d8f8637efa5d34fce3985ba3d8642bd-src/src/layer/arm/convolution_arm.cpp:48:
C/C++: /home/user/Doubao/chats/38441059405347074/Operit-1.12.1/app/src/main/cpp/.cxx/operit_deps/ncnn-c0abf4830d8f8637efa5d34fce3985ba3d8642bd-src/src/layer/arm/convolution_3x3_pack1to4.h:4:127: warning: unused parameter 'opt' [-Wunused-parameter]
C/C++:     4 | static void conv3x3s1_pack1to4_neon(const Mat& bottom_blob, Mat& top_blob, const Mat& kernel, const Mat& _bias, const Option& opt)
C/C++:       |                                                                                                                               ^
C/C++: /home/user/Doubao/chats/38441059405347074/Operit-1.12.1/app/src/main/cpp/.cxx/operit_deps/ncnn-c0abf4830d8f8637efa5d34fce3985ba3d8642bd-src/src/layer/arm/convolution_3x3_pack1to4.h:887:127: warning: unused parameter 'opt' [-Wunused-parameter]
C/C++:   887 | static void conv3x3s2_pack1to4_neon(const Mat& bottom_blob, Mat& top_blob, const Mat& kernel, const Mat& _bias, const Option& opt)
C/C++:       |                                                                                                                               ^
C/C++: In file included from /home/user/Doubao/chats/38441059405347074/Operit-1.12.1/app/src/main/cpp/.cxx/operit_deps/ncnn-c0abf4830d8f8637efa5d34fce3985ba3d8642bd-src/src/layer/arm/convolution_arm.cpp:49:
C/C++: /home/user/Doubao/chats/38441059405347074/Operit-1.12.1/app/src/main/cpp/.cxx/operit_deps/ncnn-c0abf4830d8f8637efa5d34fce3985ba3d8642bd-src/src/layer/arm/convolution_3x3_pack4.h:4:124: warning: unused parameter 'opt' [-Wunused-parameter]
C/C++:     4 | static void conv3x3s2_pack4_neon(const Mat& bottom_blob, Mat& top_blob, const Mat& kernel, const Mat& _bias, const Option& opt)
C/C++:       |                                                                                                                            ^
C/C++: In file included from /home/user/Doubao/chats/38441059405347074/Operit-1.12.1/app/src/main/cpp/.cxx/operit_deps/ncnn-c0abf4830d8f8637efa5d34fce3985ba3d8642bd-src/src/layer/arm/convolution_arm.cpp:50:
C/C++: /home/user/Doubao/chats/38441059405347074/Operit-1.12.1/app/src/main/cpp/.cxx/operit_deps/ncnn-c0abf4830d8f8637efa5d34fce3985ba3d8642bd-src/src/layer/arm/convolution_3x3_pack4to1.h:4:127: warning: unused parameter 'opt' [-Wunused-parameter]
C/C++:     4 | static void conv3x3s1_pack4to1_neon(const Mat& bottom_blob, Mat& top_blob, const Mat& kernel, const Mat& _bias, const Option& opt)
C/C++:       |                                                                                                                               ^
C/C++: In file included from /home/user/Doubao/chats/38441059405347074/Operit-1.12.1/app/src/main/cpp/.cxx/operit_deps/ncnn-c0abf4830d8f8637efa5d34fce3985ba3d8642bd-src/src/layer/arm/convolution_arm.cpp:51:
C/C++: /home/user/Doubao/chats/38441059405347074/Operit-1.12.1/app/src/main/cpp/.cxx/operit_deps/ncnn-c0abf4830d8f8637efa5d34fce3985ba3d8642bd-src/src/layer/arm/convolution_5x5_pack4.h:4:124: warning: unused parameter 'opt' [-Wunused-parameter]
C/C++:     4 | static void conv5x5s1_pack4_neon(const Mat& bottom_blob, Mat& top_blob, const Mat& kernel, const Mat& _bias, const Option& opt)
C/C++:       |                                                                                                                            ^
C/C++: /home/user/Doubao/chats/38441059405347074/Operit-1.12.1/app/src/main/cpp/.cxx/operit_deps/ncnn-c0abf4830d8f8637efa5d34fce3985ba3d8642bd-src/src/layer/arm/convolution_5x5_pack4.h:2472:124: warning: unused parameter 'opt' [-Wunused-parameter]
C/C++:  2472 | static void conv5x5s2_pack4_neon(const Mat& bottom_blob, Mat& top_blob, const Mat& kernel, const Mat& _bias, const Option& opt)
C/C++:       |                                                                                                                            ^
C/C++: In file included from /home/user/Doubao/chats/38441059405347074/Operit-1.12.1/app/src/main/cpp/.cxx/operit_deps/ncnn-c0abf4830d8f8637efa5d34fce3985ba3d8642bd-src/src/layer/arm/convolution_arm.cpp:52:
C/C++: /home/user/Doubao/chats/38441059405347074/Operit-1.12.1/app/src/main/cpp/.cxx/operit_deps/ncnn-c0abf4830d8f8637efa5d34fce3985ba3d8642bd-src/src/layer/arm/convolution_7x7_pack1to4.h:4:127: warning: unused parameter 'opt' [-Wunused-parameter]
C/C++:     4 | static void conv7x7s2_pack1to4_neon(const Mat& bottom_blob, Mat& top_blob, const Mat& kernel, const Mat& _bias, const Option& opt)
C/C++:       |                                                                                                                               ^
C/C++: 30 warnings generated.
C/C++: /home/user/Doubao/chats/38441059405347074/Operit-1.12.1/app/src/main/cpp/.cxx/operit_deps/ncnn-c0abf4830d8f8637efa5d34fce3985ba3d8642bd-src/src/layer/arm/crop_arm.cpp:460:9: warning: unused variable 'ref_elempack' [-Wunused-variable]
C/C++:   460 |     int ref_elempack = reference_blob.elempack;
C/C++:       |         ^~~~~~~~~~~~
C/C++: 1 warning generated.
C/C++: /home/user/Doubao/chats/38441059405347074/Operit-1.12.1/app/src/main/cpp/.cxx/operit_deps/ncnn-c0abf4830d8f8637efa5d34fce3985ba3d8642bd-src/src/layer/dropout.cpp:21:66: warning: unused parameter 'opt' [-Wunused-parameter]
C/C++:    21 | int Dropout::forward_inplace(Mat& bottom_top_blob, const Option& opt) const
C/C++:       |                                                                  ^
C/C++: 1 warning generated.
C/C++: /home/user/Doubao/chats/38441059405347074/Operit-1.12.1/app/src/main/cpp/.cxx/operit_deps/ncnn-c0abf4830d8f8637efa5d34fce3985ba3d8642bd-src/src/layer/arm/dropout_arm.cpp:19:70: warning: unused parameter 'opt' [-Wunused-parameter]
C/C++:    19 | int Dropout_arm::forward_inplace(Mat& bottom_top_blob, const Option& opt) const
C/C++:       |                                                                      ^
C/C++: 1 warning generated.
C/C++: /home/user/Doubao/chats/38441059405347074/Operit-1.12.1/app/src/main/cpp/.cxx/operit_deps/ncnn-c0abf4830d8f8637efa5d34fce3985ba3d8642bd-src/src/layer/embed.cpp:50:133: warning: unused parameter 'opt' [-Wunused-parameter]
C/C++:    50 | static void embed(const Mat& bottom_blob, const Mat& weight_data, const Mat& bias_data, Mat& top_blob, int input_dim, const Option& opt)
C/C++:       |                                                                                                                                     ^
C/C++: /home/user/Doubao/chats/38441059405347074/Operit-1.12.1/app/src/main/cpp/.cxx/operit_deps/ncnn-c0abf4830d8f8637efa5d34fce3985ba3d8642bd-src/src/layer/embed.cpp:86:168: warning: unused parameter 'opt' [-Wunused-parameter]
C/C++:    86 | static void embed_int8(const Mat& bottom_blob, const Mat& weight_data, float weight_data_int8_scale, const Mat& bias_data, Mat& top_blob, int input_dim, const Option& opt)
C/C++:       |                                                                                                                                                                        ^
C/C++: 2 warnings generated.
C/C++: In file included from /home/user/Doubao/chats/38441059405347074/Operit-1.12.1/app/src/main/cpp/.cxx/operit_deps/ncnn-c0abf4830d8f8637efa5d34fce3985ba3d8642bd-src/src/layer/arm/innerproduct_arm_asimdfhm.cpp:17:
C/C++: /home/user/Doubao/chats/38441059405347074/Operit-1.12.1/app/src/main/cpp/.cxx/operit_deps/ncnn-c0abf4830d8f8637efa5d34fce3985ba3d8642bd-src/src/layer/arm/innerproduct_fp16s.h:16:198: warning: unused parameter 'opt' [-Wunused-parameter]
C/C++:    16 | static void innerproduct_pack4_fp16s_neon(const Mat& bottom_blob, Mat& top_blob, const Mat& weight_data_fp16, const Mat& bias_data, int activation_type, const Mat& activation_params, const Option& opt)
C/C++:       |                                                                                                                                                                                                      ^
C/C++: /home/user/Doubao/chats/38441059405347074/Operit-1.12.1/app/src/main/cpp/.cxx/operit_deps/ncnn-c0abf4830d8f8637efa5d34fce3985ba3d8642bd-src/src/layer/arm/innerproduct_fp16s.h:280:192: warning: unused parameter 'opt' [-Wunused-parameter]
C/C++:   280 | static void innerproduct_fp16s_neon(const Mat& bottom_blob, Mat& top_blob, const Mat& weight_data_fp16, const Mat& bias_data, int activation_type, const Mat& activation_params, const Option& opt)
C/C++:       |                                                                                                                                                                                                ^
C/C++: 2 warnings generated.
C/C++: In file included from /home/user/Doubao/chats/38441059405347074/Operit-1.12.1/app/src/main/cpp/.cxx/operit_deps/ncnn-c0abf4830d8f8637efa5d34fce3985ba3d8642bd-src/src/layer/arm/innerproduct_arm_bf16.cpp:18:
C/C++: /home/user/Doubao/chats/38441059405347074/Operit-1.12.1/app/src/main/cpp/.cxx/operit_deps/ncnn-c0abf4830d8f8637efa5d34fce3985ba3d8642bd-src/src/layer/arm/innerproduct_bf16s.h:11:198: warning: unused parameter 'opt' [-Wunused-parameter]
C/C++:    11 | static void innerproduct_pack4_bf16s_neon(const Mat& bottom_blob, Mat& top_blob, const Mat& weight_data_bf16, const Mat& bias_data, int activation_type, const Mat& activation_params, const Option& opt)
C/C++:       |                                                                                                                                                                                                      ^
C/C++: /home/user/Doubao/chats/38441059405347074/Operit-1.12.1/app/src/main/cpp/.cxx/operit_deps/ncnn-c0abf4830d8f8637efa5d34fce3985ba3d8642bd-src/src/layer/arm/innerproduct_bf16s.h:125:192: warning: unused parameter 'opt' [-Wunused-parameter]
C/C++:   125 | static void innerproduct_bf16s_neon(const Mat& bottom_blob, Mat& top_blob, const Mat& weight_data_bf16, const Mat& bias_data, int activation_type, const Mat& activation_params, const Option& opt)
C/C++:       |                                                                                                                                                                                                ^
C/C++: 2 warnings generated.

> Task :dragonbones:buildCMakeRelWithDebInfo[x86_64]
C/C++: ninja: Entering directory `/home/user/Doubao/chats/38441059405347074/Operit-1.12.1/avator/dragonbones/.cxx/RelWithDebInfo/4c126p6p/x86_64'
C/C++: In file included from /home/user/Doubao/chats/38441059405347074/Operit-1.12.1/avator/dragonbones/cpp/JniBridge.cpp:3:
C/C++: In file included from /home/user/Doubao/chats/38441059405347074/Operit-1.12.1/avator/dragonbones/.cxx/operit_deps/dragonbones_cpp-f696143045e07b7c4c4590bdd95534e9e8074b37-src/DragonBones/src/dragonBones/DragonBonesHeaders.h:75:
C/C++: In file included from /home/user/Doubao/chats/38441059405347074/Operit-1.12.1/avator/dragonbones/.cxx/operit_deps/dragonbones_cpp-f696143045e07b7c4c4590bdd95534e9e8074b37-src/DragonBones/src/dragonBones/parser/JSONDataParser.h:5:
C/C++: /home/user/Doubao/chats/38441059405347074/Operit-1.12.1/avator/dragonbones/.cxx/operit_deps/dragonbones_cpp-f696143045e07b7c4c4590bdd95534e9e8074b37-src/3rdParty/rapidjson/document.h:102:19: warning: 'iterator<std::random_access_iterator_tag, rapidjson::GenericMember<rapidjson::UTF8<>, rapidjson::MemoryPoolAllocator<>>>' is deprecated [-Wdeprecated-declarations]
C/C++:   102 |     : public std::iterator<std::random_access_iterator_tag
C/C++:       |                   ^
C/C++: /home/user/Doubao/chats/38441059405347074/Operit-1.12.1/avator/dragonbones/.cxx/operit_deps/dragonbones_cpp-f696143045e07b7c4c4590bdd95534e9e8074b37-src/3rdParty/rapidjson/document.h:548:22: note: in instantiation of template class 'rapidjson::GenericMemberIterator<false, rapidjson::UTF8<>, rapidjson::MemoryPoolAllocator<>>' requested here
C/C++:   548 |     typedef typename GenericMemberIterator<false,Encoding,Allocator>::Iterator MemberIterator;  //!< Member iterator for iterating in object.
C/C++:       |                      ^
C/C++: /home/user/Doubao/chats/38441059405347074/Operit-1.12.1/avator/dragonbones/.cxx/operit_deps/dragonbones_cpp-f696143045e07b7c4c4590bdd95534e9e8074b37-src/DragonBones/src/dragonBones/parser/JSONDataParser.h:28:20: note: in instantiation of template class 'rapidjson::GenericValue<rapidjson::UTF8<>>' requested here
C/C++:    28 |         if (rawData.HasMember(key))
C/C++:       |                    ^
C/C++: /home/user/Android/ndk/27.0.12077973/toolchains/llvm/prebuilt/linux-x86_64/sysroot/usr/include/c++/v1/__iterator/iterator.h:23:29: note: 'iterator<std::random_access_iterator_tag, rapidjson::GenericMember<rapidjson::UTF8<>, rapidjson::MemoryPoolAllocator<>>>' has been explicitly marked deprecated here
C/C++:    23 | struct _LIBCPP_TEMPLATE_VIS _LIBCPP_DEPRECATED_IN_CXX17 iterator {
C/C++:       |                             ^
C/C++: /home/user/Android/ndk/27.0.12077973/toolchains/llvm/prebuilt/linux-x86_64/sysroot/usr/include/c++/v1/__config:942:41: note: expanded from macro '_LIBCPP_DEPRECATED_IN_CXX17'
C/C++:   942 | #    define _LIBCPP_DEPRECATED_IN_CXX17 _LIBCPP_DEPRECATED
C/C++:       |                                         ^
C/C++: /home/user/Android/ndk/27.0.12077973/toolchains/llvm/prebuilt/linux-x86_64/sysroot/usr/include/c++/v1/__config:915:49: note: expanded from macro '_LIBCPP_DEPRECATED'
C/C++:   915 | #      define _LIBCPP_DEPRECATED __attribute__((__deprecated__))
C/C++:       |                                                 ^
C/C++: In file included from /home/user/Doubao/chats/38441059405347074/Operit-1.12.1/avator/dragonbones/cpp/JniBridge.cpp:3:
C/C++: In file included from /home/user/Doubao/chats/38441059405347074/Operit-1.12.1/avator/dragonbones/.cxx/operit_deps/dragonbones_cpp-f696143045e07b7c4c4590bdd95534e9e8074b37-src/DragonBones/src/dragonBones/DragonBonesHeaders.h:75:
C/C++: In file included from /home/user/Doubao/chats/38441059405347074/Operit-1.12.1/avator/dragonbones/.cxx/operit_deps/dragonbones_cpp-f696143045e07b7c4c4590bdd95534e9e8074b37-src/DragonBones/src/dragonBones/parser/JSONDataParser.h:5:
C/C++: /home/user/Doubao/chats/38441059405347074/Operit-1.12.1/avator/dragonbones/.cxx/operit_deps/dragonbones_cpp-f696143045e07b7c4c4590bdd95534e9e8074b37-src/3rdParty/rapidjson/document.h:110:18: warning: 'iterator<std::random_access_iterator_tag, rapidjson::GenericMember<rapidjson::UTF8<>, rapidjson::MemoryPoolAllocator<>>>' is deprecated [-Wdeprecated-declarations]
C/C++:   110 |     typedef std::iterator<std::random_access_iterator_tag,ValueType> BaseType;
C/C++:       |                  ^
C/C++: /home/user/Android/ndk/27.0.12077973/toolchains/llvm/prebuilt/linux-x86_64/sysroot/usr/include/c++/v1/__iterator/iterator.h:23:29: note: 'iterator<std::random_access_iterator_tag, rapidjson::GenericMember<rapidjson::UTF8<>, rapidjson::MemoryPoolAllocator<>>>' has been explicitly marked deprecated here
C/C++:    23 | struct _LIBCPP_TEMPLATE_VIS _LIBCPP_DEPRECATED_IN_CXX17 iterator {
C/C++:       |                             ^
C/C++: /home/user/Android/ndk/27.0.12077973/toolchains/llvm/prebuilt/linux-x86_64/sysroot/usr/include/c++/v1/__config:942:41: note: expanded from macro '_LIBCPP_DEPRECATED_IN_CXX17'
C/C++:   942 | #    define _LIBCPP_DEPRECATED_IN_CXX17 _LIBCPP_DEPRECATED
C/C++:       |                                         ^
C/C++: /home/user/Android/ndk/27.0.12077973/toolchains/llvm/prebuilt/linux-x86_64/sysroot/usr/include/c++/v1/__config:915:49: note: expanded from macro '_LIBCPP_DEPRECATED'
C/C++:   915 | #      define _LIBCPP_DEPRECATED __attribute__((__deprecated__))
C/C++:       |                                                 ^
C/C++: In file included from /home/user/Doubao/chats/38441059405347074/Operit-1.12.1/avator/dragonbones/cpp/JniBridge.cpp:3:
C/C++: In file included from /home/user/Doubao/chats/38441059405347074/Operit-1.12.1/avator/dragonbones/.cxx/operit_deps/dragonbones_cpp-f696143045e07b7c4c4590bdd95534e9e8074b37-src/DragonBones/src/dragonBones/DragonBonesHeaders.h:75:
C/C++: In file included from /home/user/Doubao/chats/38441059405347074/Operit-1.12.1/avator/dragonbones/.cxx/operit_deps/dragonbones_cpp-f696143045e07b7c4c4590bdd95534e9e8074b37-src/DragonBones/src/dragonBones/parser/JSONDataParser.h:5:
C/C++: /home/user/Doubao/chats/38441059405347074/Operit-1.12.1/avator/dragonbones/.cxx/operit_deps/dragonbones_cpp-f696143045e07b7c4c4590bdd95534e9e8074b37-src/3rdParty/rapidjson/document.h:102:19: warning: 'iterator<std::random_access_iterator_tag, const rapidjson::GenericMember<rapidjson::UTF8<>, rapidjson::MemoryPoolAllocator<>>>' is deprecated [-Wdeprecated-declarations]
C/C++:   102 |     : public std::iterator<std::random_access_iterator_tag
C/C++:       |                   ^
C/C++: /home/user/Doubao/chats/38441059405347074/Operit-1.12.1/avator/dragonbones/.cxx/operit_deps/dragonbones_cpp-f696143045e07b7c4c4590bdd95534e9e8074b37-src/3rdParty/rapidjson/document.h:549:22: note: in instantiation of template class 'rapidjson::GenericMemberIterator<true, rapidjson::UTF8<>, rapidjson::MemoryPoolAllocator<>>' requested here
C/C++:   549 |     typedef typename GenericMemberIterator<true,Encoding,Allocator>::Iterator ConstMemberIterator;  //!< Constant member iterator for iterating in object.
C/C++:       |                      ^
C/C++: /home/user/Doubao/chats/38441059405347074/Operit-1.12.1/avator/dragonbones/.cxx/operit_deps/dragonbones_cpp-f696143045e07b7c4c4590bdd95534e9e8074b37-src/DragonBones/src/dragonBones/parser/JSONDataParser.h:28:20: note: in instantiation of template class 'rapidjson::GenericValue<rapidjson::UTF8<>>' requested here
C/C++:    28 |         if (rawData.HasMember(key))
C/C++:       |                    ^
C/C++: /home/user/Android/ndk/27.0.12077973/toolchains/llvm/prebuilt/linux-x86_64/sysroot/usr/include/c++/v1/__iterator/iterator.h:23:29: note: 'iterator<std::random_access_iterator_tag, const rapidjson::GenericMember<rapidjson::UTF8<>, rapidjson::MemoryPoolAllocator<>>>' has been explicitly marked deprecated here
C/C++:    23 | struct _LIBCPP_TEMPLATE_VIS _LIBCPP_DEPRECATED_IN_CXX17 iterator {
C/C++:       |                             ^
C/C++: /home/user/Android/ndk/27.0.12077973/toolchains/llvm/prebuilt/linux-x86_64/sysroot/usr/include/c++/v1/__config:942:41: note: expanded from macro '_LIBCPP_DEPRECATED_IN_CXX17'
C/C++:   942 | #    define _LIBCPP_DEPRECATED_IN_CXX17 _LIBCPP_DEPRECATED
C/C++:       |                                         ^
C/C++: /home/user/Android/ndk/27.0.12077973/toolchains/llvm/prebuilt/linux-x86_64/sysroot/usr/include/c++/v1/__config:915:49: note: expanded from macro '_LIBCPP_DEPRECATED'
C/C++:   915 | #      define _LIBCPP_DEPRECATED __attribute__((__deprecated__))
C/C++:       |                                                 ^
C/C++: In file included from /home/user/Doubao/chats/38441059405347074/Operit-1.12.1/avator/dragonbones/cpp/JniBridge.cpp:3:
C/C++: In file included from /home/user/Doubao/chats/38441059405347074/Operit-1.12.1/avator/dragonbones/.cxx/operit_deps/dragonbones_cpp-f696143045e07b7c4c4590bdd95534e9e8074b37-src/DragonBones/src/dragonBones/DragonBonesHeaders.h:75:
C/C++: In file included from /home/user/Doubao/chats/38441059405347074/Operit-1.12.1/avator/dragonbones/.cxx/operit_deps/dragonbones_cpp-f696143045e07b7c4c4590bdd95534e9e8074b37-src/DragonBones/src/dragonBones/parser/JSONDataParser.h:5:
C/C++: /home/user/Doubao/chats/38441059405347074/Operit-1.12.1/avator/dragonbones/.cxx/operit_deps/dragonbones_cpp-f696143045e07b7c4c4590bdd95534e9e8074b37-src/3rdParty/rapidjson/document.h:110:18: warning: 'iterator<std::random_access_iterator_tag, const rapidjson::GenericMember<rapidjson::UTF8<>, rapidjson::MemoryPoolAllocator<>>>' is deprecated [-Wdeprecated-declarations]
C/C++:   110 |     typedef std::iterator<std::random_access_iterator_tag,ValueType> BaseType;
C/C++:       |                  ^
C/C++: /home/user/Android/ndk/27.0.12077973/toolchains/llvm/prebuilt/linux-x86_64/sysroot/usr/include/c++/v1/__iterator/iterator.h:23:29: note: 'iterator<std::random_access_iterator_tag, const rapidjson::GenericMember<rapidjson::UTF8<>, rapidjson::MemoryPoolAllocator<>>>' has been explicitly marked deprecated here
C/C++:    23 | struct _LIBCPP_TEMPLATE_VIS _LIBCPP_DEPRECATED_IN_CXX17 iterator {
C/C++:       |                             ^
C/C++: /home/user/Android/ndk/27.0.12077973/toolchains/llvm/prebuilt/linux-x86_64/sysroot/usr/include/c++/v1/__config:942:41: note: expanded from macro '_LIBCPP_DEPRECATED_IN_CXX17'
C/C++:   942 | #    define _LIBCPP_DEPRECATED_IN_CXX17 _LIBCPP_DEPRECATED
C/C++:       |                                         ^
C/C++: /home/user/Android/ndk/27.0.12077973/toolchains/llvm/prebuilt/linux-x86_64/sysroot/usr/include/c++/v1/__config:915:49: note: expanded from macro '_LIBCPP_DEPRECATED'
C/C++:   915 | #      define _LIBCPP_DEPRECATED __attribute__((__deprecated__))
C/C++:       |                                                 ^
C/C++: 4 warnings generated.
C/C++: In file included from /home/user/Doubao/chats/38441059405347074/Operit-1.12.1/avator/dragonbones/.cxx/operit_deps/dragonbones_cpp-f696143045e07b7c4c4590bdd95534e9e8074b37-src/DragonBones/src/dragonBones/factory/BaseFactory.cpp:1:
C/C++: In file included from /home/user/Doubao/chats/38441059405347074/Operit-1.12.1/avator/dragonbones/.cxx/operit_deps/dragonbones_cpp-f696143045e07b7c4c4590bdd95534e9e8074b37-src/DragonBones/src/dragonBones/factory/BaseFactory.h:26:
C/C++: In file included from /home/user/Doubao/chats/38441059405347074/Operit-1.12.1/avator/dragonbones/.cxx/operit_deps/dragonbones_cpp-f696143045e07b7c4c4590bdd95534e9e8074b37-src/DragonBones/src/dragonBones/factory/../parser/JSONDataParser.h:5:
C/C++: /home/user/Doubao/chats/38441059405347074/Operit-1.12.1/avator/dragonbones/.cxx/operit_deps/dragonbones_cpp-f696143045e07b7c4c4590bdd95534e9e8074b37-src/3rdParty/rapidjson/document.h:102:19: warning: 'iterator<std::random_access_iterator_tag, rapidjson::GenericMember<rapidjson::UTF8<>, rapidjson::MemoryPoolAllocator<>>>' is deprecated [-Wdeprecated-declarations]
C/C++:   102 |     : public std::iterator<std::random_access_iterator_tag
C/C++:       |                   ^
C/C++: /home/user/Doubao/chats/38441059405347074/Operit-1.12.1/avator/dragonbones/.cxx/operit_deps/dragonbones_cpp-f696143045e07b7c4c4590bdd95534e9e8074b37-src/3rdParty/rapidjson/document.h:548:22: note: in instantiation of template class 'rapidjson::GenericMemberIterator<false, rapidjson::UTF8<>, rapidjson::MemoryPoolAllocator<>>' requested here
C/C++:   548 |     typedef typename GenericMemberIterator<false,Encoding,Allocator>::Iterator MemberIterator;  //!< Member iterator for iterating in object.
C/C++:       |                      ^
C/C++: /home/user/Doubao/chats/38441059405347074/Operit-1.12.1/avator/dragonbones/.cxx/operit_deps/dragonbones_cpp-f696143045e07b7c4c4590bdd95534e9e8074b37-src/DragonBones/src/dragonBones/factory/../parser/JSONDataParser.h:28:20: note: in instantiation of template class 'rapidjson::GenericValue<rapidjson::UTF8<>>' requested here
C/C++:    28 |         if (rawData.HasMember(key))
C/C++:       |                    ^
C/C++: /home/user/Android/ndk/27.0.12077973/toolchains/llvm/prebuilt/linux-x86_64/sysroot/usr/include/c++/v1/__iterator/iterator.h:23:29: note: 'iterator<std::random_access_iterator_tag, rapidjson::GenericMember<rapidjson::UTF8<>, rapidjson::MemoryPoolAllocator<>>>' has been explicitly marked deprecated here
C/C++:    23 | struct _LIBCPP_TEMPLATE_VIS _LIBCPP_DEPRECATED_IN_CXX17 iterator {
C/C++:       |                             ^
C/C++: /home/user/Android/ndk/27.0.12077973/toolchains/llvm/prebuilt/linux-x86_64/sysroot/usr/include/c++/v1/__config:942:41: note: expanded from macro '_LIBCPP_DEPRECATED_IN_CXX17'
C/C++:   942 | #    define _LIBCPP_DEPRECATED_IN_CXX17 _LIBCPP_DEPRECATED
C/C++:       |                                         ^
C/C++: /home/user/Android/ndk/27.0.12077973/toolchains/llvm/prebuilt/linux-x86_64/sysroot/usr/include/c++/v1/__config:915:49: note: expanded from macro '_LIBCPP_DEPRECATED'
C/C++:   915 | #      define _LIBCPP_DEPRECATED __attribute__((__deprecated__))
C/C++:       |                                                 ^
C/C++: In file included from /home/user/Doubao/chats/38441059405347074/Operit-1.12.1/avator/dragonbones/.cxx/operit_deps/dragonbones_cpp-f696143045e07b7c4c4590bdd95534e9e8074b37-src/DragonBones/src/dragonBones/factory/BaseFactory.cpp:1:
C/C++: In file included from /home/user/Doubao/chats/38441059405347074/Operit-1.12.1/avator/dragonbones/.cxx/operit_deps/dragonbones_cpp-f696143045e07b7c4c4590bdd95534e9e8074b37-src/DragonBones/src/dragonBones/factory/BaseFactory.h:26:
C/C++: In file included from /home/user/Doubao/chats/38441059405347074/Operit-1.12.1/avator/dragonbones/.cxx/operit_deps/dragonbones_cpp-f696143045e07b7c4c4590bdd95534e9e8074b37-src/DragonBones/src/dragonBones/factory/../parser/JSONDataParser.h:5:
C/C++: /home/user/Doubao/chats/38441059405347074/Operit-1.12.1/avator/dragonbones/.cxx/operit_deps/dragonbones_cpp-f696143045e07b7c4c4590bdd95534e9e8074b37-src/3rdParty/rapidjson/document.h:110:18: warning: 'iterator<std::random_access_iterator_tag, rapidjson::GenericMember<rapidjson::UTF8<>, rapidjson::MemoryPoolAllocator<>>>' is deprecated [-Wdeprecated-declarations]
C/C++:   110 |     typedef std::iterator<std::random_access_iterator_tag,ValueType> BaseType;
C/C++:       |                  ^
C/C++: /home/user/Android/ndk/27.0.12077973/toolchains/llvm/prebuilt/linux-x86_64/sysroot/usr/include/c++/v1/__iterator/iterator.h:23:29: note: 'iterator<std::random_access_iterator_tag, rapidjson::GenericMember<rapidjson::UTF8<>, rapidjson::MemoryPoolAllocator<>>>' has been explicitly marked deprecated here
C/C++:    23 | struct _LIBCPP_TEMPLATE_VIS _LIBCPP_DEPRECATED_IN_CXX17 iterator {
C/C++:       |                             ^
C/C++: /home/user/Android/ndk/27.0.12077973/toolchains/llvm/prebuilt/linux-x86_64/sysroot/usr/include/c++/v1/__config:942:41: note: expanded from macro '_LIBCPP_DEPRECATED_IN_CXX17'
C/C++:   942 | #    define _LIBCPP_DEPRECATED_IN_CXX17 _LIBCPP_DEPRECATED
C/C++:       |                                         ^
C/C++: /home/user/Android/ndk/27.0.12077973/toolchains/llvm/prebuilt/linux-x86_64/sysroot/usr/include/c++/v1/__config:915:49: note: expanded from macro '_LIBCPP_DEPRECATED'
C/C++:   915 | #      define _LIBCPP_DEPRECATED __attribute__((__deprecated__))
C/C++:       |                                                 ^
C/C++: In file included from /home/user/Doubao/chats/38441059405347074/Operit-1.12.1/avator/dragonbones/.cxx/operit_deps/dragonbones_cpp-f696143045e07b7c4c4590bdd95534e9e8074b37-src/DragonBones/src/dragonBones/factory/BaseFactory.cpp:1:
C/C++: In file included from /home/user/Doubao/chats/38441059405347074/Operit-1.12.1/avator/dragonbones/.cxx/operit_deps/dragonbones_cpp-f696143045e07b7c4c4590bdd95534e9e8074b37-src/DragonBones/src/dragonBones/factory/BaseFactory.h:26:
C/C++: In file included from /home/user/Doubao/chats/38441059405347074/Operit-1.12.1/avator/dragonbones/.cxx/operit_deps/dragonbones_cpp-f696143045e07b7c4c4590bdd95534e9e8074b37-src/DragonBones/src/dragonBones/factory/../parser/JSONDataParser.h:5:
C/C++: /home/user/Doubao/chats/38441059405347074/Operit-1.12.1/avator/dragonbones/.cxx/operit_deps/dragonbones_cpp-f696143045e07b7c4c4590bdd95534e9e8074b37-src/3rdParty/rapidjson/document.h:102:19: warning: 'iterator<std::random_access_iterator_tag, const rapidjson::GenericMember<rapidjson::UTF8<>, rapidjson::MemoryPoolAllocator<>>>' is deprecated [-Wdeprecated-declarations]
C/C++:   102 |     : public std::iterator<std::random_access_iterator_tag
C/C++:       |                   ^
C/C++: /home/user/Doubao/chats/38441059405347074/Operit-1.12.1/avator/dragonbones/.cxx/operit_deps/dragonbones_cpp-f696143045e07b7c4c4590bdd95534e9e8074b37-src/3rdParty/rapidjson/document.h:549:22: note: in instantiation of template class 'rapidjson::GenericMemberIterator<true, rapidjson::UTF8<>, rapidjson::MemoryPoolAllocator<>>' requested here
C/C++:   549 |     typedef typename GenericMemberIterator<true,Encoding,Allocator>::Iterator ConstMemberIterator;  //!< Constant member iterator for iterating in object.
C/C++:       |                      ^
C/C++: /home/user/Doubao/chats/38441059405347074/Operit-1.12.1/avator/dragonbones/.cxx/operit_deps/dragonbones_cpp-f696143045e07b7c4c4590bdd95534e9e8074b37-src/DragonBones/src/dragonBones/factory/../parser/JSONDataParser.h:28:20: note: in instantiation of template class 'rapidjson::GenericValue<rapidjson::UTF8<>>' requested here
C/C++:    28 |         if (rawData.HasMember(key))
C/C++:       |                    ^
C/C++: /home/user/Android/ndk/27.0.12077973/toolchains/llvm/prebuilt/linux-x86_64/sysroot/usr/include/c++/v1/__iterator/iterator.h:23:29: note: 'iterator<std::random_access_iterator_tag, const rapidjson::GenericMember<rapidjson::UTF8<>, rapidjson::MemoryPoolAllocator<>>>' has been explicitly marked deprecated here
C/C++:    23 | struct _LIBCPP_TEMPLATE_VIS _LIBCPP_DEPRECATED_IN_CXX17 iterator {
C/C++:       |                             ^
C/C++: /home/user/Android/ndk/27.0.12077973/toolchains/llvm/prebuilt/linux-x86_64/sysroot/usr/include/c++/v1/__config:942:41: note: expanded from macro '_LIBCPP_DEPRECATED_IN_CXX17'
C/C++:   942 | #    define _LIBCPP_DEPRECATED_IN_CXX17 _LIBCPP_DEPRECATED
C/C++:       |                                         ^
C/C++: /home/user/Android/ndk/27.0.12077973/toolchains/llvm/prebuilt/linux-x86_64/sysroot/usr/include/c++/v1/__config:915:49: note: expanded from macro '_LIBCPP_DEPRECATED'
C/C++:   915 | #      define _LIBCPP_DEPRECATED __attribute__((__deprecated__))
C/C++:       |                                                 ^
C/C++: In file included from /home/user/Doubao/chats/38441059405347074/Operit-1.12.1/avator/dragonbones/.cxx/operit_deps/dragonbones_cpp-f696143045e07b7c4c4590bdd95534e9e8074b37-src/DragonBones/src/dragonBones/factory/BaseFactory.cpp:1:
C/C++: In file included from /home/user/Doubao/chats/38441059405347074/Operit-1.12.1/avator/dragonbones/.cxx/operit_deps/dragonbones_cpp-f696143045e07b7c4c4590bdd95534e9e8074b37-src/DragonBones/src/dragonBones/factory/BaseFactory.h:26:
C/C++: In file included from /home/user/Doubao/chats/38441059405347074/Operit-1.12.1/avator/dragonbones/.cxx/operit_deps/dragonbones_cpp-f696143045e07b7c4c4590bdd95534e9e8074b37-src/DragonBones/src/dragonBones/factory/../parser/JSONDataParser.h:5:
C/C++: /home/user/Doubao/chats/38441059405347074/Operit-1.12.1/avator/dragonbones/.cxx/operit_deps/dragonbones_cpp-f696143045e07b7c4c4590bdd95534e9e8074b37-src/3rdParty/rapidjson/document.h:110:18: warning: 'iterator<std::random_access_iterator_tag, const rapidjson::GenericMember<rapidjson::UTF8<>, rapidjson::MemoryPoolAllocator<>>>' is deprecated [-Wdeprecated-declarations]
C/C++:   110 |     typedef std::iterator<std::random_access_iterator_tag,ValueType> BaseType;
C/C++:       |                  ^
C/C++: /home/user/Android/ndk/27.0.12077973/toolchains/llvm/prebuilt/linux-x86_64/sysroot/usr/include/c++/v1/__iterator/iterator.h:23:29: note: 'iterator<std::random_access_iterator_tag, const rapidjson::GenericMember<rapidjson::UTF8<>, rapidjson::MemoryPoolAllocator<>>>' has been explicitly marked deprecated here
C/C++:    23 | struct _LIBCPP_TEMPLATE_VIS _LIBCPP_DEPRECATED_IN_CXX17 iterator {
C/C++:       |                             ^
C/C++: /home/user/Android/ndk/27.0.12077973/toolchains/llvm/prebuilt/linux-x86_64/sysroot/usr/include/c++/v1/__config:942:41: note: expanded from macro '_LIBCPP_DEPRECATED_IN_CXX17'
C/C++:   942 | #    define _LIBCPP_DEPRECATED_IN_CXX17 _LIBCPP_DEPRECATED
C/C++:       |                                         ^
C/C++: /home/user/Android/ndk/27.0.12077973/toolchains/llvm/prebuilt/linux-x86_64/sysroot/usr/include/c++/v1/__config:915:49: note: expanded from macro '_LIBCPP_DEPRECATED'
C/C++:   915 | #      define _LIBCPP_DEPRECATED __attribute__((__deprecated__))
C/C++:       |                                                 ^
C/C++: /home/user/Doubao/chats/38441059405347074/Operit-1.12.1/avator/dragonbones/.cxx/operit_deps/dragonbones_cpp-f696143045e07b7c4c4590bdd95534e9e8074b37-src/DragonBones/src/dragonBones/factory/BaseFactory.cpp:216:95: warning: expression result unused [-Wunused-value]
C/C++:   216 |         dataPackage != nullptr ? dataPackage->dataName : displayData->parent->parent->parent->name;
C/C++:       |                                                          ~~~~~~~~~~~~~~~~~~~~~~~~~~~~~~~~~~~  ^~~~
C/C++: 5 warnings generated.
C/C++: In file included from /home/user/Doubao/chats/38441059405347074/Operit-1.12.1/avator/dragonbones/.cxx/operit_deps/dragonbones_cpp-f696143045e07b7c4c4590bdd95534e9e8074b37-src/DragonBones/src/dragonBones/parser/BinaryDataParser.cpp:1:
C/C++: In file included from /home/user/Doubao/chats/38441059405347074/Operit-1.12.1/avator/dragonbones/.cxx/operit_deps/dragonbones_cpp-f696143045e07b7c4c4590bdd95534e9e8074b37-src/DragonBones/src/dragonBones/parser/BinaryDataParser.h:26:
C/C++: In file included from /home/user/Doubao/chats/38441059405347074/Operit-1.12.1/avator/dragonbones/.cxx/operit_deps/dragonbones_cpp-f696143045e07b7c4c4590bdd95534e9e8074b37-src/DragonBones/src/dragonBones/parser/JSONDataParser.h:5:
C/C++: /home/user/Doubao/chats/38441059405347074/Operit-1.12.1/avator/dragonbones/.cxx/operit_deps/dragonbones_cpp-f696143045e07b7c4c4590bdd95534e9e8074b37-src/3rdParty/rapidjson/document.h:102:19: warning: 'iterator<std::random_access_iterator_tag, rapidjson::GenericMember<rapidjson::UTF8<>, rapidjson::MemoryPoolAllocator<>>>' is deprecated [-Wdeprecated-declarations]
C/C++:   102 |     : public std::iterator<std::random_access_iterator_tag
C/C++:       |                   ^
C/C++: /home/user/Doubao/chats/38441059405347074/Operit-1.12.1/avator/dragonbones/.cxx/operit_deps/dragonbones_cpp-f696143045e07b7c4c4590bdd95534e9e8074b37-src/3rdParty/rapidjson/document.h:548:22: note: in instantiation of template class 'rapidjson::GenericMemberIterator<false, rapidjson::UTF8<>, rapidjson::MemoryPoolAllocator<>>' requested here
C/C++:   548 |     typedef typename GenericMemberIterator<false,Encoding,Allocator>::Iterator MemberIterator;  //!< Member iterator for iterating in object.
C/C++:       |                      ^
C/C++: /home/user/Doubao/chats/38441059405347074/Operit-1.12.1/avator/dragonbones/.cxx/operit_deps/dragonbones_cpp-f696143045e07b7c4c4590bdd95534e9e8074b37-src/DragonBones/src/dragonBones/parser/JSONDataParser.h:28:20: note: in instantiation of template class 'rapidjson::GenericValue<rapidjson::UTF8<>>' requested here
C/C++:    28 |         if (rawData.HasMember(key))
C/C++:       |                    ^
C/C++: /home/user/Android/ndk/27.0.12077973/toolchains/llvm/prebuilt/linux-x86_64/sysroot/usr/include/c++/v1/__iterator/iterator.h:23:29: note: 'iterator<std::random_access_iterator_tag, rapidjson::GenericMember<rapidjson::UTF8<>, rapidjson::MemoryPoolAllocator<>>>' has been explicitly marked deprecated here
C/C++:    23 | struct _LIBCPP_TEMPLATE_VIS _LIBCPP_DEPRECATED_IN_CXX17 iterator {
C/C++:       |                             ^
C/C++: /home/user/Android/ndk/27.0.12077973/toolchains/llvm/prebuilt/linux-x86_64/sysroot/usr/include/c++/v1/__config:942:41: note: expanded from macro '_LIBCPP_DEPRECATED_IN_CXX17'
C/C++:   942 | #    define _LIBCPP_DEPRECATED_IN_CXX17 _LIBCPP_DEPRECATED
C/C++:       |                                         ^
C/C++: /home/user/Android/ndk/27.0.12077973/toolchains/llvm/prebuilt/linux-x86_64/sysroot/usr/include/c++/v1/__config:915:49: note: expanded from macro '_LIBCPP_DEPRECATED'
C/C++:   915 | #      define _LIBCPP_DEPRECATED __attribute__((__deprecated__))
C/C++:       |                                                 ^
C/C++: In file included from /home/user/Doubao/chats/38441059405347074/Operit-1.12.1/avator/dragonbones/.cxx/operit_deps/dragonbones_cpp-f696143045e07b7c4c4590bdd95534e9e8074b37-src/DragonBones/src/dragonBones/parser/BinaryDataParser.cpp:1:
C/C++: In file included from /home/user/Doubao/chats/38441059405347074/Operit-1.12.1/avator/dragonbones/.cxx/operit_deps/dragonbones_cpp-f696143045e07b7c4c4590bdd95534e9e8074b37-src/DragonBones/src/dragonBones/parser/BinaryDataParser.h:26:
C/C++: In file included from /home/user/Doubao/chats/38441059405347074/Operit-1.12.1/avator/dragonbones/.cxx/operit_deps/dragonbones_cpp-f696143045e07b7c4c4590bdd95534e9e8074b37-src/DragonBones/src/dragonBones/parser/JSONDataParser.h:5:
C/C++: /home/user/Doubao/chats/38441059405347074/Operit-1.12.1/avator/dragonbones/.cxx/operit_deps/dragonbones_cpp-f696143045e07b7c4c4590bdd95534e9e8074b37-src/3rdParty/rapidjson/document.h:110:18: warning: 'iterator<std::random_access_iterator_tag, rapidjson::GenericMember<rapidjson::UTF8<>, rapidjson::MemoryPoolAllocator<>>>' is deprecated [-Wdeprecated-declarations]
C/C++:   110 |     typedef std::iterator<std::random_access_iterator_tag,ValueType> BaseType;
C/C++:       |                  ^
C/C++: /home/user/Android/ndk/27.0.12077973/toolchains/llvm/prebuilt/linux-x86_64/sysroot/usr/include/c++/v1/__iterator/iterator.h:23:29: note: 'iterator<std::random_access_iterator_tag, rapidjson::GenericMember<rapidjson::UTF8<>, rapidjson::MemoryPoolAllocator<>>>' has been explicitly marked deprecated here
C/C++:    23 | struct _LIBCPP_TEMPLATE_VIS _LIBCPP_DEPRECATED_IN_CXX17 iterator {
C/C++:       |                             ^
C/C++: /home/user/Android/ndk/27.0.12077973/toolchains/llvm/prebuilt/linux-x86_64/sysroot/usr/include/c++/v1/__config:942:41: note: expanded from macro '_LIBCPP_DEPRECATED_IN_CXX17'
C/C++:   942 | #    define _LIBCPP_DEPRECATED_IN_CXX17 _LIBCPP_DEPRECATED
C/C++:       |                                         ^
C/C++: /home/user/Android/ndk/27.0.12077973/toolchains/llvm/prebuilt/linux-x86_64/sysroot/usr/include/c++/v1/__config:915:49: note: expanded from macro '_LIBCPP_DEPRECATED'
C/C++:   915 | #      define _LIBCPP_DEPRECATED __attribute__((__deprecated__))
C/C++:       |                                                 ^
C/C++: In file included from /home/user/Doubao/chats/38441059405347074/Operit-1.12.1/avator/dragonbones/.cxx/operit_deps/dragonbones_cpp-f696143045e07b7c4c4590bdd95534e9e8074b37-src/DragonBones/src/dragonBones/parser/BinaryDataParser.cpp:1:
C/C++: In file included from /home/user/Doubao/chats/38441059405347074/Operit-1.12.1/avator/dragonbones/.cxx/operit_deps/dragonbones_cpp-f696143045e07b7c4c4590bdd95534e9e8074b37-src/DragonBones/src/dragonBones/parser/BinaryDataParser.h:26:
C/C++: In file included from /home/user/Doubao/chats/38441059405347074/Operit-1.12.1/avator/dragonbones/.cxx/operit_deps/dragonbones_cpp-f696143045e07b7c4c4590bdd95534e9e8074b37-src/DragonBones/src/dragonBones/parser/JSONDataParser.h:5:
C/C++: /home/user/Doubao/chats/38441059405347074/Operit-1.12.1/avator/dragonbones/.cxx/operit_deps/dragonbones_cpp-f696143045e07b7c4c4590bdd95534e9e8074b37-src/3rdParty/rapidjson/document.h:102:19: warning: 'iterator<std::random_access_iterator_tag, const rapidjson::GenericMember<rapidjson::UTF8<>, rapidjson::MemoryPoolAllocator<>>>' is deprecated [-Wdeprecated-declarations]
C/C++:   102 |     : public std::iterator<std::random_access_iterator_tag
C/C++:       |                   ^
C/C++: /home/user/Doubao/chats/38441059405347074/Operit-1.12.1/avator/dragonbones/.cxx/operit_deps/dragonbones_cpp-f696143045e07b7c4c4590bdd95534e9e8074b37-src/3rdParty/rapidjson/document.h:549:22: note: in instantiation of template class 'rapidjson::GenericMemberIterator<true, rapidjson::UTF8<>, rapidjson::MemoryPoolAllocator<>>' requested here
C/C++:   549 |     typedef typename GenericMemberIterator<true,Encoding,Allocator>::Iterator ConstMemberIterator;  //!< Constant member iterator for iterating in object.
C/C++:       |                      ^
C/C++: /home/user/Doubao/chats/38441059405347074/Operit-1.12.1/avator/dragonbones/.cxx/operit_deps/dragonbones_cpp-f696143045e07b7c4c4590bdd95534e9e8074b37-src/DragonBones/src/dragonBones/parser/JSONDataParser.h:28:20: note: in instantiation of template class 'rapidjson::GenericValue<rapidjson::UTF8<>>' requested here
C/C++:    28 |         if (rawData.HasMember(key))
C/C++:       |                    ^
C/C++: /home/user/Android/ndk/27.0.12077973/toolchains/llvm/prebuilt/linux-x86_64/sysroot/usr/include/c++/v1/__iterator/iterator.h:23:29: note: 'iterator<std::random_access_iterator_tag, const rapidjson::GenericMember<rapidjson::UTF8<>, rapidjson::MemoryPoolAllocator<>>>' has been explicitly marked deprecated here
C/C++:    23 | struct _LIBCPP_TEMPLATE_VIS _LIBCPP_DEPRECATED_IN_CXX17 iterator {
C/C++:       |                             ^
C/C++: /home/user/Android/ndk/27.0.12077973/toolchains/llvm/prebuilt/linux-x86_64/sysroot/usr/include/c++/v1/__config:942:41: note: expanded from macro '_LIBCPP_DEPRECATED_IN_CXX17'
C/C++:   942 | #    define _LIBCPP_DEPRECATED_IN_CXX17 _LIBCPP_DEPRECATED
C/C++:       |                                         ^
C/C++: /home/user/Android/ndk/27.0.12077973/toolchains/llvm/prebuilt/linux-x86_64/sysroot/usr/include/c++/v1/__config:915:49: note: expanded from macro '_LIBCPP_DEPRECATED'
C/C++:   915 | #      define _LIBCPP_DEPRECATED __attribute__((__deprecated__))
C/C++:       |                                                 ^
C/C++: In file included from /home/user/Doubao/chats/38441059405347074/Operit-1.12.1/avator/dragonbones/.cxx/operit_deps/dragonbones_cpp-f696143045e07b7c4c4590bdd95534e9e8074b37-src/DragonBones/src/dragonBones/parser/BinaryDataParser.cpp:1:
C/C++: In file included from /home/user/Doubao/chats/38441059405347074/Operit-1.12.1/avator/dragonbones/.cxx/operit_deps/dragonbones_cpp-f696143045e07b7c4c4590bdd95534e9e8074b37-src/DragonBones/src/dragonBones/parser/BinaryDataParser.h:26:
C/C++: In file included from /home/user/Doubao/chats/38441059405347074/Operit-1.12.1/avator/dragonbones/.cxx/operit_deps/dragonbones_cpp-f696143045e07b7c4c4590bdd95534e9e8074b37-src/DragonBones/src/dragonBones/parser/JSONDataParser.h:5:
C/C++: /home/user/Doubao/chats/38441059405347074/Operit-1.12.1/avator/dragonbones/.cxx/operit_deps/dragonbones_cpp-f696143045e07b7c4c4590bdd95534e9e8074b37-src/3rdParty/rapidjson/document.h:110:18: warning: 'iterator<std::random_access_iterator_tag, const rapidjson::GenericMember<rapidjson::UTF8<>, rapidjson::MemoryPoolAllocator<>>>' is deprecated [-Wdeprecated-declarations]
C/C++:   110 |     typedef std::iterator<std::random_access_iterator_tag,ValueType> BaseType;
C/C++:       |                  ^
C/C++: /home/user/Android/ndk/27.0.12077973/toolchains/llvm/prebuilt/linux-x86_64/sysroot/usr/include/c++/v1/__iterator/iterator.h:23:29: note: 'iterator<std::random_access_iterator_tag, const rapidjson::GenericMember<rapidjson::UTF8<>, rapidjson::MemoryPoolAllocator<>>>' has been explicitly marked deprecated here
C/C++:    23 | struct _LIBCPP_TEMPLATE_VIS _LIBCPP_DEPRECATED_IN_CXX17 iterator {
C/C++:       |                             ^
C/C++: /home/user/Android/ndk/27.0.12077973/toolchains/llvm/prebuilt/linux-x86_64/sysroot/usr/include/c++/v1/__config:942:41: note: expanded from macro '_LIBCPP_DEPRECATED_IN_CXX17'
C/C++:   942 | #    define _LIBCPP_DEPRECATED_IN_CXX17 _LIBCPP_DEPRECATED
C/C++:       |                                         ^
C/C++: /home/user/Android/ndk/27.0.12077973/toolchains/llvm/prebuilt/linux-x86_64/sysroot/usr/include/c++/v1/__config:915:49: note: expanded from macro '_LIBCPP_DEPRECATED'
C/C++:   915 | #      define _LIBCPP_DEPRECATED __attribute__((__deprecated__))
C/C++:       |                                                 ^
C/C++: 4 warnings generated.
C/C++: In file included from /home/user/Doubao/chats/38441059405347074/Operit-1.12.1/avator/dragonbones/.cxx/operit_deps/dragonbones_cpp-f696143045e07b7c4c4590bdd95534e9e8074b37-src/DragonBones/src/dragonBones/parser/JSONDataParser.cpp:1:
C/C++: In file included from /home/user/Doubao/chats/38441059405347074/Operit-1.12.1/avator/dragonbones/.cxx/operit_deps/dragonbones_cpp-f696143045e07b7c4c4590bdd95534e9e8074b37-src/DragonBones/src/dragonBones/parser/JSONDataParser.h:5:
C/C++: /home/user/Doubao/chats/38441059405347074/Operit-1.12.1/avator/dragonbones/.cxx/operit_deps/dragonbones_cpp-f696143045e07b7c4c4590bdd95534e9e8074b37-src/3rdParty/rapidjson/document.h:102:19: warning: 'iterator<std::random_access_iterator_tag, rapidjson::GenericMember<rapidjson::UTF8<>, rapidjson::MemoryPoolAllocator<>>>' is deprecated [-Wdeprecated-declarations]
C/C++:   102 |     : public std::iterator<std::random_access_iterator_tag
C/C++:       |                   ^
C/C++: /home/user/Doubao/chats/38441059405347074/Operit-1.12.1/avator/dragonbones/.cxx/operit_deps/dragonbones_cpp-f696143045e07b7c4c4590bdd95534e9e8074b37-src/3rdParty/rapidjson/document.h:548:22: note: in instantiation of template class 'rapidjson::GenericMemberIterator<false, rapidjson::UTF8<>, rapidjson::MemoryPoolAllocator<>>' requested here
C/C++:   548 |     typedef typename GenericMemberIterator<false,Encoding,Allocator>::Iterator MemberIterator;  //!< Member iterator for iterating in object.
C/C++:       |                      ^
C/C++: /home/user/Doubao/chats/38441059405347074/Operit-1.12.1/avator/dragonbones/.cxx/operit_deps/dragonbones_cpp-f696143045e07b7c4c4590bdd95534e9e8074b37-src/DragonBones/src/dragonBones/parser/JSONDataParser.h:28:20: note: in instantiation of template class 'rapidjson::GenericValue<rapidjson::UTF8<>>' requested here
C/C++:    28 |         if (rawData.HasMember(key))
C/C++:       |                    ^
C/C++: /home/user/Android/ndk/27.0.12077973/toolchains/llvm/prebuilt/linux-x86_64/sysroot/usr/include/c++/v1/__iterator/iterator.h:23:29: note: 'iterator<std::random_access_iterator_tag, rapidjson::GenericMember<rapidjson::UTF8<>, rapidjson::MemoryPoolAllocator<>>>' has been explicitly marked deprecated here
C/C++:    23 | struct _LIBCPP_TEMPLATE_VIS _LIBCPP_DEPRECATED_IN_CXX17 iterator {
C/C++:       |                             ^
C/C++: /home/user/Android/ndk/27.0.12077973/toolchains/llvm/prebuilt/linux-x86_64/sysroot/usr/include/c++/v1/__config:942:41: note: expanded from macro '_LIBCPP_DEPRECATED_IN_CXX17'
C/C++:   942 | #    define _LIBCPP_DEPRECATED_IN_CXX17 _LIBCPP_DEPRECATED
C/C++:       |                                         ^
C/C++: /home/user/Android/ndk/27.0.12077973/toolchains/llvm/prebuilt/linux-x86_64/sysroot/usr/include/c++/v1/__config:915:49: note: expanded from macro '_LIBCPP_DEPRECATED'
C/C++:   915 | #      define _LIBCPP_DEPRECATED __attribute__((__deprecated__))
C/C++:       |                                                 ^
C/C++: In file included from /home/user/Doubao/chats/38441059405347074/Operit-1.12.1/avator/dragonbones/.cxx/operit_deps/dragonbones_cpp-f696143045e07b7c4c4590bdd95534e9e8074b37-src/DragonBones/src/dragonBones/parser/JSONDataParser.cpp:1:
C/C++: In file included from /home/user/Doubao/chats/38441059405347074/Operit-1.12.1/avator/dragonbones/.cxx/operit_deps/dragonbones_cpp-f696143045e07b7c4c4590bdd95534e9e8074b37-src/DragonBones/src/dragonBones/parser/JSONDataParser.h:5:
C/C++: /home/user/Doubao/chats/38441059405347074/Operit-1.12.1/avator/dragonbones/.cxx/operit_deps/dragonbones_cpp-f696143045e07b7c4c4590bdd95534e9e8074b37-src/3rdParty/rapidjson/document.h:110:18: warning: 'iterator<std::random_access_iterator_tag, rapidjson::GenericMember<rapidjson::UTF8<>, rapidjson::MemoryPoolAllocator<>>>' is deprecated [-Wdeprecated-declarations]
C/C++:   110 |     typedef std::iterator<std::random_access_iterator_tag,ValueType> BaseType;
C/C++:       |                  ^
C/C++: /home/user/Android/ndk/27.0.12077973/toolchains/llvm/prebuilt/linux-x86_64/sysroot/usr/include/c++/v1/__iterator/iterator.h:23:29: note: 'iterator<std::random_access_iterator_tag, rapidjson::GenericMember<rapidjson::UTF8<>, rapidjson::MemoryPoolAllocator<>>>' has been explicitly marked deprecated here
C/C++:    23 | struct _LIBCPP_TEMPLATE_VIS _LIBCPP_DEPRECATED_IN_CXX17 iterator {
C/C++:       |                             ^
C/C++: /home/user/Android/ndk/27.0.12077973/toolchains/llvm/prebuilt/linux-x86_64/sysroot/usr/include/c++/v1/__config:942:41: note: expanded from macro '_LIBCPP_DEPRECATED_IN_CXX17'
C/C++:   942 | #    define _LIBCPP_DEPRECATED_IN_CXX17 _LIBCPP_DEPRECATED
C/C++:       |                                         ^
C/C++: /home/user/Android/ndk/27.0.12077973/toolchains/llvm/prebuilt/linux-x86_64/sysroot/usr/include/c++/v1/__config:915:49: note: expanded from macro '_LIBCPP_DEPRECATED'
C/C++:   915 | #      define _LIBCPP_DEPRECATED __attribute__((__deprecated__))
C/C++:       |                                                 ^
C/C++: In file included from /home/user/Doubao/chats/38441059405347074/Operit-1.12.1/avator/dragonbones/.cxx/operit_deps/dragonbones_cpp-f696143045e07b7c4c4590bdd95534e9e8074b37-src/DragonBones/src/dragonBones/parser/JSONDataParser.cpp:1:
C/C++: In file included from /home/user/Doubao/chats/38441059405347074/Operit-1.12.1/avator/dragonbones/.cxx/operit_deps/dragonbones_cpp-f696143045e07b7c4c4590bdd95534e9e8074b37-src/DragonBones/src/dragonBones/parser/JSONDataParser.h:5:
C/C++: /home/user/Doubao/chats/38441059405347074/Operit-1.12.1/avator/dragonbones/.cxx/operit_deps/dragonbones_cpp-f696143045e07b7c4c4590bdd95534e9e8074b37-src/3rdParty/rapidjson/document.h:102:19: warning: 'iterator<std::random_access_iterator_tag, const rapidjson::GenericMember<rapidjson::UTF8<>, rapidjson::MemoryPoolAllocator<>>>' is deprecated [-Wdeprecated-declarations]
C/C++:   102 |     : public std::iterator<std::random_access_iterator_tag
C/C++:       |                   ^
C/C++: /home/user/Doubao/chats/38441059405347074/Operit-1.12.1/avator/dragonbones/.cxx/operit_deps/dragonbones_cpp-f696143045e07b7c4c4590bdd95534e9e8074b37-src/3rdParty/rapidjson/document.h:549:22: note: in instantiation of template class 'rapidjson::GenericMemberIterator<true, rapidjson::UTF8<>, rapidjson::MemoryPoolAllocator<>>' requested here
C/C++:   549 |     typedef typename GenericMemberIterator<true,Encoding,Allocator>::Iterator ConstMemberIterator;  //!< Constant member iterator for iterating in object.
C/C++:       |                      ^
C/C++: /home/user/Doubao/chats/38441059405347074/Operit-1.12.1/avator/dragonbones/.cxx/operit_deps/dragonbones_cpp-f696143045e07b7c4c4590bdd95534e9e8074b37-src/DragonBones/src/dragonBones/parser/JSONDataParser.h:28:20: note: in instantiation of template class 'rapidjson::GenericValue<rapidjson::UTF8<>>' requested here
C/C++:    28 |         if (rawData.HasMember(key))
C/C++:       |                    ^
C/C++: /home/user/Android/ndk/27.0.12077973/toolchains/llvm/prebuilt/linux-x86_64/sysroot/usr/include/c++/v1/__iterator/iterator.h:23:29: note: 'iterator<std::random_access_iterator_tag, const rapidjson::GenericMember<rapidjson::UTF8<>, rapidjson::MemoryPoolAllocator<>>>' has been explicitly marked deprecated here
C/C++:    23 | struct _LIBCPP_TEMPLATE_VIS _LIBCPP_DEPRECATED_IN_CXX17 iterator {
C/C++:       |                             ^
C/C++: /home/user/Android/ndk/27.0.12077973/toolchains/llvm/prebuilt/linux-x86_64/sysroot/usr/include/c++/v1/__config:942:41: note: expanded from macro '_LIBCPP_DEPRECATED_IN_CXX17'
C/C++:   942 | #    define _LIBCPP_DEPRECATED_IN_CXX17 _LIBCPP_DEPRECATED
C/C++:       |                                         ^
C/C++: /home/user/Android/ndk/27.0.12077973/toolchains/llvm/prebuilt/linux-x86_64/sysroot/usr/include/c++/v1/__config:915:49: note: expanded from macro '_LIBCPP_DEPRECATED'
C/C++:   915 | #      define _LIBCPP_DEPRECATED __attribute__((__deprecated__))
C/C++:       |                                                 ^
C/C++: In file included from /home/user/Doubao/chats/38441059405347074/Operit-1.12.1/avator/dragonbones/.cxx/operit_deps/dragonbones_cpp-f696143045e07b7c4c4590bdd95534e9e8074b37-src/DragonBones/src/dragonBones/parser/JSONDataParser.cpp:1:
C/C++: In file included from /home/user/Doubao/chats/38441059405347074/Operit-1.12.1/avator/dragonbones/.cxx/operit_deps/dragonbones_cpp-f696143045e07b7c4c4590bdd95534e9e8074b37-src/DragonBones/src/dragonBones/parser/JSONDataParser.h:5:
C/C++: /home/user/Doubao/chats/38441059405347074/Operit-1.12.1/avator/dragonbones/.cxx/operit_deps/dragonbones_cpp-f696143045e07b7c4c4590bdd95534e9e8074b37-src/3rdParty/rapidjson/document.h:110:18: warning: 'iterator<std::random_access_iterator_tag, const rapidjson::GenericMember<rapidjson::UTF8<>, rapidjson::MemoryPoolAllocator<>>>' is deprecated [-Wdeprecated-declarations]
C/C++:   110 |     typedef std::iterator<std::random_access_iterator_tag,ValueType> BaseType;
C/C++:       |                  ^
C/C++: /home/user/Android/ndk/27.0.12077973/toolchains/llvm/prebuilt/linux-x86_64/sysroot/usr/include/c++/v1/__iterator/iterator.h:23:29: note: 'iterator<std::random_access_iterator_tag, const rapidjson::GenericMember<rapidjson::UTF8<>, rapidjson::MemoryPoolAllocator<>>>' has been explicitly marked deprecated here
C/C++:    23 | struct _LIBCPP_TEMPLATE_VIS _LIBCPP_DEPRECATED_IN_CXX17 iterator {
C/C++:       |                             ^
C/C++: /home/user/Android/ndk/27.0.12077973/toolchains/llvm/prebuilt/linux-x86_64/sysroot/usr/include/c++/v1/__config:942:41: note: expanded from macro '_LIBCPP_DEPRECATED_IN_CXX17'
C/C++:   942 | #    define _LIBCPP_DEPRECATED_IN_CXX17 _LIBCPP_DEPRECATED
C/C++:       |                                         ^
C/C++: /home/user/Android/ndk/27.0.12077973/toolchains/llvm/prebuilt/linux-x86_64/sysroot/usr/include/c++/v1/__config:915:49: note: expanded from macro '_LIBCPP_DEPRECATED'
C/C++:   915 | #      define _LIBCPP_DEPRECATED __attribute__((__deprecated__))
C/C++:       |                                                 ^
C/C++: /home/user/Doubao/chats/38441059405347074/Operit-1.12.1/avator/dragonbones/.cxx/operit_deps/dragonbones_cpp-f696143045e07b7c4c4590bdd95534e9e8074b37-src/DragonBones/src/dragonBones/parser/JSONDataParser.cpp:497:13: warning: enumeration value 'Path' not handled in switch [-Wswitch]
C/C++:   497 |     switch (type)
C/C++:       |             ^~~~
C/C++: 5 warnings generated.
C/C++: In file included from /home/user/Doubao/chats/38441059405347074/Operit-1.12.1/avator/dragonbones/cpp/opengl/OpenGLSlot.cpp:4:
C/C++: In file included from /home/user/Doubao/chats/38441059405347074/Operit-1.12.1/avator/dragonbones/cpp/opengl/OpenGLFactory.h:4:
C/C++: In file included from /home/user/Doubao/chats/38441059405347074/Operit-1.12.1/avator/dragonbones/.cxx/operit_deps/dragonbones_cpp-f696143045e07b7c4c4590bdd95534e9e8074b37-src/DragonBones/src/dragonBones/factory/BaseFactory.h:26:
C/C++: In file included from /home/user/Doubao/chats/38441059405347074/Operit-1.12.1/avator/dragonbones/.cxx/operit_deps/dragonbones_cpp-f696143045e07b7c4c4590bdd95534e9e8074b37-src/DragonBones/src/dragonBones/factory/../parser/JSONDataParser.h:5:
C/C++: /home/user/Doubao/chats/38441059405347074/Operit-1.12.1/avator/dragonbones/.cxx/operit_deps/dragonbones_cpp-f696143045e07b7c4c4590bdd95534e9e8074b37-src/3rdParty/rapidjson/document.h:102:19: warning: 'iterator<std::random_access_iterator_tag, rapidjson::GenericMember<rapidjson::UTF8<>, rapidjson::MemoryPoolAllocator<>>>' is deprecated [-Wdeprecated-declarations]
C/C++:   102 |     : public std::iterator<std::random_access_iterator_tag
C/C++:       |                   ^
C/C++: /home/user/Doubao/chats/38441059405347074/Operit-1.12.1/avator/dragonbones/.cxx/operit_deps/dragonbones_cpp-f696143045e07b7c4c4590bdd95534e9e8074b37-src/3rdParty/rapidjson/document.h:548:22: note: in instantiation of template class 'rapidjson::GenericMemberIterator<false, rapidjson::UTF8<>, rapidjson::MemoryPoolAllocator<>>' requested here
C/C++:   548 |     typedef typename GenericMemberIterator<false,Encoding,Allocator>::Iterator MemberIterator;  //!< Member iterator for iterating in object.
C/C++:       |                      ^
C/C++: /home/user/Doubao/chats/38441059405347074/Operit-1.12.1/avator/dragonbones/.cxx/operit_deps/dragonbones_cpp-f696143045e07b7c4c4590bdd95534e9e8074b37-src/DragonBones/src/dragonBones/factory/../parser/JSONDataParser.h:28:20: note: in instantiation of template class 'rapidjson::GenericValue<rapidjson::UTF8<>>' requested here
C/C++:    28 |         if (rawData.HasMember(key))
C/C++:       |                    ^
C/C++: /home/user/Android/ndk/27.0.12077973/toolchains/llvm/prebuilt/linux-x86_64/sysroot/usr/include/c++/v1/__iterator/iterator.h:23:29: note: 'iterator<std::random_access_iterator_tag, rapidjson::GenericMember<rapidjson::UTF8<>, rapidjson::MemoryPoolAllocator<>>>' has been explicitly marked deprecated here
C/C++:    23 | struct _LIBCPP_TEMPLATE_VIS _LIBCPP_DEPRECATED_IN_CXX17 iterator {
C/C++:       |                             ^
C/C++: /home/user/Android/ndk/27.0.12077973/toolchains/llvm/prebuilt/linux-x86_64/sysroot/usr/include/c++/v1/__config:942:41: note: expanded from macro '_LIBCPP_DEPRECATED_IN_CXX17'
C/C++:   942 | #    define _LIBCPP_DEPRECATED_IN_CXX17 _LIBCPP_DEPRECATED
C/C++:       |                                         ^
C/C++: /home/user/Android/ndk/27.0.12077973/toolchains/llvm/prebuilt/linux-x86_64/sysroot/usr/include/c++/v1/__config:915:49: note: expanded from macro '_LIBCPP_DEPRECATED'
C/C++:   915 | #      define _LIBCPP_DEPRECATED __attribute__((__deprecated__))
C/C++:       |                                                 ^
C/C++: In file included from /home/user/Doubao/chats/38441059405347074/Operit-1.12.1/avator/dragonbones/cpp/opengl/OpenGLSlot.cpp:4:
C/C++: In file included from /home/user/Doubao/chats/38441059405347074/Operit-1.12.1/avator/dragonbones/cpp/opengl/OpenGLFactory.h:4:
C/C++: In file included from /home/user/Doubao/chats/38441059405347074/Operit-1.12.1/avator/dragonbones/.cxx/operit_deps/dragonbones_cpp-f696143045e07b7c4c4590bdd95534e9e8074b37-src/DragonBones/src/dragonBones/factory/BaseFactory.h:26:
C/C++: In file included from /home/user/Doubao/chats/38441059405347074/Operit-1.12.1/avator/dragonbones/.cxx/operit_deps/dragonbones_cpp-f696143045e07b7c4c4590bdd95534e9e8074b37-src/DragonBones/src/dragonBones/factory/../parser/JSONDataParser.h:5:
C/C++: /home/user/Doubao/chats/38441059405347074/Operit-1.12.1/avator/dragonbones/.cxx/operit_deps/dragonbones_cpp-f696143045e07b7c4c4590bdd95534e9e8074b37-src/3rdParty/rapidjson/document.h:110:18: warning: 'iterator<std::random_access_iterator_tag, rapidjson::GenericMember<rapidjson::UTF8<>, rapidjson::MemoryPoolAllocator<>>>' is deprecated [-Wdeprecated-declarations]
C/C++:   110 |     typedef std::iterator<std::random_access_iterator_tag,ValueType> BaseType;
C/C++:       |                  ^
C/C++: /home/user/Android/ndk/27.0.12077973/toolchains/llvm/prebuilt/linux-x86_64/sysroot/usr/include/c++/v1/__iterator/iterator.h:23:29: note: 'iterator<std::random_access_iterator_tag, rapidjson::GenericMember<rapidjson::UTF8<>, rapidjson::MemoryPoolAllocator<>>>' has been explicitly marked deprecated here
C/C++:    23 | struct _LIBCPP_TEMPLATE_VIS _LIBCPP_DEPRECATED_IN_CXX17 iterator {
C/C++:       |                             ^
C/C++: /home/user/Android/ndk/27.0.12077973/toolchains/llvm/prebuilt/linux-x86_64/sysroot/usr/include/c++/v1/__config:942:41: note: expanded from macro '_LIBCPP_DEPRECATED_IN_CXX17'
C/C++:   942 | #    define _LIBCPP_DEPRECATED_IN_CXX17 _LIBCPP_DEPRECATED
C/C++:       |                                         ^
C/C++: /home/user/Android/ndk/27.0.12077973/toolchains/llvm/prebuilt/linux-x86_64/sysroot/usr/include/c++/v1/__config:915:49: note: expanded from macro '_LIBCPP_DEPRECATED'
C/C++:   915 | #      define _LIBCPP_DEPRECATED __attribute__((__deprecated__))
C/C++:       |                                                 ^
C/C++: In file included from /home/user/Doubao/chats/38441059405347074/Operit-1.12.1/avator/dragonbones/cpp/opengl/OpenGLSlot.cpp:4:
C/C++: In file included from /home/user/Doubao/chats/38441059405347074/Operit-1.12.1/avator/dragonbones/cpp/opengl/OpenGLFactory.h:4:
C/C++: In file included from /home/user/Doubao/chats/38441059405347074/Operit-1.12.1/avator/dragonbones/.cxx/operit_deps/dragonbones_cpp-f696143045e07b7c4c4590bdd95534e9e8074b37-src/DragonBones/src/dragonBones/factory/BaseFactory.h:26:
C/C++: In file included from /home/user/Doubao/chats/38441059405347074/Operit-1.12.1/avator/dragonbones/.cxx/operit_deps/dragonbones_cpp-f696143045e07b7c4c4590bdd95534e9e8074b37-src/DragonBones/src/dragonBones/factory/../parser/JSONDataParser.h:5:
C/C++: /home/user/Doubao/chats/38441059405347074/Operit-1.12.1/avator/dragonbones/.cxx/operit_deps/dragonbones_cpp-f696143045e07b7c4c4590bdd95534e9e8074b37-src/3rdParty/rapidjson/document.h:102:19: warning: 'iterator<std::random_access_iterator_tag, const rapidjson::GenericMember<rapidjson::UTF8<>, rapidjson::MemoryPoolAllocator<>>>' is deprecated [-Wdeprecated-declarations]
C/C++:   102 |     : public std::iterator<std::random_access_iterator_tag
C/C++:       |                   ^
C/C++: /home/user/Doubao/chats/38441059405347074/Operit-1.12.1/avator/dragonbones/.cxx/operit_deps/dragonbones_cpp-f696143045e07b7c4c4590bdd95534e9e8074b37-src/3rdParty/rapidjson/document.h:549:22: note: in instantiation of template class 'rapidjson::GenericMemberIterator<true, rapidjson::UTF8<>, rapidjson::MemoryPoolAllocator<>>' requested here
C/C++:   549 |     typedef typename GenericMemberIterator<true,Encoding,Allocator>::Iterator ConstMemberIterator;  //!< Constant member iterator for iterating in object.
C/C++:       |                      ^
C/C++: /home/user/Doubao/chats/38441059405347074/Operit-1.12.1/avator/dragonbones/.cxx/operit_deps/dragonbones_cpp-f696143045e07b7c4c4590bdd95534e9e8074b37-src/DragonBones/src/dragonBones/factory/../parser/JSONDataParser.h:28:20: note: in instantiation of template class 'rapidjson::GenericValue<rapidjson::UTF8<>>' requested here
C/C++:    28 |         if (rawData.HasMember(key))
C/C++:       |                    ^
C/C++: /home/user/Android/ndk/27.0.12077973/toolchains/llvm/prebuilt/linux-x86_64/sysroot/usr/include/c++/v1/__iterator/iterator.h:23:29: note: 'iterator<std::random_access_iterator_tag, const rapidjson::GenericMember<rapidjson::UTF8<>, rapidjson::MemoryPoolAllocator<>>>' has been explicitly marked deprecated here
C/C++:    23 | struct _LIBCPP_TEMPLATE_VIS _LIBCPP_DEPRECATED_IN_CXX17 iterator {
C/C++:       |                             ^
C/C++: /home/user/Android/ndk/27.0.12077973/toolchains/llvm/prebuilt/linux-x86_64/sysroot/usr/include/c++/v1/__config:942:41: note: expanded from macro '_LIBCPP_DEPRECATED_IN_CXX17'
C/C++:   942 | #    define _LIBCPP_DEPRECATED_IN_CXX17 _LIBCPP_DEPRECATED
C/C++:       |                                         ^
C/C++: /home/user/Android/ndk/27.0.12077973/toolchains/llvm/prebuilt/linux-x86_64/sysroot/usr/include/c++/v1/__config:915:49: note: expanded from macro '_LIBCPP_DEPRECATED'
C/C++:   915 | #      define _LIBCPP_DEPRECATED __attribute__((__deprecated__))
C/C++:       |                                                 ^
C/C++: In file included from /home/user/Doubao/chats/38441059405347074/Operit-1.12.1/avator/dragonbones/cpp/opengl/OpenGLSlot.cpp:4:
C/C++: In file included from /home/user/Doubao/chats/38441059405347074/Operit-1.12.1/avator/dragonbones/cpp/opengl/OpenGLFactory.h:4:
C/C++: In file included from /home/user/Doubao/chats/38441059405347074/Operit-1.12.1/avator/dragonbones/.cxx/operit_deps/dragonbones_cpp-f696143045e07b7c4c4590bdd95534e9e8074b37-src/DragonBones/src/dragonBones/factory/BaseFactory.h:26:
C/C++: In file included from /home/user/Doubao/chats/38441059405347074/Operit-1.12.1/avator/dragonbones/.cxx/operit_deps/dragonbones_cpp-f696143045e07b7c4c4590bdd95534e9e8074b37-src/DragonBones/src/dragonBones/factory/../parser/JSONDataParser.h:5:
C/C++: /home/user/Doubao/chats/38441059405347074/Operit-1.12.1/avator/dragonbones/.cxx/operit_deps/dragonbones_cpp-f696143045e07b7c4c4590bdd95534e9e8074b37-src/3rdParty/rapidjson/document.h:110:18: warning: 'iterator<std::random_access_iterator_tag, const rapidjson::GenericMember<rapidjson::UTF8<>, rapidjson::MemoryPoolAllocator<>>>' is deprecated [-Wdeprecated-declarations]
C/C++:   110 |     typedef std::iterator<std::random_access_iterator_tag,ValueType> BaseType;
C/C++:       |                  ^
C/C++: /home/user/Android/ndk/27.0.12077973/toolchains/llvm/prebuilt/linux-x86_64/sysroot/usr/include/c++/v1/__iterator/iterator.h:23:29: note: 'iterator<std::random_access_iterator_tag, const rapidjson::GenericMember<rapidjson::UTF8<>, rapidjson::MemoryPoolAllocator<>>>' has been explicitly marked deprecated here
C/C++:    23 | struct _LIBCPP_TEMPLATE_VIS _LIBCPP_DEPRECATED_IN_CXX17 iterator {
C/C++:       |                             ^
C/C++: /home/user/Android/ndk/27.0.12077973/toolchains/llvm/prebuilt/linux-x86_64/sysroot/usr/include/c++/v1/__config:942:41: note: expanded from macro '_LIBCPP_DEPRECATED_IN_CXX17'
C/C++:   942 | #    define _LIBCPP_DEPRECATED_IN_CXX17 _LIBCPP_DEPRECATED
C/C++:       |                                         ^
C/C++: /home/user/Android/ndk/27.0.12077973/toolchains/llvm/prebuilt/linux-x86_64/sysroot/usr/include/c++/v1/__config:915:49: note: expanded from macro '_LIBCPP_DEPRECATED'
C/C++:   915 | #      define _LIBCPP_DEPRECATED __attribute__((__deprecated__))
C/C++:       |                                                 ^
C/C++: 4 warnings generated.
C/C++: In file included from /home/user/Doubao/chats/38441059405347074/Operit-1.12.1/avator/dragonbones/cpp/opengl/OpenGLFactory.cpp:1:
C/C++: In file included from /home/user/Doubao/chats/38441059405347074/Operit-1.12.1/avator/dragonbones/cpp/opengl/OpenGLFactory.h:4:
C/C++: In file included from /home/user/Doubao/chats/38441059405347074/Operit-1.12.1/avator/dragonbones/.cxx/operit_deps/dragonbones_cpp-f696143045e07b7c4c4590bdd95534e9e8074b37-src/DragonBones/src/dragonBones/factory/BaseFactory.h:26:
C/C++: In file included from /home/user/Doubao/chats/38441059405347074/Operit-1.12.1/avator/dragonbones/.cxx/operit_deps/dragonbones_cpp-f696143045e07b7c4c4590bdd95534e9e8074b37-src/DragonBones/src/dragonBones/factory/../parser/JSONDataParser.h:5:
C/C++: /home/user/Doubao/chats/38441059405347074/Operit-1.12.1/avator/dragonbones/.cxx/operit_deps/dragonbones_cpp-f696143045e07b7c4c4590bdd95534e9e8074b37-src/3rdParty/rapidjson/document.h:102:19: warning: 'iterator<std::random_access_iterator_tag, rapidjson::GenericMember<rapidjson::UTF8<>, rapidjson::MemoryPoolAllocator<>>>' is deprecated [-Wdeprecated-declarations]
C/C++:   102 |     : public std::iterator<std::random_access_iterator_tag
C/C++:       |                   ^
C/C++: /home/user/Doubao/chats/38441059405347074/Operit-1.12.1/avator/dragonbones/.cxx/operit_deps/dragonbones_cpp-f696143045e07b7c4c4590bdd95534e9e8074b37-src/3rdParty/rapidjson/document.h:548:22: note: in instantiation of template class 'rapidjson::GenericMemberIterator<false, rapidjson::UTF8<>, rapidjson::MemoryPoolAllocator<>>' requested here
C/C++:   548 |     typedef typename GenericMemberIterator<false,Encoding,Allocator>::Iterator MemberIterator;  //!< Member iterator for iterating in object.
C/C++:       |                      ^
C/C++: /home/user/Doubao/chats/38441059405347074/Operit-1.12.1/avator/dragonbones/.cxx/operit_deps/dragonbones_cpp-f696143045e07b7c4c4590bdd95534e9e8074b37-src/DragonBones/src/dragonBones/factory/../parser/JSONDataParser.h:28:20: note: in instantiation of template class 'rapidjson::GenericValue<rapidjson::UTF8<>>' requested here
C/C++:    28 |         if (rawData.HasMember(key))
C/C++:       |                    ^
C/C++: /home/user/Android/ndk/27.0.12077973/toolchains/llvm/prebuilt/linux-x86_64/sysroot/usr/include/c++/v1/__iterator/iterator.h:23:29: note: 'iterator<std::random_access_iterator_tag, rapidjson::GenericMember<rapidjson::UTF8<>, rapidjson::MemoryPoolAllocator<>>>' has been explicitly marked deprecated here
C/C++:    23 | struct _LIBCPP_TEMPLATE_VIS _LIBCPP_DEPRECATED_IN_CXX17 iterator {
C/C++:       |                             ^
C/C++: /home/user/Android/ndk/27.0.12077973/toolchains/llvm/prebuilt/linux-x86_64/sysroot/usr/include/c++/v1/__config:942:41: note: expanded from macro '_LIBCPP_DEPRECATED_IN_CXX17'
C/C++:   942 | #    define _LIBCPP_DEPRECATED_IN_CXX17 _LIBCPP_DEPRECATED
C/C++:       |                                         ^
C/C++: /home/user/Android/ndk/27.0.12077973/toolchains/llvm/prebuilt/linux-x86_64/sysroot/usr/include/c++/v1/__config:915:49: note: expanded from macro '_LIBCPP_DEPRECATED'
C/C++:   915 | #      define _LIBCPP_DEPRECATED __attribute__((__deprecated__))
C/C++:       |                                                 ^
C/C++: In file included from /home/user/Doubao/chats/38441059405347074/Operit-1.12.1/avator/dragonbones/cpp/opengl/OpenGLFactory.cpp:1:
C/C++: In file included from /home/user/Doubao/chats/38441059405347074/Operit-1.12.1/avator/dragonbones/cpp/opengl/OpenGLFactory.h:4:
C/C++: In file included from /home/user/Doubao/chats/38441059405347074/Operit-1.12.1/avator/dragonbones/.cxx/operit_deps/dragonbones_cpp-f696143045e07b7c4c4590bdd95534e9e8074b37-src/DragonBones/src/dragonBones/factory/BaseFactory.h:26:
C/C++: In file included from /home/user/Doubao/chats/38441059405347074/Operit-1.12.1/avator/dragonbones/.cxx/operit_deps/dragonbones_cpp-f696143045e07b7c4c4590bdd95534e9e8074b37-src/DragonBones/src/dragonBones/factory/../parser/JSONDataParser.h:5:
C/C++: /home/user/Doubao/chats/38441059405347074/Operit-1.12.1/avator/dragonbones/.cxx/operit_deps/dragonbones_cpp-f696143045e07b7c4c4590bdd95534e9e8074b37-src/3rdParty/rapidjson/document.h:110:18: warning: 'iterator<std::random_access_iterator_tag, rapidjson::GenericMember<rapidjson::UTF8<>, rapidjson::MemoryPoolAllocator<>>>' is deprecated [-Wdeprecated-declarations]
C/C++:   110 |     typedef std::iterator<std::random_access_iterator_tag,ValueType> BaseType;
C/C++:       |                  ^
C/C++: /home/user/Android/ndk/27.0.12077973/toolchains/llvm/prebuilt/linux-x86_64/sysroot/usr/include/c++/v1/__iterator/iterator.h:23:29: note: 'iterator<std::random_access_iterator_tag, rapidjson::GenericMember<rapidjson::UTF8<>, rapidjson::MemoryPoolAllocator<>>>' has been explicitly marked deprecated here
C/C++:    23 | struct _LIBCPP_TEMPLATE_VIS _LIBCPP_DEPRECATED_IN_CXX17 iterator {
C/C++:       |                             ^
C/C++: /home/user/Android/ndk/27.0.12077973/toolchains/llvm/prebuilt/linux-x86_64/sysroot/usr/include/c++/v1/__config:942:41: note: expanded from macro '_LIBCPP_DEPRECATED_IN_CXX17'
C/C++:   942 | #    define _LIBCPP_DEPRECATED_IN_CXX17 _LIBCPP_DEPRECATED
C/C++:       |                                         ^
C/C++: /home/user/Android/ndk/27.0.12077973/toolchains/llvm/prebuilt/linux-x86_64/sysroot/usr/include/c++/v1/__config:915:49: note: expanded from macro '_LIBCPP_DEPRECATED'
C/C++:   915 | #      define _LIBCPP_DEPRECATED __attribute__((__deprecated__))
C/C++:       |                                                 ^
C/C++: In file included from /home/user/Doubao/chats/38441059405347074/Operit-1.12.1/avator/dragonbones/cpp/opengl/OpenGLFactory.cpp:1:
C/C++: In file included from /home/user/Doubao/chats/38441059405347074/Operit-1.12.1/avator/dragonbones/cpp/opengl/OpenGLFactory.h:4:
C/C++: In file included from /home/user/Doubao/chats/38441059405347074/Operit-1.12.1/avator/dragonbones/.cxx/operit_deps/dragonbones_cpp-f696143045e07b7c4c4590bdd95534e9e8074b37-src/DragonBones/src/dragonBones/factory/BaseFactory.h:26:
C/C++: In file included from /home/user/Doubao/chats/38441059405347074/Operit-1.12.1/avator/dragonbones/.cxx/operit_deps/dragonbones_cpp-f696143045e07b7c4c4590bdd95534e9e8074b37-src/DragonBones/src/dragonBones/factory/../parser/JSONDataParser.h:5:
C/C++: /home/user/Doubao/chats/38441059405347074/Operit-1.12.1/avator/dragonbones/.cxx/operit_deps/dragonbones_cpp-f696143045e07b7c4c4590bdd95534e9e8074b37-src/3rdParty/rapidjson/document.h:102:19: warning: 'iterator<std::random_access_iterator_tag, const rapidjson::GenericMember<rapidjson::UTF8<>, rapidjson::MemoryPoolAllocator<>>>' is deprecated [-Wdeprecated-declarations]
C/C++:   102 |     : public std::iterator<std::random_access_iterator_tag
C/C++:       |                   ^
C/C++: /home/user/Doubao/chats/38441059405347074/Operit-1.12.1/avator/dragonbones/.cxx/operit_deps/dragonbones_cpp-f696143045e07b7c4c4590bdd95534e9e8074b37-src/3rdParty/rapidjson/document.h:549:22: note: in instantiation of template class 'rapidjson::GenericMemberIterator<true, rapidjson::UTF8<>, rapidjson::MemoryPoolAllocator<>>' requested here
C/C++:   549 |     typedef typename GenericMemberIterator<true,Encoding,Allocator>::Iterator ConstMemberIterator;  //!< Constant member iterator for iterating in object.
C/C++:       |                      ^
C/C++: /home/user/Doubao/chats/38441059405347074/Operit-1.12.1/avator/dragonbones/.cxx/operit_deps/dragonbones_cpp-f696143045e07b7c4c4590bdd95534e9e8074b37-src/DragonBones/src/dragonBones/factory/../parser/JSONDataParser.h:28:20: note: in instantiation of template class 'rapidjson::GenericValue<rapidjson::UTF8<>>' requested here
C/C++:    28 |         if (rawData.HasMember(key))
C/C++:       |                    ^
C/C++: /home/user/Android/ndk/27.0.12077973/toolchains/llvm/prebuilt/linux-x86_64/sysroot/usr/include/c++/v1/__iterator/iterator.h:23:29: note: 'iterator<std::random_access_iterator_tag, const rapidjson::GenericMember<rapidjson::UTF8<>, rapidjson::MemoryPoolAllocator<>>>' has been explicitly marked deprecated here
C/C++:    23 | struct _LIBCPP_TEMPLATE_VIS _LIBCPP_DEPRECATED_IN_CXX17 iterator {
C/C++:       |                             ^
C/C++: /home/user/Android/ndk/27.0.12077973/toolchains/llvm/prebuilt/linux-x86_64/sysroot/usr/include/c++/v1/__config:942:41: note: expanded from macro '_LIBCPP_DEPRECATED_IN_CXX17'
C/C++:   942 | #    define _LIBCPP_DEPRECATED_IN_CXX17 _LIBCPP_DEPRECATED
C/C++:       |                                         ^
C/C++: /home/user/Android/ndk/27.0.12077973/toolchains/llvm/prebuilt/linux-x86_64/sysroot/usr/include/c++/v1/__config:915:49: note: expanded from macro '_LIBCPP_DEPRECATED'
C/C++:   915 | #      define _LIBCPP_DEPRECATED __attribute__((__deprecated__))
C/C++:       |                                                 ^
C/C++: In file included from /home/user/Doubao/chats/38441059405347074/Operit-1.12.1/avator/dragonbones/cpp/opengl/OpenGLFactory.cpp:1:
C/C++: In file included from /home/user/Doubao/chats/38441059405347074/Operit-1.12.1/avator/dragonbones/cpp/opengl/OpenGLFactory.h:4:
C/C++: In file included from /home/user/Doubao/chats/38441059405347074/Operit-1.12.1/avator/dragonbones/.cxx/operit_deps/dragonbones_cpp-f696143045e07b7c4c4590bdd95534e9e8074b37-src/DragonBones/src/dragonBones/factory/BaseFactory.h:26:
C/C++: In file included from /home/user/Doubao/chats/38441059405347074/Operit-1.12.1/avator/dragonbones/.cxx/operit_deps/dragonbones_cpp-f696143045e07b7c4c4590bdd95534e9e8074b37-src/DragonBones/src/dragonBones/factory/../parser/JSONDataParser.h:5:
C/C++: /home/user/Doubao/chats/38441059405347074/Operit-1.12.1/avator/dragonbones/.cxx/operit_deps/dragonbones_cpp-f696143045e07b7c4c4590bdd95534e9e8074b37-src/3rdParty/rapidjson/document.h:110:18: warning: 'iterator<std::random_access_iterator_tag, const rapidjson::GenericMember<rapidjson::UTF8<>, rapidjson::MemoryPoolAllocator<>>>' is deprecated [-Wdeprecated-declarations]
C/C++:   110 |     typedef std::iterator<std::random_access_iterator_tag,ValueType> BaseType;
C/C++:       |                  ^
C/C++: /home/user/Android/ndk/27.0.12077973/toolchains/llvm/prebuilt/linux-x86_64/sysroot/usr/include/c++/v1/__iterator/iterator.h:23:29: note: 'iterator<std::random_access_iterator_tag, const rapidjson::GenericMember<rapidjson::UTF8<>, rapidjson::MemoryPoolAllocator<>>>' has been explicitly marked deprecated here
C/C++:    23 | struct _LIBCPP_TEMPLATE_VIS _LIBCPP_DEPRECATED_IN_CXX17 iterator {
C/C++:       |                             ^
C/C++: /home/user/Android/ndk/27.0.12077973/toolchains/llvm/prebuilt/linux-x86_64/sysroot/usr/include/c++/v1/__config:942:41: note: expanded from macro '_LIBCPP_DEPRECATED_IN_CXX17'
C/C++:   942 | #    define _LIBCPP_DEPRECATED_IN_CXX17 _LIBCPP_DEPRECATED
C/C++:       |                                         ^
C/C++: /home/user/Android/ndk/27.0.12077973/toolchains/llvm/prebuilt/linux-x86_64/sysroot/usr/include/c++/v1/__config:915:49: note: expanded from macro '_LIBCPP_DEPRECATED'
C/C++:   915 | #      define _LIBCPP_DEPRECATED __attribute__((__deprecated__))
C/C++:       |                                                 ^
C/C++: 4 warnings generated.

> Task :app:buildCMakeRelWithDebInfo[arm64-v8a]
C/C++: /home/user/Doubao/chats/38441059405347074/Operit-1.12.1/app/src/main/cpp/.cxx/operit_deps/ncnn-c0abf4830d8f8637efa5d34fce3985ba3d8642bd-src/src/layer/relu.cpp:21:63: warning: unused parameter 'opt' [-Wunused-parameter]
C/C++:    21 | int ReLU::forward_inplace(Mat& bottom_top_blob, const Option& opt) const
C/C++:       |                                                               ^
C/C++: 1 warning generated.
C/C++: /home/user/Doubao/chats/38441059405347074/Operit-1.12.1/app/src/main/cpp/.cxx/operit_deps/ncnn-c0abf4830d8f8637efa5d34fce3985ba3d8642bd-src/src/layer/arm/relu_arm.cpp:253:73: warning: unused parameter 'opt' [-Wunused-parameter]
C/C++:   253 | int ReLU_arm::forward_inplace_bf16s(Mat& bottom_top_blob, const Option& opt) const
C/C++:       |                                                                         ^
C/C++: /home/user/Doubao/chats/38441059405347074/Operit-1.12.1/app/src/main/cpp/.cxx/operit_deps/ncnn-c0abf4830d8f8637efa5d34fce3985ba3d8642bd-src/src/layer/arm/relu_arm.cpp:503:72: warning: unused parameter 'opt' [-Wunused-parameter]
C/C++:   503 | int ReLU_arm::forward_inplace_int8(Mat& bottom_top_blob, const Option& opt) const
C/C++:       |                                                                        ^
C/C++: 2 warnings generated.
C/C++: /home/user/Doubao/chats/38441059405347074/Operit-1.12.1/app/src/main/cpp/.cxx/operit_deps/ncnn-c0abf4830d8f8637efa5d34fce3985ba3d8642bd-src/src/layer/arm/relu_arm_asimdhp.cpp:14:73: warning: unused parameter 'opt' [-Wunused-parameter]
C/C++:    14 | int ReLU_arm::forward_inplace_fp16s(Mat& bottom_top_blob, const Option& opt) const
C/C++:       |                                                                         ^
C/C++: 1 warning generated.
C/C++: /home/user/Doubao/chats/38441059405347074/Operit-1.12.1/app/src/main/cpp/.cxx/operit_deps/ncnn-c0abf4830d8f8637efa5d34fce3985ba3d8642bd-src/src/layer/reshape.cpp:405:48: warning: unused parameter 'opt' [-Wunused-parameter]
C/C++:   405 |                                  const Option& opt) const
C/C++:       |                                                ^
C/C++: 1 warning generated.
C/C++: /home/user/Doubao/chats/38441059405347074/Operit-1.12.1/app/src/main/cpp/.cxx/operit_deps/ncnn-c0abf4830d8f8637efa5d34fce3985ba3d8642bd-src/src/layer/sigmoid.cpp:14:66: warning: unused parameter 'opt' [-Wunused-parameter]
C/C++:    14 | int Sigmoid::forward_inplace(Mat& bottom_top_blob, const Option& opt) const
C/C++:       |                                                                  ^
C/C++: 1 warning generated.
C/C++: /home/user/Doubao/chats/38441059405347074/Operit-1.12.1/app/src/main/cpp/.cxx/operit_deps/ncnn-c0abf4830d8f8637efa5d34fce3985ba3d8642bd-src/src/layer/arm/sigmoid_arm.cpp:112:76: warning: unused parameter 'opt' [-Wunused-parameter]
C/C++:   112 | int Sigmoid_arm::forward_inplace_bf16s(Mat& bottom_top_blob, const Option& opt) const
C/C++:       |                                                                            ^
C/C++: 1 warning generated.
C/C++: /home/user/Doubao/chats/38441059405347074/Operit-1.12.1/app/src/main/cpp/.cxx/operit_deps/ncnn-c0abf4830d8f8637efa5d34fce3985ba3d8642bd-src/src/layer/arm/sigmoid_arm_asimdhp.cpp:18:76: warning: unused parameter 'opt' [-Wunused-parameter]
C/C++:    18 | int Sigmoid_arm::forward_inplace_fp16s(Mat& bottom_top_blob, const Option& opt) const
C/C++:       |                                                                            ^
C/C++: /home/user/Doubao/chats/38441059405347074/Operit-1.12.1/app/src/main/cpp/.cxx/operit_deps/ncnn-c0abf4830d8f8637efa5d34fce3985ba3d8642bd-src/src/layer/arm/sigmoid_arm_asimdhp.cpp:82:77: warning: unused parameter 'opt' [-Wunused-parameter]
C/C++:    82 | int Sigmoid_arm::forward_inplace_fp16sa(Mat& bottom_top_blob, const Option& opt) const
C/C++:       |                                                                             ^
C/C++: 2 warnings generated.
C/C++: /home/user/Doubao/chats/38441059405347074/Operit-1.12.1/app/src/main/cpp/.cxx/operit_deps/ncnn-c0abf4830d8f8637efa5d34fce3985ba3d8642bd-src/src/layer/softmax.cpp:102:66: warning: unused parameter 'opt' [-Wunused-parameter]
C/C++:   102 | int Softmax::forward_inplace(Mat& bottom_top_blob, const Option& opt) const
C/C++:       |                                                                  ^
C/C++: 1 warning generated.

> Task :dragonbones:mergeReleaseJniLibFolders
> Task :dragonbones:mergeReleaseNativeLibs
> Task :dragonbones:copyReleaseJniLibsProjectOnly
> Task :fbx:preBuild UP-TO-DATE
> Task :fbx:preReleaseBuild UP-TO-DATE
> Task :fbx:configureCMakeRelWithDebInfo[arm64-v8a]
> Task :fbx:buildCMakeRelWithDebInfo[arm64-v8a]
> Task :fbx:mergeReleaseJniLibFolders
> Task :fbx:mergeReleaseNativeLibs
> Task :fbx:copyReleaseJniLibsProjectOnly
> Task :llama:preBuild UP-TO-DATE
> Task :llama:preReleaseBuild UP-TO-DATE
> Task :llama:configureCMakeRelWithDebInfo[arm64-v8a]

> Task :app:buildCMakeRelWithDebInfo[arm64-v8a]
C/C++: /home/user/Doubao/chats/38441059405347074/Operit-1.12.1/app/src/main/cpp/.cxx/operit_deps/ncnn-c0abf4830d8f8637efa5d34fce3985ba3d8642bd-src/src/layer/tanh.cpp:14:63: warning: unused parameter 'opt' [-Wunused-parameter]
C/C++:    14 | int TanH::forward_inplace(Mat& bottom_top_blob, const Option& opt) const
C/C++:       |                                                               ^
C/C++: 1 warning generated.
C/C++: /home/user/Doubao/chats/38441059405347074/Operit-1.12.1/app/src/main/cpp/.cxx/operit_deps/ncnn-c0abf4830d8f8637efa5d34fce3985ba3d8642bd-src/src/layer/arm/tanh_arm.cpp:109:73: warning: unused parameter 'opt' [-Wunused-parameter]
C/C++:   109 | int TanH_arm::forward_inplace_bf16s(Mat& bottom_top_blob, const Option& opt) const
C/C++:       |                                                                         ^
C/C++: 1 warning generated.
C/C++: /home/user/Doubao/chats/38441059405347074/Operit-1.12.1/app/src/main/cpp/.cxx/operit_deps/ncnn-c0abf4830d8f8637efa5d34fce3985ba3d8642bd-src/src/layer/arm/tanh_arm_asimdhp.cpp:18:73: warning: unused parameter 'opt' [-Wunused-parameter]
C/C++:    18 | int TanH_arm::forward_inplace_fp16s(Mat& bottom_top_blob, const Option& opt) const
C/C++:       |                                                                         ^
C/C++: /home/user/Doubao/chats/38441059405347074/Operit-1.12.1/app/src/main/cpp/.cxx/operit_deps/ncnn-c0abf4830d8f8637efa5d34fce3985ba3d8642bd-src/src/layer/arm/tanh_arm_asimdhp.cpp:73:74: warning: unused parameter 'opt' [-Wunused-parameter]
C/C++:    73 | int TanH_arm::forward_inplace_fp16sa(Mat& bottom_top_blob, const Option& opt) const
C/C++:       |                                                                          ^
C/C++: 2 warnings generated.
C/C++: In file included from /home/user/Doubao/chats/38441059405347074/Operit-1.12.1/app/src/main/cpp/.cxx/operit_deps/ncnn-c0abf4830d8f8637efa5d34fce3985ba3d8642bd-src/src/layer/arm/rnn_arm_vfpv4.cpp:12:
C/C++: /home/user/Doubao/chats/38441059405347074/Operit-1.12.1/app/src/main/cpp/.cxx/operit_deps/ncnn-c0abf4830d8f8637efa5d34fce3985ba3d8642bd-src/src/layer/arm/rnn_int8.h:223:122: warning: unused parameter 'opt' [-Wunused-parameter]
C/C++:   223 | static void rnn_int8_gate_output(const Mat& gates, Mat& hidden_state, Mat& top_blob, int ti, int elemtype, const Option& opt)
C/C++:       |                                                                                                                          ^
C/C++: 1 warning generated.
C/C++: In file included from /home/user/Doubao/chats/38441059405347074/Operit-1.12.1/app/src/main/cpp/.cxx/operit_deps/ncnn-c0abf4830d8f8637efa5d34fce3985ba3d8642bd-src/src/layer/arm/rnn_arm.cpp:18:
C/C++: /home/user/Doubao/chats/38441059405347074/Operit-1.12.1/app/src/main/cpp/.cxx/operit_deps/ncnn-c0abf4830d8f8637efa5d34fce3985ba3d8642bd-src/src/layer/arm/rnn_int8.h:223:122: warning: unused parameter 'opt' [-Wunused-parameter]
C/C++:   223 | static void rnn_int8_gate_output(const Mat& gates, Mat& hidden_state, Mat& top_blob, int ti, int elemtype, const Option& opt)
C/C++:       |                                                                                                                          ^
C/C++: 1 warning generated.
C/C++: In file included from /home/user/Doubao/chats/38441059405347074/Operit-1.12.1/app/src/main/cpp/.cxx/operit_deps/ncnn-c0abf4830d8f8637efa5d34fce3985ba3d8642bd-src/src/layer/arm/rnn_arm_asimddp.cpp:12:
C/C++: /home/user/Doubao/chats/38441059405347074/Operit-1.12.1/app/src/main/cpp/.cxx/operit_deps/ncnn-c0abf4830d8f8637efa5d34fce3985ba3d8642bd-src/src/layer/arm/rnn_int8.h:13:302: warning: unused parameter 'opt' [-Wunused-parameter]
C/C++:    13 | static void rnn_transform_weight_int8(const Mat& weight_xc, const Mat& weight_xc_int8_scales, const Mat& weight_hc, const Mat& weight_hc_int8_scales, const Mat& bias_c, Mat& weight_data_tm, Mat& weight_data_tm_int8_descales, Mat& bias_c_tm, int size, int num_output, int num_directions, const Option& opt)
C/C++:       |                                                                                                                                                                                                                                                                                                              ^
C/C++: /home/user/Doubao/chats/38441059405347074/Operit-1.12.1/app/src/main/cpp/.cxx/operit_deps/ncnn-c0abf4830d8f8637efa5d34fce3985ba3d8642bd-src/src/layer/arm/rnn_int8.h:223:122: warning: unused parameter 'opt' [-Wunused-parameter]
C/C++:   223 | static void rnn_int8_gate_output(const Mat& gates, Mat& hidden_state, Mat& top_blob, int ti, int elemtype, const Option& opt)
C/C++:       |                                                                                                                          ^
C/C++: 2 warnings generated.
C/C++: In file included from /home/user/Doubao/chats/38441059405347074/Operit-1.12.1/app/src/main/cpp/.cxx/operit_deps/ncnn-c0abf4830d8f8637efa5d34fce3985ba3d8642bd-src/src/layer/arm/lstm_arm.cpp:17:
C/C++: /home/user/Doubao/chats/38441059405347074/Operit-1.12.1/app/src/main/cpp/.cxx/operit_deps/ncnn-c0abf4830d8f8637efa5d34fce3985ba3d8642bd-src/src/layer/arm/lstm_int8.h:192:185: warning: unused parameter 'opt' [-Wunused-parameter]
C/C++:   192 | static void lstm_int8_gate_output(const Mat& gates, const Mat& weight_hr, Mat& hidden_state, Mat& tmp_hidden_state, Mat& cell_state, Mat& top_blob, int ti, int elemtype, const Option& opt)
C/C++:       |                                                                                                                                                                                         ^
C/C++: 1 warning generated.
C/C++: In file included from /home/user/Doubao/chats/38441059405347074/Operit-1.12.1/app/src/main/cpp/.cxx/operit_deps/ncnn-c0abf4830d8f8637efa5d34fce3985ba3d8642bd-src/src/layer/arm/lstm_arm_vfpv4.cpp:12:
C/C++: /home/user/Doubao/chats/38441059405347074/Operit-1.12.1/app/src/main/cpp/.cxx/operit_deps/ncnn-c0abf4830d8f8637efa5d34fce3985ba3d8642bd-src/src/layer/arm/lstm_int8.h:192:185: warning: unused parameter 'opt' [-Wunused-parameter]
C/C++:   192 | static void lstm_int8_gate_output(const Mat& gates, const Mat& weight_hr, Mat& hidden_state, Mat& tmp_hidden_state, Mat& cell_state, Mat& top_blob, int ti, int elemtype, const Option& opt)
C/C++:       |                                                                                                                                                                                         ^
C/C++: 1 warning generated.
C/C++: In file included from /home/user/Doubao/chats/38441059405347074/Operit-1.12.1/app/src/main/cpp/.cxx/operit_deps/ncnn-c0abf4830d8f8637efa5d34fce3985ba3d8642bd-src/src/layer/arm/lstm_arm_asimddp.cpp:12:
C/C++: /home/user/Doubao/chats/38441059405347074/Operit-1.12.1/app/src/main/cpp/.cxx/operit_deps/ncnn-c0abf4830d8f8637efa5d34fce3985ba3d8642bd-src/src/layer/arm/lstm_int8.h:13:320: warning: unused parameter 'opt' [-Wunused-parameter]
C/C++:    13 | static void lstm_transform_weight_int8(const Mat& weight_xc, const Mat& weight_xc_int8_scales, const Mat& weight_hc, const Mat& weight_hc_int8_scales, const Mat& bias_c, Mat& weight_data_tm, Mat& weight_data_tm_int8_descales, Mat& bias_c_tm, int size, int num_output, int num_directions, int hidden_size, const Option& opt)
C/C++:       |                                                                                                                                                                                                                                                                                                                                ^
C/C++: /home/user/Doubao/chats/38441059405347074/Operit-1.12.1/app/src/main/cpp/.cxx/operit_deps/ncnn-c0abf4830d8f8637efa5d34fce3985ba3d8642bd-src/src/layer/arm/lstm_int8.h:192:185: warning: unused parameter 'opt' [-Wunused-parameter]
C/C++:   192 | static void lstm_int8_gate_output(const Mat& gates, const Mat& weight_hr, Mat& hidden_state, Mat& tmp_hidden_state, Mat& cell_state, Mat& top_blob, int ti, int elemtype, const Option& opt)
C/C++:       |                                                                                                                                                                                         ^
C/C++: 2 warnings generated.
C/C++: /home/user/Doubao/chats/38441059405347074/Operit-1.12.1/app/src/main/cpp/.cxx/operit_deps/ncnn-c0abf4830d8f8637efa5d34fce3985ba3d8642bd-src/src/layer/binaryop.cpp:33:83: warning: unused parameter 'opt' [-Wunused-parameter]
C/C++:    33 | static void binary_op_broadcast(const Mat& a, const Mat& b, Mat& c, const Option& opt)
C/C++:       |                                                                                   ^
C/C++: /home/user/Doubao/chats/38441059405347074/Operit-1.12.1/app/src/main/cpp/.cxx/operit_deps/ncnn-c0abf4830d8f8637efa5d34fce3985ba3d8642bd-src/src/layer/binaryop.cpp:114:69: warning: unused parameter 'opt' [-Wunused-parameter]
C/C++:   114 | static void binary_op_scalar_inplace(Mat& a, float b, const Option& opt)
C/C++:       |                                                                     ^
C/C++: 2 warnings generated.
C/C++: /home/user/Doubao/chats/38441059405347074/Operit-1.12.1/app/src/main/cpp/.cxx/operit_deps/ncnn-c0abf4830d8f8637efa5d34fce3985ba3d8642bd-src/src/layer/arm/binaryop_arm.cpp:318:88: warning: unused parameter 'opt' [-Wunused-parameter]
C/C++:   318 | static void binary_op_scalar(const Mat& a, float b, Mat& c, int op_type, const Option& opt)
C/C++:       |                                                                                        ^
C/C++: /home/user/Doubao/chats/38441059405347074/Operit-1.12.1/app/src/main/cpp/.cxx/operit_deps/ncnn-c0abf4830d8f8637efa5d34fce3985ba3d8642bd-src/src/layer/arm/binaryop_arm.cpp:333:99: warning: unused parameter 'opt' [-Wunused-parameter]
C/C++:   333 | static void binary_op_no_broadcast(const Mat& a, const Mat& b, Mat& c, int op_type, const Option& opt)
C/C++:       |                                                                                                   ^
C/C++: /home/user/Doubao/chats/38441059405347074/Operit-1.12.1/app/src/main/cpp/.cxx/operit_deps/ncnn-c0abf4830d8f8637efa5d34fce3985ba3d8642bd-src/src/layer/arm/binaryop_arm.cpp:438:82: warning: unused parameter 'opt' [-Wunused-parameter]
C/C++:   438 | static void binary_op_scalar_inplace(Mat& a, float b, int op_type, const Option& opt)
C/C++:       |                                                                                  ^
C/C++: /home/user/Doubao/chats/38441059405347074/Operit-1.12.1/app/src/main/cpp/.cxx/operit_deps/ncnn-c0abf4830d8f8637efa5d34fce3985ba3d8642bd-src/src/layer/arm/binaryop_arm.cpp:932:94: warning: unused parameter 'opt' [-Wunused-parameter]
C/C++:   932 | static void binary_op_scalar_bf16s(const Mat& a, float b, Mat& c, int op_type, const Option& opt)
C/C++:       |                                                                                              ^
C/C++: /home/user/Doubao/chats/38441059405347074/Operit-1.12.1/app/src/main/cpp/.cxx/operit_deps/ncnn-c0abf4830d8f8637efa5d34fce3985ba3d8642bd-src/src/layer/arm/binaryop_arm.cpp:947:105: warning: unused parameter 'opt' [-Wunused-parameter]
C/C++:   947 | static void binary_op_no_broadcast_bf16s(const Mat& a, const Mat& b, Mat& c, int op_type, const Option& opt)
C/C++:       |                                                                                                         ^
C/C++: /home/user/Doubao/chats/38441059405347074/Operit-1.12.1/app/src/main/cpp/.cxx/operit_deps/ncnn-c0abf4830d8f8637efa5d34fce3985ba3d8642bd-src/src/layer/arm/binaryop_arm.cpp:1052:88: warning: unused parameter 'opt' [-Wunused-parameter]
C/C++:  1052 | static void binary_op_scalar_inplace_bf16s(Mat& a, float b, int op_type, const Option& opt)
C/C++:       |                                                                                        ^
C/C++: 6 warnings generated.
C/C++: /home/user/Doubao/chats/38441059405347074/Operit-1.12.1/app/src/main/cpp/.cxx/operit_deps/ncnn-c0abf4830d8f8637efa5d34fce3985ba3d8642bd-src/src/layer/unaryop.cpp:25:51: warning: unused parameter 'opt' [-Wunused-parameter]
C/C++:    25 | static int unary_op_inplace(Mat& a, const Option& opt)
C/C++:       |                                                   ^
C/C++: 1 warning generated.
C/C++: /home/user/Doubao/chats/38441059405347074/Operit-1.12.1/app/src/main/cpp/.cxx/operit_deps/ncnn-c0abf4830d8f8637efa5d34fce3985ba3d8642bd-src/src/layer/arm/binaryop_arm_asimdhp.cpp:443:95: warning: unused parameter 'opt' [-Wunused-parameter]
C/C++:   443 | static void binary_op_scalar_fp16s(const Mat& a, __fp16 b, Mat& c, int op_type, const Option& opt)
C/C++:       |                                                                                               ^
C/C++: /home/user/Doubao/chats/38441059405347074/Operit-1.12.1/app/src/main/cpp/.cxx/operit_deps/ncnn-c0abf4830d8f8637efa5d34fce3985ba3d8642bd-src/src/layer/arm/binaryop_arm_asimdhp.cpp:458:105: warning: unused parameter 'opt' [-Wunused-parameter]
C/C++:   458 | static void binary_op_no_broadcast_fp16s(const Mat& a, const Mat& b, Mat& c, int op_type, const Option& opt)
C/C++:       |                                                                                                         ^
C/C++: /home/user/Doubao/chats/38441059405347074/Operit-1.12.1/app/src/main/cpp/.cxx/operit_deps/ncnn-c0abf4830d8f8637efa5d34fce3985ba3d8642bd-src/src/layer/arm/binaryop_arm_asimdhp.cpp:563:89: warning: unused parameter 'opt' [-Wunused-parameter]
C/C++:   563 | static void binary_op_scalar_inplace_fp16s(Mat& a, __fp16 b, int op_type, const Option& opt)
C/C++:       |                                                                                         ^
C/C++: 3 warnings generated.

> Task :llama:buildCMakeRelWithDebInfo[arm64-v8a]

> Task :app:buildCMakeRelWithDebInfo[arm64-v8a]
C/C++: /home/user/Doubao/chats/38441059405347074/Operit-1.12.1/app/src/main/cpp/.cxx/operit_deps/ncnn-c0abf4830d8f8637efa5d34fce3985ba3d8642bd-src/src/layer/arm/unaryop_arm_asimdhp.cpp:21:57: warning: unused parameter 'opt' [-Wunused-parameter]
C/C++:    21 | static int unary_op_inplace_fp16s(Mat& a, const Option& opt)
C/C++:       |                                                         ^
C/C++: 1 warning generated.
C/C++: /home/user/Doubao/chats/38441059405347074/Operit-1.12.1/app/src/main/cpp/.cxx/operit_deps/ncnn-c0abf4830d8f8637efa5d34fce3985ba3d8642bd-src/src/layer/arm/unaryop_arm.cpp:35:51: warning: unused parameter 'opt' [-Wunused-parameter]
C/C++:    35 | static int unary_op_inplace(Mat& a, const Option& opt)
C/C++:       |                                                   ^
C/C++: /home/user/Doubao/chats/38441059405347074/Operit-1.12.1/app/src/main/cpp/.cxx/operit_deps/ncnn-c0abf4830d8f8637efa5d34fce3985ba3d8642bd-src/src/layer/arm/unaryop_arm.cpp:679:57: warning: unused parameter 'opt' [-Wunused-parameter]
C/C++:   679 | static int unary_op_inplace_bf16s(Mat& a, const Option& opt)
C/C++:       |                                                         ^
C/C++: 2 warnings generated.
C/C++: In file included from /home/user/Doubao/chats/38441059405347074/Operit-1.12.1/app/src/main/cpp/.cxx/operit_deps/ncnn-c0abf4830d8f8637efa5d34fce3985ba3d8642bd-src/src/layer/arm/cast_arm.cpp:16:
C/C++: /home/user/Doubao/chats/38441059405347074/Operit-1.12.1/app/src/main/cpp/.cxx/operit_deps/ncnn-c0abf4830d8f8637efa5d34fce3985ba3d8642bd-src/src/layer/arm/cast_fp16.h:9:89: warning: unused parameter 'opt' [-Wunused-parameter]
C/C++:     9 | static void cast_fp32_to_fp16_neon(const Mat& bottom_blob, Mat& top_blob, const Option& opt)
C/C++:       |                                                                                         ^
C/C++: /home/user/Doubao/chats/38441059405347074/Operit-1.12.1/app/src/main/cpp/.cxx/operit_deps/ncnn-c0abf4830d8f8637efa5d34fce3985ba3d8642bd-src/src/layer/arm/cast_fp16.h:171:89: warning: unused parameter 'opt' [-Wunused-parameter]
C/C++:   171 | static void cast_fp16_to_fp32_neon(const Mat& bottom_blob, Mat& top_blob, const Option& opt)
C/C++:       |                                                                                         ^
C/C++: 2 warnings generated.
C/C++: In file included from /home/user/Doubao/chats/38441059405347074/Operit-1.12.1/app/src/main/cpp/.cxx/operit_deps/ncnn-c0abf4830d8f8637efa5d34fce3985ba3d8642bd-src/src/layer/arm/cast_arm_vfpv4.cpp:9:
C/C++: /home/user/Doubao/chats/38441059405347074/Operit-1.12.1/app/src/main/cpp/.cxx/operit_deps/ncnn-c0abf4830d8f8637efa5d34fce3985ba3d8642bd-src/src/layer/arm/cast_fp16.h:9:89: warning: unused parameter 'opt' [-Wunused-parameter]
C/C++:     9 | static void cast_fp32_to_fp16_neon(const Mat& bottom_blob, Mat& top_blob, const Option& opt)
C/C++:       |                                                                                         ^
C/C++: /home/user/Doubao/chats/38441059405347074/Operit-1.12.1/app/src/main/cpp/.cxx/operit_deps/ncnn-c0abf4830d8f8637efa5d34fce3985ba3d8642bd-src/src/layer/arm/cast_fp16.h:171:89: warning: unused parameter 'opt' [-Wunused-parameter]
C/C++:   171 | static void cast_fp16_to_fp32_neon(const Mat& bottom_blob, Mat& top_blob, const Option& opt)
C/C++:       |                                                                                         ^
C/C++: 2 warnings generated.
C/C++: In file included from /home/user/Doubao/chats/38441059405347074/Operit-1.12.1/app/src/main/cpp/.cxx/operit_deps/ncnn-c0abf4830d8f8637efa5d34fce3985ba3d8642bd-src/src/layer/arm/cast_arm_bf16.cpp:9:
C/C++: /home/user/Doubao/chats/38441059405347074/Operit-1.12.1/app/src/main/cpp/.cxx/operit_deps/ncnn-c0abf4830d8f8637efa5d34fce3985ba3d8642bd-src/src/layer/arm/cast_bf16.h:9:89: warning: unused parameter 'opt' [-Wunused-parameter]
C/C++:     9 | static void cast_fp32_to_bf16_neon(const Mat& bottom_blob, Mat& top_blob, const Option& opt)
C/C++:       |                                                                                         ^
C/C++: /home/user/Doubao/chats/38441059405347074/Operit-1.12.1/app/src/main/cpp/.cxx/operit_deps/ncnn-c0abf4830d8f8637efa5d34fce3985ba3d8642bd-src/src/layer/arm/cast_bf16.h:177:89: warning: unused parameter 'opt' [-Wunused-parameter]
C/C++:   177 | static void cast_bf16_to_fp32_neon(const Mat& bottom_blob, Mat& top_blob, const Option& opt)
C/C++:       |                                                                                         ^
C/C++: 2 warnings generated.
C/C++: /home/user/Doubao/chats/38441059405347074/Operit-1.12.1/app/src/main/cpp/.cxx/operit_deps/ncnn-c0abf4830d8f8637efa5d34fce3985ba3d8642bd-src/src/layer/gemm.cpp:441:166: warning: unused parameter 'opt' [-Wunused-parameter]
C/C++:   441 | static void gemm_transB(const Mat& A, const Mat& BT, const Mat& C, Mat& top_blob, float alpha, float beta, int broadcast_type_C, int output_transpose, const Option& opt)
C/C++:       |                                                                                                                                                                      ^
C/C++: /home/user/Doubao/chats/38441059405347074/Operit-1.12.1/app/src/main/cpp/.cxx/operit_deps/ncnn-c0abf4830d8f8637efa5d34fce3985ba3d8642bd-src/src/layer/gemm.cpp:673:228: warning: unused parameter 'opt' [-Wunused-parameter]
C/C++:   673 | static void gemm_transB_int8(const Mat& A_int8, const Mat& BT_int8, const Mat& A_int8_scales, float BT_int8_scale, const Mat& C, Mat& top_blob, float alpha, float beta, int broadcast_type_C, int output_transpose, const Option& opt)
C/C++:       |                                                                                                                                                                                                                                    ^
C/C++: 2 warnings generated.
C/C++: /home/user/Doubao/chats/38441059405347074/Operit-1.12.1/app/src/main/cpp/.cxx/operit_deps/ncnn-c0abf4830d8f8637efa5d34fce3985ba3d8642bd-src/src/layer/layernorm.cpp:77:68: warning: unused parameter 'opt' [-Wunused-parameter]
C/C++:    77 | int LayerNorm::forward_inplace(Mat& bottom_top_blob, const Option& opt) const
C/C++:       |                                                                    ^
C/C++: 1 warning generated.
C/C++: /home/user/Doubao/chats/38441059405347074/Operit-1.12.1/app/src/main/cpp/.cxx/operit_deps/ncnn-c0abf4830d8f8637efa5d34fce3985ba3d8642bd-src/src/layer/arm/layernorm_arm.cpp:490:78: warning: unused parameter 'opt' [-Wunused-parameter]
C/C++:   490 | int LayerNorm_arm::forward_inplace_bf16s(Mat& bottom_top_blob, const Option& opt) const
C/C++:       |                                                                              ^
C/C++: 1 warning generated.
C/C++: In file included from /home/user/Doubao/chats/38441059405347074/Operit-1.12.1/app/src/main/cpp/.cxx/operit_deps/ncnn-c0abf4830d8f8637efa5d34fce3985ba3d8642bd-src/src/layer/arm/gemm_arm_i8mm.cpp:12:
C/C++: /home/user/Doubao/chats/38441059405347074/Operit-1.12.1/app/src/main/cpp/.cxx/operit_deps/ncnn-c0abf4830d8f8637efa5d34fce3985ba3d8642bd-src/src/layer/arm/gemm_int8.h:9859:102: warning: unused parameter 'i' [-Wunused-parameter]
C/C++:  9859 | static void gemm_transB_packed_tile_int8(const Mat& AT_tile, const Mat& BT_tile, Mat& topT_tile, int i, int max_ii, int j, int max_jj, int k, int max_kk)
C/C++:       |                                                                                                      ^
C/C++: /home/user/Doubao/chats/38441059405347074/Operit-1.12.1/app/src/main/cpp/.cxx/operit_deps/ncnn-c0abf4830d8f8637efa5d34fce3985ba3d8642bd-src/src/layer/arm/gemm_int8.h:9859:121: warning: unused parameter 'j' [-Wunused-parameter]
C/C++:  9859 | static void gemm_transB_packed_tile_int8(const Mat& AT_tile, const Mat& BT_tile, Mat& topT_tile, int i, int max_ii, int j, int max_jj, int k, int max_kk)
C/C++:       |                                                                                                                         ^
C/C++: 2 warnings generated.
C/C++: /home/user/Doubao/chats/38441059405347074/Operit-1.12.1/app/src/main/cpp/.cxx/operit_deps/ncnn-c0abf4830d8f8637efa5d34fce3985ba3d8642bd-src/src/layer/arm/layernorm_arm_asimdhp.cpp:283:78: warning: unused parameter 'opt' [-Wunused-parameter]
C/C++:   283 | int LayerNorm_arm::forward_inplace_fp16s(Mat& bottom_top_blob, const Option& opt) const
C/C++:       |                                                                              ^
C/C++: 1 warning generated.
C/C++: /home/user/Doubao/chats/38441059405347074/Operit-1.12.1/app/src/main/cpp/.cxx/operit_deps/ncnn-c0abf4830d8f8637efa5d34fce3985ba3d8642bd-src/src/layer/gelu.cpp:21:63: warning: unused parameter 'opt' [-Wunused-parameter]
C/C++:    21 | int GELU::forward_inplace(Mat& bottom_top_blob, const Option& opt) const
C/C++:       |                                                               ^
C/C++: 1 warning generated.
C/C++: /home/user/Doubao/chats/38441059405347074/Operit-1.12.1/app/src/main/cpp/.cxx/operit_deps/ncnn-c0abf4830d8f8637efa5d34fce3985ba3d8642bd-src/src/layer/arm/gelu_arm.cpp:116:73: warning: unused parameter 'opt' [-Wunused-parameter]
C/C++:   116 | int GELU_arm::forward_inplace_bf16s(Mat& bottom_top_blob, const Option& opt) const
C/C++:       |                                                                         ^
C/C++: 1 warning generated.
C/C++: /home/user/Doubao/chats/38441059405347074/Operit-1.12.1/app/src/main/cpp/.cxx/operit_deps/ncnn-c0abf4830d8f8637efa5d34fce3985ba3d8642bd-src/src/layer/arm/gelu_arm_asimdhp.cpp:18:73: warning: unused parameter 'opt' [-Wunused-parameter]
C/C++:    18 | int GELU_arm::forward_inplace_fp16s(Mat& bottom_top_blob, const Option& opt) const
C/C++:       |                                                                         ^
C/C++: /home/user/Doubao/chats/38441059405347074/Operit-1.12.1/app/src/main/cpp/.cxx/operit_deps/ncnn-c0abf4830d8f8637efa5d34fce3985ba3d8642bd-src/src/layer/arm/gelu_arm_asimdhp.cpp:83:74: warning: unused parameter 'opt' [-Wunused-parameter]
C/C++:    83 | int GELU_arm::forward_inplace_fp16sa(Mat& bottom_top_blob, const Option& opt) const
C/C++:       |                                                                          ^
C/C++: 2 warnings generated.
C/C++: /home/user/Doubao/chats/38441059405347074/Operit-1.12.1/app/src/main/cpp/.cxx/operit_deps/ncnn-c0abf4830d8f8637efa5d34fce3985ba3d8642bd-src/src/layer/convolution1d.cpp:59:220: warning: unused parameter 'opt' [-Wunused-parameter]
C/C++:    59 | static int convolution1d(const Mat& bottom_blob, Mat& top_blob, const Mat& weight_data, const Mat& bias_data, int kernel_w, int stride_w, int dilation_w, int activation_type, const Mat& activation_params, const Option& opt)
C/C++:       |                                                                                                                                                                                                                            ^
C/C++: 1 warning generated.
C/C++: In file included from /home/user/Doubao/chats/38441059405347074/Operit-1.12.1/app/src/main/cpp/.cxx/operit_deps/ncnn-c0abf4830d8f8637efa5d34fce3985ba3d8642bd-src/src/layer/arm/convolution1d_arm.cpp:18:
C/C++: /home/user/Doubao/chats/38441059405347074/Operit-1.12.1/app/src/main/cpp/.cxx/operit_deps/ncnn-c0abf4830d8f8637efa5d34fce3985ba3d8642bd-src/src/layer/arm/convolution1d_packed.h:494:231: warning: unused parameter 'opt' [-Wunused-parameter]
C/C++:   494 | static void convolution1d_packed(const Mat& bottom_blob, Mat& top_blob, const Mat& weight_data_tm, const Mat& bias_data, int kernel_w, int dilation_w, int stride_w, int activation_type, const Mat& activation_params, const Option& opt)
C/C++:       |                                                                                                                                                                                                                                       ^
C/C++: In file included from /home/user/Doubao/chats/38441059405347074/Operit-1.12.1/app/src/main/cpp/.cxx/operit_deps/ncnn-c0abf4830d8f8637efa5d34fce3985ba3d8642bd-src/src/layer/arm/convolution1d_arm.cpp:20:
C/C++: /home/user/Doubao/chats/38441059405347074/Operit-1.12.1/app/src/main/cpp/.cxx/operit_deps/ncnn-c0abf4830d8f8637efa5d34fce3985ba3d8642bd-src/src/layer/arm/convolution1d_packed_bf16s.h:494:237: warning: unused parameter 'opt' [-Wunused-parameter]
C/C++:   494 | static void convolution1d_packed_bf16s(const Mat& bottom_blob, Mat& top_blob, const Mat& weight_data_tm, const Mat& bias_data, int kernel_w, int dilation_w, int stride_w, int activation_type, const Mat& activation_params, const Option& opt)
C/C++:       |                                                                                                                                                                                                                                             ^
C/C++: 2 warnings generated.
C/C++: In file included from /home/user/Doubao/chats/38441059405347074/Operit-1.12.1/app/src/main/cpp/.cxx/operit_deps/ncnn-c0abf4830d8f8637efa5d34fce3985ba3d8642bd-src/src/layer/arm/convolution1d_arm_asimdhp.cpp:18:
C/C++: /home/user/Doubao/chats/38441059405347074/Operit-1.12.1/app/src/main/cpp/.cxx/operit_deps/ncnn-c0abf4830d8f8637efa5d34fce3985ba3d8642bd-src/src/layer/arm/convolution1d_packed_fp16s.h:443:237: warning: unused parameter 'opt' [-Wunused-parameter]
C/C++:   443 | static void convolution1d_packed_fp16s(const Mat& bottom_blob, Mat& top_blob, const Mat& weight_data_tm, const Mat& bias_data, int kernel_w, int dilation_w, int stride_w, int activation_type, const Mat& activation_params, const Option& opt)
C/C++:       |                                                                                                                                                                                                                                             ^
C/C++: /home/user/Doubao/chats/38441059405347074/Operit-1.12.1/app/src/main/cpp/.cxx/operit_deps/ncnn-c0abf4830d8f8637efa5d34fce3985ba3d8642bd-src/src/layer/arm/convolution1d_packed_fp16s.h:1192:238: warning: unused parameter 'opt' [-Wunused-parameter]
C/C++:  1192 | static void convolution1d_packed_fp16sa(const Mat& bottom_blob, Mat& top_blob, const Mat& weight_data_tm, const Mat& bias_data, int kernel_w, int dilation_w, int stride_w, int activation_type, const Mat& activation_params, const Option& opt)
C/C++:       |                                                                                                                                                                                                                                              ^
C/C++: 2 warnings generated.
C/C++: /home/user/Doubao/chats/38441059405347074/Operit-1.12.1/app/src/main/cpp/.cxx/operit_deps/ncnn-c0abf4830d8f8637efa5d34fce3985ba3d8642bd-src/src/layer/convolutiondepthwise1d.cpp:68:240: warning: unused parameter 'opt' [-Wunused-parameter]
C/C++:    68 | static int convolutiondepthwise1d(const Mat& bottom_blob, Mat& top_blob, const Mat& weight_data, const Mat& bias_data, int kernel_w, int stride_w, int dilation_w, int group, int activation_type, const Mat& activation_params, const Option& opt)
C/C++:       |                                                                                                                                                                                                                                                ^
C/C++: 1 warning generated.
C/C++: /home/user/Doubao/chats/38441059405347074/Operit-1.12.1/app/src/main/cpp/.cxx/operit_deps/ncnn-c0abf4830d8f8637efa5d34fce3985ba3d8642bd-src/src/layer/matmul.cpp:21:60: warning: unused parameter 'opt' [-Wunused-parameter]
C/C++:    21 | static void transpose(const Mat& X, Mat& XT, const Option& opt)
C/C++:       |                                                            ^
C/C++: /home/user/Doubao/chats/38441059405347074/Operit-1.12.1/app/src/main/cpp/.cxx/operit_deps/ncnn-c0abf4830d8f8637efa5d34fce3985ba3d8642bd-src/src/layer/matmul.cpp:40:84: warning: unused parameter 'opt' [-Wunused-parameter]
C/C++:    40 | static void matmul_transb(const Mat& A, const Mat& B, Mat& top_blob, const Option& opt)
C/C++:       |                                                                                    ^
C/C++: 2 warnings generated.
C/C++: /home/user/Doubao/chats/38441059405347074/Operit-1.12.1/app/src/main/cpp/.cxx/operit_deps/ncnn-c0abf4830d8f8637efa5d34fce3985ba3d8642bd-src/src/layer/deconvolution1d.cpp:60:222: warning: unused parameter 'opt' [-Wunused-parameter]
C/C++:    60 | static int deconvolution1d(const Mat& bottom_blob, Mat& top_blob, const Mat& weight_data, const Mat& bias_data, int kernel_w, int stride_w, int dilation_w, int activation_type, const Mat& activation_params, const Option& opt)
C/C++:       |                                                                                                                                                                                                                              ^
C/C++: 1 warning generated.
C/C++: /home/user/Doubao/chats/38441059405347074/Operit-1.12.1/app/src/main/cpp/.cxx/operit_deps/sherpa_ncnn-c61e50d61e9fbed5972afa4d95bc560e168affe2-src/sherpa-ncnn/csrc/recognizer.cc:258:10: warning: 'istrstream' is deprecated [-Wdeprecated-declarations]
C/C++:   258 |     std::istrstream is(p, asset_length);
C/C++:       |          ^
C/C++: /home/user/Android/ndk/27.0.12077973/toolchains/llvm/prebuilt/linux-x86_64/sysroot/usr/include/c++/v1/strstream:229:7: note: 'istrstream' has been explicitly marked deprecated here
C/C++:   229 | class _LIBCPP_DEPRECATED _LIBCPP_EXPORTED_FROM_ABI istrstream : public istream {
C/C++:       |       ^
C/C++: /home/user/Android/ndk/27.0.12077973/toolchains/llvm/prebuilt/linux-x86_64/sysroot/usr/include/c++/v1/__config:915:49: note: expanded from macro '_LIBCPP_DEPRECATED'
C/C++:   915 | #      define _LIBCPP_DEPRECATED __attribute__((__deprecated__))
C/C++:       |                                                 ^
C/C++: 1 warning generated.
C/C++: /home/user/Doubao/chats/38441059405347074/Operit-1.12.1/app/src/main/cpp/.cxx/operit_deps/sherpa_ncnn-c61e50d61e9fbed5972afa4d95bc560e168affe2-src/sherpa-ncnn/csrc/symbol-table.cc:52:8: warning: 'istrstream' is deprecated [-Wdeprecated-declarations]
C/C++:    52 |   std::istrstream is(p, asset_length);
C/C++:       |        ^
C/C++: /home/user/Android/ndk/27.0.12077973/toolchains/llvm/prebuilt/linux-x86_64/sysroot/usr/include/c++/v1/strstream:229:7: note: 'istrstream' has been explicitly marked deprecated here
C/C++:   229 | class _LIBCPP_DEPRECATED _LIBCPP_EXPORTED_FROM_ABI istrstream : public istream {
C/C++:       |       ^
C/C++: /home/user/Android/ndk/27.0.12077973/toolchains/llvm/prebuilt/linux-x86_64/sysroot/usr/include/c++/v1/__config:915:49: note: expanded from macro '_LIBCPP_DEPRECATED'
C/C++:   915 | #      define _LIBCPP_DEPRECATED __attribute__((__deprecated__))
C/C++:       |                                                 ^
C/C++: 1 warning generated.
C/C++: /home/user/Doubao/chats/38441059405347074/Operit-1.12.1/app/src/main/cpp/.cxx/operit_deps/sherpa_ncnn-c61e50d61e9fbed5972afa4d95bc560e168affe2-src/sherpa-ncnn/csrc/text-utils.cc:671:29: warning: 'codecvt_utf8_utf16<wchar_t>' is deprecated [-Wdeprecated-declarations]
C/C++:   671 |   std::wstring_convert<std::codecvt_utf8_utf16<wchar_t>> converter;
C/C++:       |                             ^
C/C++: /home/user/Android/ndk/27.0.12077973/toolchains/llvm/prebuilt/linux-x86_64/sysroot/usr/include/c++/v1/codecvt:569:28: note: 'codecvt_utf8_utf16<wchar_t>' has been explicitly marked deprecated here
C/C++:   569 | class _LIBCPP_TEMPLATE_VIS _LIBCPP_DEPRECATED_IN_CXX17 codecvt_utf8_utf16 : public __codecvt_utf8_utf16<_Elem> {
C/C++:       |                            ^
C/C++: /home/user/Android/ndk/27.0.12077973/toolchains/llvm/prebuilt/linux-x86_64/sysroot/usr/include/c++/v1/__config:942:41: note: expanded from macro '_LIBCPP_DEPRECATED_IN_CXX17'
C/C++:   942 | #    define _LIBCPP_DEPRECATED_IN_CXX17 _LIBCPP_DEPRECATED
C/C++:       |                                         ^
C/C++: /home/user/Android/ndk/27.0.12077973/toolchains/llvm/prebuilt/linux-x86_64/sysroot/usr/include/c++/v1/__config:915:49: note: expanded from macro '_LIBCPP_DEPRECATED'
C/C++:   915 | #      define _LIBCPP_DEPRECATED __attribute__((__deprecated__))
C/C++:       |                                                 ^
C/C++: /home/user/Doubao/chats/38441059405347074/Operit-1.12.1/app/src/main/cpp/.cxx/operit_deps/sherpa_ncnn-c61e50d61e9fbed5972afa4d95bc560e168affe2-src/sherpa-ncnn/csrc/text-utils.cc:671:8: warning: 'wstring_convert<std::codecvt_utf8_utf16<wchar_t>>' is deprecated [-Wdeprecated-declarations]
C/C++:   671 |   std::wstring_convert<std::codecvt_utf8_utf16<wchar_t>> converter;
C/C++:       |        ^
C/C++: /home/user/Android/ndk/27.0.12077973/toolchains/llvm/prebuilt/linux-x86_64/sysroot/usr/include/c++/v1/locale:3114:28: note: 'wstring_convert<std::codecvt_utf8_utf16<wchar_t>>' has been explicitly marked deprecated here
C/C++:  3114 | class _LIBCPP_TEMPLATE_VIS _LIBCPP_DEPRECATED_IN_CXX17 wstring_convert {
C/C++:       |                            ^
C/C++: /home/user/Android/ndk/27.0.12077973/toolchains/llvm/prebuilt/linux-x86_64/sysroot/usr/include/c++/v1/__config:942:41: note: expanded from macro '_LIBCPP_DEPRECATED_IN_CXX17'
C/C++:   942 | #    define _LIBCPP_DEPRECATED_IN_CXX17 _LIBCPP_DEPRECATED
C/C++:       |                                         ^
C/C++: /home/user/Android/ndk/27.0.12077973/toolchains/llvm/prebuilt/linux-x86_64/sysroot/usr/include/c++/v1/__config:915:49: note: expanded from macro '_LIBCPP_DEPRECATED'
C/C++:   915 | #      define _LIBCPP_DEPRECATED __attribute__((__deprecated__))
C/C++:       |                                                 ^
C/C++: /home/user/Doubao/chats/38441059405347074/Operit-1.12.1/app/src/main/cpp/.cxx/operit_deps/sherpa_ncnn-c61e50d61e9fbed5972afa4d95bc560e168affe2-src/sherpa-ncnn/csrc/text-utils.cc:678:29: warning: 'codecvt_utf8_utf16<wchar_t>' is deprecated [-Wdeprecated-declarations]
C/C++:   678 |   std::wstring_convert<std::codecvt_utf8_utf16<wchar_t>> converter;
C/C++:       |                             ^
C/C++: /home/user/Android/ndk/27.0.12077973/toolchains/llvm/prebuilt/linux-x86_64/sysroot/usr/include/c++/v1/codecvt:569:28: note: 'codecvt_utf8_utf16<wchar_t>' has been explicitly marked deprecated here
C/C++:   569 | class _LIBCPP_TEMPLATE_VIS _LIBCPP_DEPRECATED_IN_CXX17 codecvt_utf8_utf16 : public __codecvt_utf8_utf16<_Elem> {
C/C++:       |                            ^
C/C++: /home/user/Android/ndk/27.0.12077973/toolchains/llvm/prebuilt/linux-x86_64/sysroot/usr/include/c++/v1/__config:942:41: note: expanded from macro '_LIBCPP_DEPRECATED_IN_CXX17'
C/C++:   942 | #    define _LIBCPP_DEPRECATED_IN_CXX17 _LIBCPP_DEPRECATED
C/C++:       |                                         ^
C/C++: /home/user/Android/ndk/27.0.12077973/toolchains/llvm/prebuilt/linux-x86_64/sysroot/usr/include/c++/v1/__config:915:49: note: expanded from macro '_LIBCPP_DEPRECATED'
C/C++:   915 | #      define _LIBCPP_DEPRECATED __attribute__((__deprecated__))
C/C++:       |                                                 ^
C/C++: /home/user/Doubao/chats/38441059405347074/Operit-1.12.1/app/src/main/cpp/.cxx/operit_deps/sherpa_ncnn-c61e50d61e9fbed5972afa4d95bc560e168affe2-src/sherpa-ncnn/csrc/text-utils.cc:678:8: warning: 'wstring_convert<std::codecvt_utf8_utf16<wchar_t>>' is deprecated [-Wdeprecated-declarations]
C/C++:   678 |   std::wstring_convert<std::codecvt_utf8_utf16<wchar_t>> converter;
C/C++:       |        ^
C/C++: /home/user/Android/ndk/27.0.12077973/toolchains/llvm/prebuilt/linux-x86_64/sysroot/usr/include/c++/v1/locale:3114:28: note: 'wstring_convert<std::codecvt_utf8_utf16<wchar_t>>' has been explicitly marked deprecated here
C/C++:  3114 | class _LIBCPP_TEMPLATE_VIS _LIBCPP_DEPRECATED_IN_CXX17 wstring_convert {
C/C++:       |                            ^
C/C++: /home/user/Android/ndk/27.0.12077973/toolchains/llvm/prebuilt/linux-x86_64/sysroot/usr/include/c++/v1/__config:942:41: note: expanded from macro '_LIBCPP_DEPRECATED_IN_CXX17'
C/C++:   942 | #    define _LIBCPP_DEPRECATED_IN_CXX17 _LIBCPP_DEPRECATED
C/C++:       |                                         ^
C/C++: /home/user/Android/ndk/27.0.12077973/toolchains/llvm/prebuilt/linux-x86_64/sysroot/usr/include/c++/v1/__config:915:49: note: expanded from macro '_LIBCPP_DEPRECATED'
C/C++:   915 | #      define _LIBCPP_DEPRECATED __attribute__((__deprecated__))
C/C++:       |                                                 ^
C/C++: In file included from /home/user/Doubao/chats/38441059405347074/Operit-1.12.1/app/src/main/cpp/.cxx/operit_deps/sherpa_ncnn-c61e50d61e9fbed5972afa4d95bc560e168affe2-src/sherpa-ncnn/csrc/text-utils.cc:6:
C/C++: In file included from /home/user/Doubao/chats/38441059405347074/Operit-1.12.1/app/src/main/cpp/.cxx/operit_deps/sherpa_ncnn-c61e50d61e9fbed5972afa4d95bc560e168affe2-src/sherpa-ncnn/csrc/text-utils.h:14:
C/C++: In file included from /home/user/Android/ndk/27.0.12077973/toolchains/llvm/prebuilt/linux-x86_64/sysroot/usr/include/c++/v1/vector:325:
C/C++: In file included from /home/user/Android/ndk/27.0.12077973/toolchains/llvm/prebuilt/linux-x86_64/sysroot/usr/include/c++/v1/__format/formatter_bool.h:20:
C/C++: In file included from /home/user/Android/ndk/27.0.12077973/toolchains/llvm/prebuilt/linux-x86_64/sysroot/usr/include/c++/v1/__format/formatter_integral.h:35:
C/C++: /home/user/Android/ndk/27.0.12077973/toolchains/llvm/prebuilt/linux-x86_64/sysroot/usr/include/c++/v1/locale:3257:1: warning: 'wstring_convert<std::codecvt_utf8_utf16<wchar_t>>' is deprecated [-Wdeprecated-declarations]
C/C++:  3257 | wstring_convert<_Codecvt, _Elem, _WideAlloc, _ByteAlloc>::to_bytes(const _Elem* __frm, const _Elem* __frm_end) {
C/C++:       | ^
C/C++: /home/user/Android/ndk/27.0.12077973/toolchains/llvm/prebuilt/linux-x86_64/sysroot/usr/include/c++/v1/locale:3161:12: note: in instantiation of member function 'std::wstring_convert<std::codecvt_utf8_utf16<wchar_t>>::to_bytes' requested here
C/C++:  3161 |     return to_bytes(__wstr.data(), __wstr.data() + __wstr.size());
C/C++:       |            ^
C/C++: /home/user/Doubao/chats/38441059405347074/Operit-1.12.1/app/src/main/cpp/.cxx/operit_deps/sherpa_ncnn-c61e50d61e9fbed5972afa4d95bc560e168affe2-src/sherpa-ncnn/csrc/text-utils.cc:679:20: note: in instantiation of member function 'std::wstring_convert<std::codecvt_utf8_utf16<wchar_t>>::to_bytes' requested here
C/C++:   679 |   return converter.to_bytes(s);
C/C++:       |                    ^
C/C++: /home/user/Android/ndk/27.0.12077973/toolchains/llvm/prebuilt/linux-x86_64/sysroot/usr/include/c++/v1/locale:3114:28: note: 'wstring_convert<std::codecvt_utf8_utf16<wchar_t>>' has been explicitly marked deprecated here
C/C++:  3114 | class _LIBCPP_TEMPLATE_VIS _LIBCPP_DEPRECATED_IN_CXX17 wstring_convert {
C/C++:       |                            ^
C/C++: /home/user/Android/ndk/27.0.12077973/toolchains/llvm/prebuilt/linux-x86_64/sysroot/usr/include/c++/v1/__config:942:41: note: expanded from macro '_LIBCPP_DEPRECATED_IN_CXX17'
C/C++:   942 | #    define _LIBCPP_DEPRECATED_IN_CXX17 _LIBCPP_DEPRECATED
C/C++:       |                                         ^
C/C++: /home/user/Android/ndk/27.0.12077973/toolchains/llvm/prebuilt/linux-x86_64/sysroot/usr/include/c++/v1/__config:915:49: note: expanded from macro '_LIBCPP_DEPRECATED'
C/C++:   915 | #      define _LIBCPP_DEPRECATED __attribute__((__deprecated__))
C/C++:       |                                                 ^
C/C++: 5 warnings generated.
C/C++: /home/user/Doubao/chats/38441059405347074/Operit-1.12.1/app/src/main/cpp/.cxx/operit_deps/sherpa_ncnn-c61e50d61e9fbed5972afa4d95bc560e168affe2-src/sherpa-ncnn/jni/jni.cc:396:8: warning: 'istrstream' is deprecated [-Wdeprecated-declarations]
C/C++:   396 |   std::istrstream is(buffer.data(), asset_length);
C/C++:       |        ^
C/C++: /home/user/Android/ndk/27.0.12077973/toolchains/llvm/prebuilt/linux-x86_64/sysroot/usr/include/c++/v1/strstream:229:7: note: 'istrstream' has been explicitly marked deprecated here
C/C++:   229 | class _LIBCPP_DEPRECATED _LIBCPP_EXPORTED_FROM_ABI istrstream : public istream {
C/C++:       |       ^
C/C++: /home/user/Android/ndk/27.0.12077973/toolchains/llvm/prebuilt/linux-x86_64/sysroot/usr/include/c++/v1/__config:915:49: note: expanded from macro '_LIBCPP_DEPRECATED'
C/C++:   915 | #      define _LIBCPP_DEPRECATED __attribute__((__deprecated__))
C/C++:       |                                                 ^
C/C++: 1 warning generated.
C/C++: /home/user/Doubao/chats/38441059405347074/Operit-1.12.1/app/src/main/cpp/.cxx/operit_deps/sherpa_ncnn-c61e50d61e9fbed5972afa4d95bc560e168affe2-src/sherpa-ncnn/jni/wave-reader.cc:74:8: warning: 'istrstream' is deprecated [-Wdeprecated-declarations]
C/C++:    74 |   std::istrstream is(buffer.data(), buffer.size());
C/C++:       |        ^
C/C++: /home/user/Android/ndk/27.0.12077973/toolchains/llvm/prebuilt/linux-x86_64/sysroot/usr/include/c++/v1/strstream:229:7: note: 'istrstream' has been explicitly marked deprecated here
C/C++:   229 | class _LIBCPP_DEPRECATED _LIBCPP_EXPORTED_FROM_ABI istrstream : public istream {
C/C++:       |       ^
C/C++: /home/user/Android/ndk/27.0.12077973/toolchains/llvm/prebuilt/linux-x86_64/sysroot/usr/include/c++/v1/__config:915:49: note: expanded from macro '_LIBCPP_DEPRECATED'
C/C++:   915 | #      define _LIBCPP_DEPRECATED __attribute__((__deprecated__))
C/C++:       |                                                 ^
C/C++: 1 warning generated.

> Task :app:preReleaseBuild
> Task :app:mergeReleaseJniLibFolders
> Task :mmd:preBuild UP-TO-DATE
> Task :mmd:preReleaseBuild UP-TO-DATE
> Task :mmd:configureCMakeRelWithDebInfo[arm64-v8a]
> Task :mmd:buildCMakeRelWithDebInfo[arm64-v8a]
> Task :mmd:mergeReleaseJniLibFolders
> Task :mmd:mergeReleaseNativeLibs
> Task :mmd:copyReleaseJniLibsProjectOnly
> Task :mnn:preBuild UP-TO-DATE
> Task :mnn:preReleaseBuild UP-TO-DATE
> Task :mnn:configureCMakeRelWithDebInfo[arm64-v8a]
> Task :mnn:buildCMakeRelWithDebInfo[arm64-v8a]
> Task :llama:mergeReleaseJniLibFolders
> Task :llama:mergeReleaseNativeLibs
> Task :llama:copyReleaseJniLibsProjectOnly
> Task :quickjs:preBuild UP-TO-DATE
> Task :quickjs:preReleaseBuild UP-TO-DATE
> Task :quickjs:configureCMakeRelWithDebInfo[arm64-v8a]

> Task :quickjs:buildCMakeRelWithDebInfo[arm64-v8a]
C/C++: ninja: Entering directory `/home/user/Doubao/chats/38441059405347074/Operit-1.12.1/quickjs/.cxx/RelWithDebInfo/z3y5e382/arm64-v8a'
C/C++: /home/user/Doubao/chats/38441059405347074/Operit-1.12.1/quickjs/src/main/cpp/.cxx/operit_deps/quickjs-04be246001599f5995fa2f2d8c91a0f198d3f34c-src/quickjs.c:2674:16: warning: unused variable 'rt' [-Wunused-variable]
C/C++:  2674 |     JSRuntime *rt = ctx->rt;
C/C++:       |                ^~
C/C++: /home/user/Doubao/chats/38441059405347074/Operit-1.12.1/quickjs/src/main/cpp/.cxx/operit_deps/quickjs-04be246001599f5995fa2f2d8c91a0f198d3f34c-src/quickjs.c:2681:16: warning: unused variable 'rt' [-Wunused-variable]
C/C++:  2681 |     JSRuntime *rt = ctx->rt;
C/C++:       |                ^~
C/C++: /home/user/Doubao/chats/38441059405347074/Operit-1.12.1/quickjs/src/main/cpp/.cxx/operit_deps/quickjs-04be246001599f5995fa2f2d8c91a0f198d3f34c-src/quickjs.c:8573:10: warning: variable 'atom1_is_integer' set but not used [-Wunused-but-set-variable]
C/C++:  8573 |     BOOL atom1_is_integer, atom2_is_integer;
C/C++:       |          ^
C/C++: /home/user/Doubao/chats/38441059405347074/Operit-1.12.1/quickjs/src/main/cpp/.cxx/operit_deps/quickjs-04be246001599f5995fa2f2d8c91a0f198d3f34c-src/quickjs.c:8573:28: warning: variable 'atom2_is_integer' set but not used [-Wunused-but-set-variable]
C/C++:  8573 |     BOOL atom1_is_integer, atom2_is_integer;
C/C++:       |                            ^
C/C++: /home/user/Doubao/chats/38441059405347074/Operit-1.12.1/quickjs/src/main/cpp/.cxx/operit_deps/quickjs-04be246001599f5995fa2f2d8c91a0f198d3f34c-src/quickjs.c:37347:9: warning: unused variable 'eval_type' [-Wunused-variable]
C/C++:  37347 |     int eval_type = eval_flags & JS_EVAL_TYPE_MASK;
C/C++:        |         ^~~~~~~~~
C/C++: /home/user/Doubao/chats/38441059405347074/Operit-1.12.1/quickjs/src/main/cpp/.cxx/operit_deps/quickjs-04be246001599f5995fa2f2d8c91a0f198d3f34c-src/quickjs.c:43129:43: warning: variable 'last' set but not used [-Wunused-but-set-variable]
C/C++:  43129 |     JSValue arr, obj, ret, *arrp, *pval, *last;
C/C++:        |                                           ^
C/C++: 6 warnings generated.

> Task :quickjs:mergeReleaseJniLibFolders
> Task :quickjs:mergeReleaseNativeLibs
> Task :quickjs:copyReleaseJniLibsProjectOnly
> Task :showerclient:preBuild UP-TO-DATE
> Task :showerclient:preReleaseBuild UP-TO-DATE
> Task :showerclient:mergeReleaseJniLibFolders
> Task :showerclient:mergeReleaseNativeLibs NO-SOURCE
> Task :showerclient:copyReleaseJniLibsProjectOnly
> Task :terminal:preBuild UP-TO-DATE
> Task :terminal:preReleaseBuild UP-TO-DATE
> Task :terminal:configureCMakeRelWithDebInfo[arm64-v8a]
> Task :terminal:buildCMakeRelWithDebInfo[arm64-v8a]
> Task :terminal:mergeReleaseJniLibFolders
> Task :terminal:mergeReleaseNativeLibs
> Task :terminal:copyReleaseJniLibsProjectOnly
> Task :dragonbones:prepareReleaseArtProfile
> Task :fbx:prepareReleaseArtProfile UP-TO-DATE
> Task :llama:prepareReleaseArtProfile
> Task :mmd:prepareReleaseArtProfile
> Task :quickjs:prepareReleaseArtProfile
> Task :showerclient:prepareReleaseArtProfile UP-TO-DATE
> Task :terminal:prepareReleaseArtProfile UP-TO-DATE
> Task :dragonbones:checkKotlinGradlePluginConfigurationErrors SKIPPED
> Task :dragonbones:generateReleaseResValues FROM-CACHE
> Task :dragonbones:generateReleaseResources FROM-CACHE
> Task :dragonbones:packageReleaseResources
> Task :dragonbones:processReleaseNavigationResources FROM-CACHE
> Task :dragonbones:parseReleaseLocalResources FROM-CACHE
> Task :dragonbones:generateReleaseRFile
> Task :dragonbones:compileReleaseKotlin
> Task :dragonbones:javaPreCompileRelease FROM-CACHE
> Task :dragonbones:compileReleaseJavaWithJavac NO-SOURCE
> Task :dragonbones:bundleLibRuntimeToDirRelease
> Task :terminal:compileReleaseAidl FROM-CACHE
> Task :terminal:checkKotlinGradlePluginConfigurationErrors SKIPPED
> Task :terminal:generateReleaseResValues FROM-CACHE
> Task :terminal:generateReleaseResources FROM-CACHE
> Task :terminal:packageReleaseResources FROM-CACHE
> Task :terminal:processReleaseNavigationResources FROM-CACHE
> Task :terminal:parseReleaseLocalResources FROM-CACHE
> Task :terminal:generateReleaseRFile FROM-CACHE
> Task :terminal:compileReleaseKotlin
w: file:///home/user/Doubao/chats/38441059405347074/Operit-1.12.1/terminal/src/main/java/com/ai/assistance/operit/terminal/ui/SettingsScreen.kt:133:44 'val Icons.Filled.ArrowBack: ImageVector' is deprecated. Use the AutoMirrored version at Icons.AutoMirrored.Filled.ArrowBack.
w: file:///home/user/Doubao/chats/38441059405347074/Operit-1.12.1/terminal/src/main/java/com/ai/assistance/operit/terminal/view/canvas/CanvasTerminalView.kt:461:51 'field scaledDensity: Float' is deprecated. Deprecated in Java.
w: file:///home/user/Doubao/chats/38441059405347074/Operit-1.12.1/terminal/src/main/java/com/ai/assistance/operit/terminal/view/canvas/CanvasTerminalView.kt:1275:96 'val id: Long' is deprecated. Deprecated in Java.
w: file:///home/user/Doubao/chats/38441059405347074/Operit-1.12.1/terminal/src/main/java/com/ai/assistance/operit/terminal/view/canvas/CanvasTerminalView.kt:2239:88 'static fun obtain(p0: Int): AccessibilityEvent!' is deprecated. Deprecated in Java.
w: file:///home/user/Doubao/chats/38441059405347074/Operit-1.12.1/terminal/src/main/java/com/ai/assistance/operit/terminal/view/canvas/TerminalAccessibilityDelegate.kt:97:46 'static fun obtain(p0: View!): AccessibilityNodeInfo!' is deprecated. Deprecated in Java.
w: file:///home/user/Doubao/chats/38441059405347074/Operit-1.12.1/terminal/src/main/java/com/ai/assistance/operit/terminal/view/canvas/TerminalAccessibilityDelegate.kt:146:46 'static fun obtain(p0: View!, p1: Int): AccessibilityNodeInfo!' is deprecated. Deprecated in Java.
w: file:///home/user/Doubao/chats/38441059405347074/Operit-1.12.1/terminal/src/main/java/com/ai/assistance/operit/terminal/view/canvas/TerminalAccessibilityDelegate.kt:161:18 'fun setBoundsInParent(p0: Rect!): Unit' is deprecated. Deprecated in Java.
w: file:///home/user/Doubao/chats/38441059405347074/Operit-1.12.1/terminal/src/main/java/com/ai/assistance/operit/terminal/view/canvas/TerminalAccessibilityDelegate.kt:169:18 'fun addAction(p0: Int): Unit' is deprecated. Deprecated in Java.
w: file:///home/user/Doubao/chats/38441059405347074/Operit-1.12.1/terminal/src/main/java/com/ai/assistance/operit/terminal/view/canvas/TerminalAccessibilityDelegate.kt:170:18 'fun addAction(p0: Int): Unit' is deprecated. Deprecated in Java.
w: file:///home/user/Doubao/chats/38441059405347074/Operit-1.12.1/terminal/src/main/java/com/ai/assistance/operit/terminal/view/canvas/TerminalAccessibilityDelegate.kt:182:42 'static fun obtain(p0: View!, p1: Int): AccessibilityNodeInfo!' is deprecated. Deprecated in Java.
w: file:///home/user/Doubao/chats/38441059405347074/Operit-1.12.1/terminal/src/main/java/com/ai/assistance/operit/terminal/view/canvas/TerminalAccessibilityDelegate.kt:195:17 'fun setBoundsInParent(p0: Rect!): Unit' is deprecated. Deprecated in Java.
w: file:///home/user/Doubao/chats/38441059405347074/Operit-1.12.1/terminal/src/main/java/com/ai/assistance/operit/terminal/view/canvas/TerminalAccessibilityDelegate.kt:204:17 'fun addAction(p0: Int): Unit' is deprecated. Deprecated in Java.
w: file:///home/user/Doubao/chats/38441059405347074/Operit-1.12.1/terminal/src/main/java/com/ai/assistance/operit/terminal/view/canvas/TerminalAccessibilityDelegate.kt:205:17 'fun addAction(p0: Int): Unit' is deprecated. Deprecated in Java.
w: file:///home/user/Doubao/chats/38441059405347074/Operit-1.12.1/terminal/src/main/java/com/ai/assistance/operit/terminal/view/canvas/TerminalAccessibilityDelegate.kt:206:17 'fun addAction(p0: Int): Unit' is deprecated. Deprecated in Java.
w: file:///home/user/Doubao/chats/38441059405347074/Operit-1.12.1/terminal/src/main/java/com/ai/assistance/operit/terminal/view/canvas/TerminalAccessibilityDelegate.kt:223:42 'static fun obtain(p0: View!, p1: Int): AccessibilityNodeInfo!' is deprecated. Deprecated in Java.
w: file:///home/user/Doubao/chats/38441059405347074/Operit-1.12.1/terminal/src/main/java/com/ai/assistance/operit/terminal/view/canvas/TerminalAccessibilityDelegate.kt:232:17 'fun setBoundsInParent(p0: Rect!): Unit' is deprecated. Deprecated in Java.
w: file:///home/user/Doubao/chats/38441059405347074/Operit-1.12.1/terminal/src/main/java/com/ai/assistance/operit/terminal/view/canvas/TerminalAccessibilityDelegate.kt:240:17 'fun addAction(p0: Int): Unit' is deprecated. Deprecated in Java.
w: file:///home/user/Doubao/chats/38441059405347074/Operit-1.12.1/terminal/src/main/java/com/ai/assistance/operit/terminal/view/canvas/TerminalAccessibilityDelegate.kt:241:17 'fun addAction(p0: Int): Unit' is deprecated. Deprecated in Java.
w: file:///home/user/Doubao/chats/38441059405347074/Operit-1.12.1/terminal/src/main/java/com/ai/assistance/operit/terminal/view/canvas/TerminalAccessibilityDelegate.kt:242:17 'fun addAction(p0: Int): Unit' is deprecated. Deprecated in Java.
w: file:///home/user/Doubao/chats/38441059405347074/Operit-1.12.1/terminal/src/main/java/com/ai/assistance/operit/terminal/view/canvas/TerminalAccessibilityDelegate.kt:253:42 'static fun obtain(p0: View!, p1: Int): AccessibilityNodeInfo!' is deprecated. Deprecated in Java.
w: file:///home/user/Doubao/chats/38441059405347074/Operit-1.12.1/terminal/src/main/java/com/ai/assistance/operit/terminal/view/canvas/TerminalAccessibilityDelegate.kt:258:17 'fun setBoundsInParent(p0: Rect!): Unit' is deprecated. Deprecated in Java.
w: file:///home/user/Doubao/chats/38441059405347074/Operit-1.12.1/terminal/src/main/java/com/ai/assistance/operit/terminal/view/canvas/TerminalAccessibilityDelegate.kt:266:17 'fun addAction(p0: Int): Unit' is deprecated. Deprecated in Java.
w: file:///home/user/Doubao/chats/38441059405347074/Operit-1.12.1/terminal/src/main/java/com/ai/assistance/operit/terminal/view/canvas/TerminalAccessibilityDelegate.kt:267:17 'fun addAction(p0: Int): Unit' is deprecated. Deprecated in Java.
w: file:///home/user/Doubao/chats/38441059405347074/Operit-1.12.1/terminal/src/main/java/com/ai/assistance/operit/terminal/view/canvas/TerminalAccessibilityDelegate.kt:268:17 'fun addAction(p0: Int): Unit' is deprecated. Deprecated in Java.
w: file:///home/user/Doubao/chats/38441059405347074/Operit-1.12.1/terminal/src/main/java/com/ai/assistance/operit/terminal/view/canvas/TerminalAccessibilityDelegate.kt:384:44 'static fun obtain(p0: Int): AccessibilityEvent!' is deprecated. Deprecated in Java.

> Task :terminal:javaPreCompileRelease FROM-CACHE
> Task :terminal:compileReleaseJavaWithJavac
> Task :terminal:bundleLibRuntimeToDirRelease
> Task :llama:checkKotlinGradlePluginConfigurationErrors SKIPPED
> Task :llama:generateReleaseResValues FROM-CACHE
> Task :llama:generateReleaseResources FROM-CACHE
> Task :llama:packageReleaseResources
> Task :llama:processReleaseNavigationResources FROM-CACHE
> Task :llama:parseReleaseLocalResources FROM-CACHE
> Task :llama:generateReleaseRFile
> Task :llama:compileReleaseKotlin
> Task :llama:javaPreCompileRelease FROM-CACHE
> Task :llama:compileReleaseJavaWithJavac NO-SOURCE
> Task :llama:bundleLibRuntimeToDirRelease
> Task :mmd:checkKotlinGradlePluginConfigurationErrors SKIPPED
> Task :mmd:generateReleaseResValues FROM-CACHE
> Task :mmd:generateReleaseResources FROM-CACHE
> Task :mmd:packageReleaseResources
> Task :mmd:processReleaseNavigationResources FROM-CACHE
> Task :mmd:parseReleaseLocalResources FROM-CACHE
> Task :mmd:generateReleaseRFile
> Task :mmd:compileReleaseKotlin
> Task :mmd:javaPreCompileRelease FROM-CACHE
> Task :mmd:compileReleaseJavaWithJavac NO-SOURCE
> Task :mmd:bundleLibRuntimeToDirRelease
> Task :fbx:checkKotlinGradlePluginConfigurationErrors SKIPPED
> Task :fbx:generateReleaseResValues FROM-CACHE
> Task :fbx:generateReleaseResources FROM-CACHE
> Task :fbx:packageReleaseResources FROM-CACHE
> Task :fbx:processReleaseNavigationResources FROM-CACHE
> Task :fbx:parseReleaseLocalResources FROM-CACHE
> Task :fbx:generateReleaseRFile FROM-CACHE
> Task :fbx:compileReleaseKotlin FROM-CACHE
> Task :fbx:javaPreCompileRelease FROM-CACHE
> Task :fbx:compileReleaseJavaWithJavac NO-SOURCE
> Task :fbx:bundleLibRuntimeToDirRelease
> Task :showerclient:compileReleaseAidl NO-SOURCE
> Task :showerclient:checkKotlinGradlePluginConfigurationErrors SKIPPED
> Task :showerclient:generateReleaseResValues FROM-CACHE
> Task :showerclient:generateReleaseResources FROM-CACHE
> Task :showerclient:packageReleaseResources FROM-CACHE
> Task :showerclient:processReleaseNavigationResources FROM-CACHE
> Task :showerclient:parseReleaseLocalResources FROM-CACHE
> Task :showerclient:generateReleaseRFile FROM-CACHE
> Task :showerclient:compileReleaseKotlin FROM-CACHE
> Task :showerclient:javaPreCompileRelease FROM-CACHE
> Task :showerclient:compileReleaseJavaWithJavac FROM-CACHE
> Task :showerclient:bundleLibRuntimeToDirRelease
> Task :quickjs:checkKotlinGradlePluginConfigurationErrors SKIPPED
> Task :quickjs:generateReleaseResValues FROM-CACHE
> Task :quickjs:generateReleaseResources FROM-CACHE
> Task :quickjs:packageReleaseResources
> Task :quickjs:processReleaseNavigationResources FROM-CACHE
> Task :quickjs:parseReleaseLocalResources FROM-CACHE
> Task :quickjs:generateReleaseRFile
> Task :quickjs:compileReleaseKotlin
> Task :quickjs:javaPreCompileRelease FROM-CACHE
> Task :quickjs:compileReleaseJavaWithJavac NO-SOURCE
> Task :quickjs:bundleLibRuntimeToDirRelease

> Task :mnn:buildCMakeRelWithDebInfo[arm64-v8a]
C/C++: ninja: Entering directory `/home/user/Doubao/chats/38441059405347074/Operit-1.12.1/llm/mnn/.cxx/RelWithDebInfo/5j2o2b6w/arm64-v8a'
C/C++: /home/user/Doubao/chats/38441059405347074/Operit-1.12.1/llm/mnn/.cxx/operit_deps/mnn-abb40b8507cfdc7ae21bc22167766e1939360ee7-src/source/backend/cpu/CPUDequantize.cpp:109:81: warning: implicit conversion from 'type' (aka 'int') to 'float' changes value from 2147483647 to 2147483648 [-Wimplicit-const-int-float-conversion]
C/C++:   109 |                 : std::max(minRange / std::numeric_limits<T>::min(), maxRange / std::numeric_limits<T>::max());
C/C++:       |                                                                               ~ ^~~~~~~~~~~~~~~~~~~~~~~~~~~~~
C/C++: /home/user/Doubao/chats/38441059405347074/Operit-1.12.1/llm/mnn/.cxx/operit_deps/mnn-abb40b8507cfdc7ae21bc22167766e1939360ee7-src/source/backend/cpu/CPUDequantize.cpp:33:19: note: in instantiation of member function 'MNN::CPUDequantize<int>::onExecute' requested here
C/C++:    33 | CPUDequantize<T>::CPUDequantize(Backend* backend, QuantizeMode mode, const Op* op) :  Execution(backend), mMode(mode) {
C/C++:       |                   ^
C/C++: /home/user/Doubao/chats/38441059405347074/Operit-1.12.1/llm/mnn/.cxx/operit_deps/mnn-abb40b8507cfdc7ae21bc22167766e1939360ee7-src/source/backend/cpu/CPUDequantize.cpp:132:28: note: in instantiation of member function 'MNN::CPUDequantize<int>::CPUDequantize' requested here
C/C++:   132 |                 return new CPUDequantize<int32_t>(backend, dequantize->mode(), op);
C/C++:       |                            ^
C/C++: 1 warning generated.

> Task :app:checkReleaseDuplicateClasses

> Task :mnn:buildCMakeRelWithDebInfo[arm64-v8a]
C/C++: /home/user/Doubao/chats/38441059405347074/Operit-1.12.1/llm/mnn/.cxx/operit_deps/mnn-abb40b8507cfdc7ae21bc22167766e1939360ee7-src/source/backend/cpu/CPURuntime.cpp:1152:9: warning: array designators are a C99 extension [-Wc99-designator]
C/C++:  1152 |         [cpuinfo_android_chipset_property_proc_cpuinfo_hardware] =
C/C++:       |         ^~~~~~~~~~~~~~~~~~~~~~~~~~~~~~~~~~~~~~~~~~~~~~~~~~~~~~~~
C/C++: 1 warning generated.
C/C++: /home/user/Doubao/chats/38441059405347074/Operit-1.12.1/llm/mnn/.cxx/operit_deps/mnn-abb40b8507cfdc7ae21bc22167766e1939360ee7-src/transformers/llm/engine/tools/generateLlmIO.cpp:49:45: warning: implicit conversion from 'int' to 'float' changes value from 2147483647 to 2147483648 [-Wimplicit-const-int-float-conversion]
C/C++:    49 |         inputIdxData[i] = (float)(rand()) / RAND_MAX;
C/C++:       |                                           ~ ^~~~~~~~
C/C++: /home/user/Android/ndk/27.0.12077973/toolchains/llvm/prebuilt/linux-x86_64/sysroot/usr/include/stdlib.h:132:18: note: expanded from macro 'RAND_MAX'
C/C++:   132 | #define RAND_MAX 0x7fffffff
C/C++:       |                  ^~~~~~~~~~
C/C++: /home/user/Doubao/chats/38441059405347074/Operit-1.12.1/llm/mnn/.cxx/operit_deps/mnn-abb40b8507cfdc7ae21bc22167766e1939360ee7-src/transformers/llm/engine/tools/generateLlmIO.cpp:80:48: warning: implicit conversion from 'int' to 'float' changes value from 2147483647 to 2147483648 [-Wimplicit-const-int-float-conversion]
C/C++:    80 |         inputEmbedsData[i] = (float)(rand()) / RAND_MAX;
C/C++:       |                                              ~ ^~~~~~~~
C/C++: /home/user/Android/ndk/27.0.12077973/toolchains/llvm/prebuilt/linux-x86_64/sysroot/usr/include/stdlib.h:132:18: note: expanded from macro 'RAND_MAX'
C/C++:   132 | #define RAND_MAX 0x7fffffff
C/C++:       |                  ^~~~~~~~~~
C/C++: 2 warnings generated.
C/C++: /home/user/Doubao/chats/38441059405347074/Operit-1.12.1/llm/mnn/.cxx/operit_deps/mnn-abb40b8507cfdc7ae21bc22167766e1939360ee7-src/transformers/llm/engine/tools/ppl_eval.cpp:86:16: warning: format specifies type 'int' but the argument has type 'size_t' (aka 'unsigned long') [-Wformat]
C/C++:    86 |     FUNC_PRINT(contextLength);
C/C++:       |     ~~~~~~~~~~~^~~~~~~~~~~~~~
C/C++: /home/user/Doubao/chats/38441059405347074/Operit-1.12.1/llm/mnn/.cxx/operit_deps/mnn-abb40b8507cfdc7ae21bc22167766e1939360ee7-src/include/MNN/MNNDefine.h:55:56: note: expanded from macro 'FUNC_PRINT'
C/C++:    55 | #define FUNC_PRINT(x) MNN_PRINT(#x "=%d in %s, %d \n", x, __func__, __LINE__);
C/C++:       |                                      ~~                ^
C/C++: /home/user/Doubao/chats/38441059405347074/Operit-1.12.1/llm/mnn/.cxx/operit_deps/mnn-abb40b8507cfdc7ae21bc22167766e1939360ee7-src/include/MNN/MNNDefine.h:30:90: note: expanded from macro 'MNN_PRINT'
C/C++:    30 | #define MNN_PRINT(format, ...) __android_log_print(ANDROID_LOG_INFO, "MNNJNI", format, ##__VA_ARGS__)
C/C++:       |                                                                                ~~~~~~    ^~~~~~~~~~~
C/C++: /home/user/Doubao/chats/38441059405347074/Operit-1.12.1/llm/mnn/.cxx/operit_deps/mnn-abb40b8507cfdc7ae21bc22167766e1939360ee7-src/transformers/llm/engine/tools/ppl_eval.cpp:87:16: warning: format specifies type 'int' but the argument has type 'size_t' (aka 'unsigned long') [-Wformat]
C/C++:    87 |     FUNC_PRINT(stride);
C/C++:       |     ~~~~~~~~~~~^~~~~~~
C/C++: /home/user/Doubao/chats/38441059405347074/Operit-1.12.1/llm/mnn/.cxx/operit_deps/mnn-abb40b8507cfdc7ae21bc22167766e1939360ee7-src/include/MNN/MNNDefine.h:55:56: note: expanded from macro 'FUNC_PRINT'
C/C++:    55 | #define FUNC_PRINT(x) MNN_PRINT(#x "=%d in %s, %d \n", x, __func__, __LINE__);
C/C++:       |                                      ~~                ^
C/C++: /home/user/Doubao/chats/38441059405347074/Operit-1.12.1/llm/mnn/.cxx/operit_deps/mnn-abb40b8507cfdc7ae21bc22167766e1939360ee7-src/include/MNN/MNNDefine.h:30:90: note: expanded from macro 'MNN_PRINT'
C/C++:    30 | #define MNN_PRINT(format, ...) __android_log_print(ANDROID_LOG_INFO, "MNNJNI", format, ##__VA_ARGS__)
C/C++:       |                                                                                ~~~~~~    ^~~~~~~~~~~
C/C++: 2 warnings generated.

> Task :app:buildKotlinToolingMetadata

> Task :mnn:buildCMakeRelWithDebInfo[arm64-v8a]
C/C++: /home/user/Doubao/chats/38441059405347074/Operit-1.12.1/llm/mnn/.cxx/operit_deps/mnn-abb40b8507cfdc7ae21bc22167766e1939360ee7-src/source/backend/opencl/core/MmapPool.cpp:137:48: warning: format specifies type 'int' but the argument has type 'size_t' (aka 'unsigned long') [-Wformat]
C/C++:   137 |             MNN_ERROR("map buffer %d error\n", node->size);
C/C++:       |                                   ~~           ^~~~~~~~~~
C/C++:       |                                   %zu
C/C++: /home/user/Doubao/chats/38441059405347074/Operit-1.12.1/llm/mnn/.cxx/operit_deps/mnn-abb40b8507cfdc7ae21bc22167766e1939360ee7-src/include/MNN/MNNDefine.h:29:91: note: expanded from macro 'MNN_ERROR'
C/C++:    29 | #define MNN_ERROR(format, ...) __android_log_print(ANDROID_LOG_ERROR, "MNNJNI", format, ##__VA_ARGS__)
C/C++:       |                                                                                 ~~~~~~    ^~~~~~~~~~~
C/C++: /home/user/Doubao/chats/38441059405347074/Operit-1.12.1/llm/mnn/.cxx/operit_deps/mnn-abb40b8507cfdc7ae21bc22167766e1939360ee7-src/source/backend/opencl/core/MmapPool.cpp:176:60: warning: format specifies type 'int' but the argument has type 'size_t' (aka 'unsigned long') [-Wformat]
C/C++:   176 |         MNN_ERROR("Alloc Image %d x %d error, code:%d \n", w, h, ret);
C/C++:       |                                ~~                          ^
C/C++:       |                                %zu
C/C++: /home/user/Doubao/chats/38441059405347074/Operit-1.12.1/llm/mnn/.cxx/operit_deps/mnn-abb40b8507cfdc7ae21bc22167766e1939360ee7-src/include/MNN/MNNDefine.h:29:91: note: expanded from macro 'MNN_ERROR'
C/C++:    29 | #define MNN_ERROR(format, ...) __android_log_print(ANDROID_LOG_ERROR, "MNNJNI", format, ##__VA_ARGS__)
C/C++:       |                                                                                 ~~~~~~    ^~~~~~~~~~~
C/C++: /home/user/Doubao/chats/38441059405347074/Operit-1.12.1/llm/mnn/.cxx/operit_deps/mnn-abb40b8507cfdc7ae21bc22167766e1939360ee7-src/source/backend/opencl/core/MmapPool.cpp:176:63: warning: format specifies type 'int' but the argument has type 'size_t' (aka 'unsigned long') [-Wformat]
C/C++:   176 |         MNN_ERROR("Alloc Image %d x %d error, code:%d \n", w, h, ret);
C/C++:       |                                     ~~                        ^
C/C++:       |                                     %zu
C/C++: /home/user/Doubao/chats/38441059405347074/Operit-1.12.1/llm/mnn/.cxx/operit_deps/mnn-abb40b8507cfdc7ae21bc22167766e1939360ee7-src/include/MNN/MNNDefine.h:29:91: note: expanded from macro 'MNN_ERROR'
C/C++:    29 | #define MNN_ERROR(format, ...) __android_log_print(ANDROID_LOG_ERROR, "MNNJNI", format, ##__VA_ARGS__)
C/C++:       |                                                                                 ~~~~~~    ^~~~~~~~~~~
C/C++: /home/user/Doubao/chats/38441059405347074/Operit-1.12.1/llm/mnn/.cxx/operit_deps/mnn-abb40b8507cfdc7ae21bc22167766e1939360ee7-src/source/backend/opencl/core/MmapPool.cpp:181:48: warning: format specifies type 'int' but the argument has type 'size_t' (aka 'unsigned long') [-Wformat]
C/C++:   181 |         MNN_ERROR("map Image %d x %d error\n", w, h);
C/C++:       |                              ~~                ^
C/C++:       |                              %zu
C/C++: /home/user/Doubao/chats/38441059405347074/Operit-1.12.1/llm/mnn/.cxx/operit_deps/mnn-abb40b8507cfdc7ae21bc22167766e1939360ee7-src/include/MNN/MNNDefine.h:29:91: note: expanded from macro 'MNN_ERROR'
C/C++:    29 | #define MNN_ERROR(format, ...) __android_log_print(ANDROID_LOG_ERROR, "MNNJNI", format, ##__VA_ARGS__)
C/C++:       |                                                                                 ~~~~~~    ^~~~~~~~~~~
C/C++: /home/user/Doubao/chats/38441059405347074/Operit-1.12.1/llm/mnn/.cxx/operit_deps/mnn-abb40b8507cfdc7ae21bc22167766e1939360ee7-src/source/backend/opencl/core/MmapPool.cpp:181:51: warning: format specifies type 'int' but the argument has type 'size_t' (aka 'unsigned long') [-Wformat]
C/C++:   181 |         MNN_ERROR("map Image %d x %d error\n", w, h);
C/C++:       |                                   ~~              ^
C/C++:       |                                   %zu
C/C++: /home/user/Doubao/chats/38441059405347074/Operit-1.12.1/llm/mnn/.cxx/operit_deps/mnn-abb40b8507cfdc7ae21bc22167766e1939360ee7-src/include/MNN/MNNDefine.h:29:91: note: expanded from macro 'MNN_ERROR'
C/C++:    29 | #define MNN_ERROR(format, ...) __android_log_print(ANDROID_LOG_ERROR, "MNNJNI", format, ##__VA_ARGS__)
C/C++:       |                                                                                 ~~~~~~    ^~~~~~~~~~~
C/C++: /home/user/Doubao/chats/38441059405347074/Operit-1.12.1/llm/mnn/.cxx/operit_deps/mnn-abb40b8507cfdc7ae21bc22167766e1939360ee7-src/source/backend/opencl/core/MmapPool.cpp:275:52: warning: format specifies type 'int' but the argument has type 'size_t' (aka 'unsigned long') [-Wformat]
C/C++:   275 |                 MNN_ERROR("map buffer %d error\n", node->size);
C/C++:       |                                       ~~           ^~~~~~~~~~
C/C++:       |                                       %zu
C/C++: /home/user/Doubao/chats/38441059405347074/Operit-1.12.1/llm/mnn/.cxx/operit_deps/mnn-abb40b8507cfdc7ae21bc22167766e1939360ee7-src/include/MNN/MNNDefine.h:29:91: note: expanded from macro 'MNN_ERROR'
C/C++:    29 | #define MNN_ERROR(format, ...) __android_log_print(ANDROID_LOG_ERROR, "MNNJNI", format, ##__VA_ARGS__)
C/C++:       |                                                                                 ~~~~~~    ^~~~~~~~~~~
C/C++: 6 warnings generated.
C/C++: /home/user/Doubao/chats/38441059405347074/Operit-1.12.1/llm/mnn/.cxx/operit_deps/mnn-abb40b8507cfdc7ae21bc22167766e1939360ee7-src/source/backend/opencl/core/OpenCLBackend.cpp:250:80: warning: format specifies type 'int' but the argument has type 'size_t' (aka 'unsigned long') [-Wformat]
C/C++:   250 |                     MNN_ERROR("Invalid file size %d, now need file size %d\n", oldMmapSize, mmapSize);
C/C++:       |                                                  ~~                            ^~~~~~~~~~~
C/C++:       |                                                  %zu
C/C++: /home/user/Doubao/chats/38441059405347074/Operit-1.12.1/llm/mnn/.cxx/operit_deps/mnn-abb40b8507cfdc7ae21bc22167766e1939360ee7-src/include/MNN/MNNDefine.h:29:91: note: expanded from macro 'MNN_ERROR'
C/C++:    29 | #define MNN_ERROR(format, ...) __android_log_print(ANDROID_LOG_ERROR, "MNNJNI", format, ##__VA_ARGS__)
C/C++:       |                                                                                 ~~~~~~    ^~~~~~~~~~~
C/C++: /home/user/Doubao/chats/38441059405347074/Operit-1.12.1/llm/mnn/.cxx/operit_deps/mnn-abb40b8507cfdc7ae21bc22167766e1939360ee7-src/source/backend/opencl/core/OpenCLBackend.cpp:250:93: warning: format specifies type 'int' but the argument has type 'size_t' (aka 'unsigned long') [-Wformat]
C/C++:   250 |                     MNN_ERROR("Invalid file size %d, now need file size %d\n", oldMmapSize, mmapSize);
C/C++:       |                                                                         ~~                  ^~~~~~~~
C/C++:       |                                                                         %zu
C/C++: /home/user/Doubao/chats/38441059405347074/Operit-1.12.1/llm/mnn/.cxx/operit_deps/mnn-abb40b8507cfdc7ae21bc22167766e1939360ee7-src/include/MNN/MNNDefine.h:29:91: note: expanded from macro 'MNN_ERROR'
C/C++:    29 | #define MNN_ERROR(format, ...) __android_log_print(ANDROID_LOG_ERROR, "MNNJNI", format, ##__VA_ARGS__)
C/C++:       |                                                                                 ~~~~~~    ^~~~~~~~~~~
C/C++: /home/user/Doubao/chats/38441059405347074/Operit-1.12.1/llm/mnn/.cxx/operit_deps/mnn-abb40b8507cfdc7ae21bc22167766e1939360ee7-src/source/backend/opencl/core/OpenCLBackend.cpp:536:88: warning: format specifies type 'size_t' (aka 'unsigned long') but the argument has type 'float' [-Wformat]
C/C++:   536 |                 MNN_ERROR("OpenCL alloc buffer failed (DYNAMIC_SEPERATE), size=%zu\n", size * typeSize);
C/C++:       |                                                                                ~~~     ^~~~~~~~~~~~~~~
C/C++:       |                                                                                %f
C/C++: /home/user/Doubao/chats/38441059405347074/Operit-1.12.1/llm/mnn/.cxx/operit_deps/mnn-abb40b8507cfdc7ae21bc22167766e1939360ee7-src/include/MNN/MNNDefine.h:29:91: note: expanded from macro 'MNN_ERROR'
C/C++:    29 | #define MNN_ERROR(format, ...) __android_log_print(ANDROID_LOG_ERROR, "MNNJNI", format, ##__VA_ARGS__)
C/C++:       |                                                                                 ~~~~~~    ^~~~~~~~~~~
C/C++: /home/user/Doubao/chats/38441059405347074/Operit-1.12.1/llm/mnn/.cxx/operit_deps/mnn-abb40b8507cfdc7ae21bc22167766e1939360ee7-src/source/backend/opencl/core/OpenCLBackend.cpp:545:79: warning: format specifies type 'size_t' (aka 'unsigned long') but the argument has type 'float' [-Wformat]
C/C++:   545 |                 MNN_ERROR("OpenCL alloc buffer failed (DYNAMIC), size=%zu\n", size * typeSize);
C/C++:       |                                                                       ~~~     ^~~~~~~~~~~~~~~
C/C++:       |                                                                       %f
C/C++: /home/user/Doubao/chats/38441059405347074/Operit-1.12.1/llm/mnn/.cxx/operit_deps/mnn-abb40b8507cfdc7ae21bc22167766e1939360ee7-src/include/MNN/MNNDefine.h:29:91: note: expanded from macro 'MNN_ERROR'
C/C++:    29 | #define MNN_ERROR(format, ...) __android_log_print(ANDROID_LOG_ERROR, "MNNJNI", format, ##__VA_ARGS__)
C/C++:       |                                                                                 ~~~~~~    ^~~~~~~~~~~
C/C++: /home/user/Doubao/chats/38441059405347074/Operit-1.12.1/llm/mnn/.cxx/operit_deps/mnn-abb40b8507cfdc7ae21bc22167766e1939360ee7-src/source/backend/opencl/core/OpenCLBackend.cpp:554:74: warning: format specifies type 'size_t' (aka 'unsigned long') but the argument has type 'float' [-Wformat]
C/C++:   554 |                 MNN_ERROR("OpenCL alloc exec buffer failed, size=%zu\n", size * typeSize);
C/C++:       |                                                                  ~~~     ^~~~~~~~~~~~~~~
C/C++:       |                                                                  %f
C/C++: /home/user/Doubao/chats/38441059405347074/Operit-1.12.1/llm/mnn/.cxx/operit_deps/mnn-abb40b8507cfdc7ae21bc22167766e1939360ee7-src/include/MNN/MNNDefine.h:29:91: note: expanded from macro 'MNN_ERROR'
C/C++:    29 | #define MNN_ERROR(format, ...) __android_log_print(ANDROID_LOG_ERROR, "MNNJNI", format, ##__VA_ARGS__)
C/C++:       |                                                                                 ~~~~~~    ^~~~~~~~~~~
C/C++: /home/user/Doubao/chats/38441059405347074/Operit-1.12.1/llm/mnn/.cxx/operit_deps/mnn-abb40b8507cfdc7ae21bc22167766e1939360ee7-src/source/backend/opencl/core/OpenCLBackend.cpp:567:92: warning: format specifies type 'size_t' (aka 'unsigned long') but the argument has type 'float' [-Wformat]
C/C++:   567 |             MNN_ERROR("OpenCL mmap alloc failed, falling back to buffer pool, size=%zu\n", size * typeSize);
C/C++:       |                                                                                    ~~~     ^~~~~~~~~~~~~~~
C/C++:       |                                                                                    %f
C/C++: /home/user/Doubao/chats/38441059405347074/Operit-1.12.1/llm/mnn/.cxx/operit_deps/mnn-abb40b8507cfdc7ae21bc22167766e1939360ee7-src/include/MNN/MNNDefine.h:29:91: note: expanded from macro 'MNN_ERROR'
C/C++:    29 | #define MNN_ERROR(format, ...) __android_log_print(ANDROID_LOG_ERROR, "MNNJNI", format, ##__VA_ARGS__)
C/C++:       |                                                                                 ~~~~~~    ^~~~~~~~~~~
C/C++: /home/user/Doubao/chats/38441059405347074/Operit-1.12.1/llm/mnn/.cxx/operit_deps/mnn-abb40b8507cfdc7ae21bc22167766e1939360ee7-src/source/backend/opencl/core/OpenCLBackend.cpp:572:78: warning: format specifies type 'size_t' (aka 'unsigned long') but the argument has type 'float' [-Wformat]
C/C++:   572 |                 MNN_ERROR("OpenCL alloc buffer failed (STATIC), size=%zu\n", size * typeSize);
C/C++:       |                                                                      ~~~     ^~~~~~~~~~~~~~~
C/C++:       |                                                                      %f
C/C++: /home/user/Doubao/chats/38441059405347074/Operit-1.12.1/llm/mnn/.cxx/operit_deps/mnn-abb40b8507cfdc7ae21bc22167766e1939360ee7-src/include/MNN/MNNDefine.h:29:91: note: expanded from macro 'MNN_ERROR'
C/C++:    29 | #define MNN_ERROR(format, ...) __android_log_print(ANDROID_LOG_ERROR, "MNNJNI", format, ##__VA_ARGS__)
C/C++:       |                                                                                 ~~~~~~    ^~~~~~~~~~~
C/C++: 7 warnings generated.

> Task :app:compileReleaseAidl
> Task :app:checkKotlinGradlePluginConfigurationErrors SKIPPED
> Task :app:generateReleaseBuildConfig
> Task :dragonbones:writeReleaseAarMetadata
> Task :fbx:writeReleaseAarMetadata
> Task :llama:writeReleaseAarMetadata
> Task :mmd:writeReleaseAarMetadata
> Task :quickjs:writeReleaseAarMetadata
> Task :showerclient:writeReleaseAarMetadata
> Task :terminal:writeReleaseAarMetadata
> Task :app:generateReleaseResValues FROM-CACHE
> Task :app:generateReleaseResources
> Task :app:packageReleaseResources
> Task :app:createReleaseCompatibleScreenManifests
> Task :app:extractDeepLinksRelease
> Task :dragonbones:extractDeepLinksRelease FROM-CACHE
> Task :dragonbones:processReleaseManifest
> Task :fbx:extractDeepLinksRelease FROM-CACHE
> Task :fbx:processReleaseManifest FROM-CACHE
> Task :llama:extractDeepLinksRelease FROM-CACHE
> Task :llama:processReleaseManifest
> Task :mmd:extractDeepLinksRelease FROM-CACHE
> Task :mmd:processReleaseManifest
> Task :quickjs:extractDeepLinksRelease FROM-CACHE

> Task :quickjs:processReleaseManifest
package="com.ai.assistance.quickjs" found in source AndroidManifest.xml: /home/user/Doubao/chats/38441059405347074/Operit-1.12.1/quickjs/src/main/AndroidManifest.xml.
Setting the namespace via the package attribute in the source AndroidManifest.xml is no longer supported, and the value is ignored.
Recommendation: remove package="com.ai.assistance.quickjs" from the source AndroidManifest.xml: /home/user/Doubao/chats/38441059405347074/Operit-1.12.1/quickjs/src/main/AndroidManifest.xml.

> Task :showerclient:extractDeepLinksRelease FROM-CACHE
> Task :showerclient:processReleaseManifest FROM-CACHE
> Task :terminal:extractDeepLinksRelease FROM-CACHE
> Task :terminal:processReleaseManifest FROM-CACHE
> Task :dragonbones:compileReleaseLibraryResources FROM-CACHE
> Task :fbx:compileReleaseLibraryResources FROM-CACHE
> Task :llama:compileReleaseLibraryResources FROM-CACHE
> Task :mmd:compileReleaseLibraryResources FROM-CACHE
> Task :quickjs:compileReleaseLibraryResources FROM-CACHE
> Task :showerclient:compileReleaseLibraryResources FROM-CACHE
> Task :terminal:compileReleaseLibraryResources FROM-CACHE
> Task :dragonbones:bundleLibCompileToJarRelease
> Task :fbx:bundleLibCompileToJarRelease
> Task :llama:bundleLibCompileToJarRelease
> Task :mmd:bundleLibCompileToJarRelease
> Task :quickjs:bundleLibCompileToJarRelease
> Task :showerclient:bundleLibCompileToJarRelease
> Task :terminal:bundleLibCompileToJarRelease
> Task :app:javaPreCompileRelease
> Task :dragonbones:bundleLibRuntimeToJarRelease
> Task :fbx:bundleLibRuntimeToJarRelease
> Task :llama:bundleLibRuntimeToJarRelease
> Task :mmd:bundleLibRuntimeToJarRelease
> Task :quickjs:bundleLibRuntimeToJarRelease
> Task :showerclient:bundleLibRuntimeToJarRelease
> Task :terminal:bundleLibRuntimeToJarRelease
> Task :app:desugarReleaseFileDependencies
> Task :app:mergeReleaseStartupProfile
> Task :app:mergeExtDexRelease
